date,readiness_score,temp_deviation,temp_trend,sleep_score,sleep_deep_sleep,sleep_efficiency,sleep_latency,sleep_rem_sleep,sleep_restfulness,sleep_timing,sleep_total_sleep,activity_score,stress_high,recovery_high,hrv_hr_mean,hrv_hr_std,hrv_hr_min,hrv_hr_max,hrv_hr_range,hrv_hr_cv,hr_daytime_mean,hr_daytime_max,hr_daytime_min,hr_daytime_std,hr_spike_count,temp_max,temp_min,temp_mean,humidity,pressure,wind_speed,precipitation,readiness_score_3d_avg,readiness_score_7d_avg,readiness_score_change,readiness_score_change_3d,readiness_score_deviation,temp_deviation_3d_avg,temp_deviation_7d_avg,temp_deviation_change,temp_deviation_change_3d,temp_deviation_deviation,temp_trend_3d_avg,temp_trend_7d_avg,temp_trend_change,temp_trend_change_3d,temp_trend_deviation,sleep_score_3d_avg,sleep_score_7d_avg,sleep_score_change,sleep_score_change_3d,sleep_score_deviation,sleep_deep_sleep_3d_avg,sleep_deep_sleep_7d_avg,sleep_deep_sleep_change,sleep_deep_sleep_change_3d,sleep_deep_sleep_deviation,sleep_efficiency_3d_avg,sleep_efficiency_7d_avg,sleep_efficiency_change,sleep_efficiency_change_3d,sleep_efficiency_deviation,sleep_latency_3d_avg,sleep_latency_7d_avg,sleep_latency_change,sleep_latency_change_3d,sleep_latency_deviation,sleep_rem_sleep_3d_avg,sleep_rem_sleep_7d_avg,sleep_rem_sleep_change,sleep_rem_sleep_change_3d,sleep_rem_sleep_deviation,sleep_restfulness_3d_avg,sleep_restfulness_7d_avg,sleep_restfulness_change,sleep_restfulness_change_3d,sleep_restfulness_deviation,sleep_timing_3d_avg,sleep_timing_7d_avg,sleep_timing_change,sleep_timing_change_3d,sleep_timing_deviation,sleep_total_sleep_3d_avg,sleep_total_sleep_7d_avg,sleep_total_sleep_change,sleep_total_sleep_change_3d,sleep_total_sleep_deviation,activity_score_3d_avg,activity_score_7d_avg,activity_score_change,activity_score_change_3d,activity_score_deviation,stress_high_3d_avg,stress_high_7d_avg,stress_high_change,stress_high_change_3d,stress_high_deviation,recovery_high_3d_avg,recovery_high_7d_avg,recovery_high_change,recovery_high_change_3d,recovery_high_deviation,hrv_hr_mean_3d_avg,hrv_hr_mean_7d_avg,hrv_hr_mean_change,hrv_hr_mean_change_3d,hrv_hr_mean_deviation,hrv_hr_std_3d_avg,hrv_hr_std_7d_avg,hrv_hr_std_change,hrv_hr_std_change_3d,hrv_hr_std_deviation,hrv_hr_min_3d_avg,hrv_hr_min_7d_avg,hrv_hr_min_change,hrv_hr_min_change_3d,hrv_hr_min_deviation,hrv_hr_max_3d_avg,hrv_hr_max_7d_avg,hrv_hr_max_change,hrv_hr_max_change_3d,hrv_hr_max_deviation,hrv_hr_range_3d_avg,hrv_hr_range_7d_avg,hrv_hr_range_change,hrv_hr_range_change_3d,hrv_hr_range_deviation,hrv_hr_cv_3d_avg,hrv_hr_cv_7d_avg,hrv_hr_cv_change,hrv_hr_cv_change_3d,hrv_hr_cv_deviation,hr_daytime_mean_3d_avg,hr_daytime_mean_7d_avg,hr_daytime_mean_change,hr_daytime_mean_change_3d,hr_daytime_mean_deviation,hr_daytime_max_3d_avg,hr_daytime_max_7d_avg,hr_daytime_max_change,hr_daytime_max_change_3d,hr_daytime_max_deviation,hr_daytime_min_3d_avg,hr_daytime_min_7d_avg,hr_daytime_min_change,hr_daytime_min_change_3d,hr_daytime_min_deviation,hr_daytime_std_3d_avg,hr_daytime_std_7d_avg,hr_daytime_std_change,hr_daytime_std_change_3d,hr_daytime_std_deviation,hr_spike_count_3d_avg,hr_spike_count_7d_avg,hr_spike_count_change,hr_spike_count_change_3d,hr_spike_count_deviation,temp_max_3d_avg,temp_max_7d_avg,temp_max_change,temp_max_change_3d,temp_max_deviation,temp_min_3d_avg,temp_min_7d_avg,temp_min_change,temp_min_change_3d,temp_min_deviation,temp_mean_3d_avg,temp_mean_7d_avg,temp_mean_change,temp_mean_change_3d,temp_mean_deviation,humidity_3d_avg,humidity_7d_avg,humidity_change,humidity_change_3d,humidity_deviation,pressure_3d_avg,pressure_7d_avg,pressure_change,pressure_change_3d,pressure_deviation,wind_speed_3d_avg,wind_speed_7d_avg,wind_speed_change,wind_speed_change_3d,wind_speed_deviation,precipitation_3d_avg,precipitation_7d_avg,precipitation_change,precipitation_change_3d,precipitation_deviation,pressure_drop_24h,pressure_drop_48h,pressure_rapid_change,temp_swing_24h,temp_swing_48h,day_of_week,month,season,cardio_rate_gap_flag,cardio_spike_flag,low_hrv_flag,thermal_load_flag,thermal_spike_flag,recovery_gap_flag,slow_recovery_flag,stress_load_flag,weather_instability_flag,likely_risk_day,anomaly_score,is_anomaly
2025-10-02,80,-0.08,0.0,79,96,86,94,95,80,29,78,79.0,5400,900,,,,,,,,,,,,20.9,10.2,15.6,71,1029.1,9.5,0.0,80.0,80.0,,,1.0,-0.08,-0.08,,,-0.10503401360544218,0.0,0.0,,,-0.0720890410958904,79.0,79.0,,,3.2891156462585087,96.0,96.0,,,24.17006802721089,86.0,86.0,,,1.9863945578231323,94.0,94.0,,,15.676870748299322,95.0,95.0,,,9.370748299319729,80.0,80.0,,,4.234693877551024,29.0,29.0,,,-32.914965986394556,78.0,78.0,,,3.2789115646258438,79.0,79.0,,,-7.53496503496504,5400.0,5400.0,,,456.12244897959226,900.0,900.0,,,-2638.7755102040815,,,,,,,,,,,,,,,,,,,,,,,,,,,,,,,,,,,,,,,,,,,,,,,,,,,,,,,,20.9,20.9,,,4.178231292517005,10.2,10.2,,,3.163265306122449,15.6,15.6,,,3.9425170068027207,71.0,71.0,,,5.323129251700678,1029.1,1029.1,,,11.558843537414987,9.5,9.5,,,-7.730272108843536,0.0,0.0,,,-2.8619047619047615,,,False,,,3,10,4,False,False,False,False,False,False,False,True,False,0,-0.39986583981134033,0
2025-10-03,92,0.01,0.11,81,77,88,94,87,68,24,97,86.0,0,900,,,,,,,,,,,,21.2,9.8,15.5,73,1028.1,6.1,0.0,86.0,86.0,12.0,,13.0,-0.035,-0.035,0.09,,-0.015034013605442176,0.055,0.055,0.11,,0.0379109589041096,80.0,80.0,2.0,,5.289115646258509,86.5,86.5,-19.0,,5.170068027210888,87.0,87.0,2.0,,3.9863945578231323,94.0,94.0,0.0,,15.676870748299322,91.0,91.0,-8.0,,1.3707482993197289,74.0,74.0,-12.0,,-7.765306122448976,26.5,26.5,-5.0,,-37.914965986394556,87.5,87.5,19.0,,22.278911564625844,82.5,82.5,7.0,,-0.5349650349650403,2700.0,2700.0,-5400.0,,-4943.877551020408,900.0,900.0,0.0,,-2638.7755102040815,,,,,,,,,,,,,,,,,,,,,,,,,,,,,,,,,,,,,,,,,,,,,,,,,,,,,,,,21.049999999999997,21.049999999999997,0.3000000000000007,,4.478231292517005,10.0,10.0,-0.3999999999999986,,2.7632653061224506,15.55,15.55,-0.09999999999999964,,3.842517006802721,72.0,72.0,2.0,,7.323129251700678,1028.6,1028.6,-1.0,,10.558843537414987,7.8,7.8,-3.4000000000000004,,-11.130272108843537,0.0,0.0,0.0,,-2.8619047619047615,1.0,,False,0.09999999999999964,,4,10,4,False,False,False,False,False,False,False,False,False,0,-0.42093392094876825,0
2025-10-04,87,0.18,0.12,79,50,93,97,98,82,19,89,90.0,900,4500,,,,,,,,,,,,24.6,10.1,17.0,72,1024.2,7.1,0.0,86.33333333333333,86.33333333333333,-5.0,,8.0,0.03666666666666666,0.03666666666666666,0.16999999999999998,,0.15496598639455783,0.07666666666666666,0.07666666666666666,0.009999999999999995,,0.047910958904109596,79.66666666666667,79.66666666666667,-2.0,,3.2891156462585087,74.33333333333333,74.33333333333333,-27.0,,-21.82993197278911,89.0,89.0,5.0,,8.986394557823132,95.0,95.0,3.0,,18.676870748299322,93.33333333333333,93.33333333333333,11.0,,12.370748299319729,76.66666666666667,76.66666666666667,14.0,,6.234693877551024,24.0,24.0,-5.0,,-42.914965986394556,88.0,88.0,-8.0,,14.278911564625844,85.0,85.0,4.0,,3.4650349650349597,2100.0,2100.0,900.0,,-4043.8775510204077,2100.0,2100.0,3600.0,,961.2244897959185,,,,,,,,,,,,,,,,,,,,,,,,,,,,,,,,,,,,,,,,,,,,,,,,,,,,,,,,22.233333333333334,22.233333333333334,3.400000000000002,,7.8782312925170075,10.033333333333333,10.033333333333333,0.29999999999999893,,3.0632653061224495,16.033333333333335,16.033333333333335,1.5,,5.342517006802721,72.0,72.0,-1.0,,6.323129251700678,1027.1333333333332,1027.1333333333332,-3.8999999999998636,,6.658843537415123,7.566666666666666,7.566666666666666,1.0,,-10.130272108843537,0.0,0.0,0.0,,-2.8619047619047615,3.8999999999998636,4.899999999999864,False,1.5,1.4000000000000004,5,10,4,False,False,False,False,False,False,False,True,False,0,-0.406217549607428,0
2025-10-05,90,-0.32,-0.09,85,91,90,89,97,81,39,92,89.0,3600,12600,,,,,,,,,,,,26.2,11.4,18.4,72,1025.4,7.3,0.0,89.66666666666667,87.25,3.0,10.0,11.0,-0.043333333333333335,-0.052500000000000005,-0.5,-0.24,-0.34503401360544217,0.04666666666666667,0.035,-0.21,-0.09,-0.1620890410958904,81.66666666666667,81.0,6.0,6.0,9.289115646258509,72.66666666666667,78.5,41.0,-5.0,19.17006802721089,90.33333333333333,89.25,-3.0,4.0,5.986394557823132,93.33333333333333,93.5,-8.0,-5.0,10.676870748299322,94.0,94.25,-1.0,2.0,11.370748299319729,77.0,77.75,-1.0,1.0,5.234693877551024,27.333333333333332,27.75,20.0,10.0,-22.914965986394556,92.66666666666667,89.0,3.0,14.0,17.278911564625844,88.33333333333333,86.0,-1.0,10.0,2.4650349650349597,1500.0,2475.0,2700.0,-1800.0,-1343.8775510204077,6000.0,4725.0,8100.0,11700.0,9061.224489795919,,,,,,,,,,,,,,,,,,,,,,,,,,,,,,,,,,,,,,,,,,,,,,,,,,,,,,,,24.0,23.225,1.5999999999999979,5.300000000000001,9.478231292517005,10.433333333333334,10.375,1.3000000000000007,1.200000000000001,4.36326530612245,16.966666666666665,16.625,1.3999999999999986,2.799999999999999,6.74251700680272,72.33333333333333,72.0,0.0,1.0,6.323129251700678,1025.8999999999999,1026.7,1.2000000000000455,-3.699999999999818,7.858843537415169,6.833333333333333,7.5,0.20000000000000018,-2.2,-9.930272108843536,0.0,0.0,0.0,0.0,-2.8619047619047615,-1.2000000000000455,2.699999999999818,False,1.3999999999999986,2.8999999999999986,6,10,4,False,False,False,False,False,False,False,True,False,0,-0.41192638926586883,0
2025-10-06,91,-0.53,-0.11,77,84,100,83,82,88,22,75,90.0,1800,8100,,,,,,,,,,,,27.9,13.3,20.1,72,1024.6,11.2,0.0,89.33333333333333,88.0,1.0,-1.0,12.0,-0.22333333333333336,-0.148,-0.21000000000000002,-0.54,-0.5550340136054422,-0.02666666666666667,0.006,-0.020000000000000004,-0.22,-0.1820890410958904,80.33333333333333,80.2,-8.0,-4.0,1.2891156462585087,75.0,79.6,-7.0,7.0,12.170068027210888,94.33333333333333,91.4,10.0,12.0,15.986394557823132,89.66666666666667,91.4,-6.0,-11.0,4.676870748299322,92.33333333333333,91.8,-15.0,-5.0,-3.629251700680271,83.66666666666667,79.8,7.0,20.0,12.234693877551024,26.666666666666668,26.6,-17.0,-2.0,-39.914965986394556,85.33333333333333,86.2,-17.0,-22.0,0.27891156462584377,89.66666666666667,86.8,1.0,4.0,3.4650349650349597,2100.0,2340.0,-1800.0,1800.0,-3143.8775510204077,8400.0,5400.0,-4500.0,7200.0,4561.224489795919,,,,,,,,,,,,,,,,,,,,,,,,,,,,,,,,,,,,,,,,,,,,,,,,,,,,,,,,26.23333333333333,24.16,1.6999999999999993,6.699999999999999,11.178231292517005,11.6,10.959999999999999,1.9000000000000004,3.5,6.263265306122451,18.5,17.32,1.7000000000000028,4.600000000000001,8.442517006802722,72.0,72.0,0.0,-1.0,6.323129251700678,1024.7333333333333,1026.28,-0.8000000000001819,-3.5,7.058843537414987,8.533333333333333,8.24,3.8999999999999995,5.1,-6.030272108843537,0.0,0.0,0.0,0.0,-2.8619047619047615,0.8000000000001819,-0.3999999999998636,False,1.7000000000000028,3.1000000000000014,0,10,4,False,False,False,False,False,False,False,True,False,0,-0.41598792388051514,0
2025-10-07,88,-0.07,0.04,70,77,81,81,81,80,36,65,94.0,13500,2700,,,,,,,,,,,,26.6,15.6,21.2,72,1020.1,23.2,2.7,89.66666666666667,88.0,-3.0,1.0,9.0,-0.3066666666666667,-0.135,0.46,-0.25,-0.09503401360544218,-0.05333333333333334,0.011666666666666667,0.15,-0.07999999999999999,-0.0320890410958904,77.33333333333333,78.5,-7.0,-9.0,-5.710884353741491,84.0,79.16666666666667,-7.0,27.0,5.170068027210888,90.33333333333333,89.66666666666667,-19.0,-12.0,-3.0136054421768677,84.33333333333333,89.66666666666667,-2.0,-16.0,2.676870748299322,86.66666666666667,90.0,-1.0,-17.0,-4.629251700680271,83.0,79.83333333333333,-8.0,-2.0,4.234693877551024,32.333333333333336,28.166666666666668,14.0,17.0,-25.914965986394556,77.33333333333333,82.66666666666667,-10.0,-24.0,-9.721088435374156,91.0,88.0,4.0,4.0,7.46503496503496,6300.0,4200.0,11700.0,12600.0,8556.122448979593,7800.0,4950.0,-5400.0,-1800.0,-838.7755102040815,,,,,,,,,,,,,,,,,,,,,,,,,,,,,,,,,,,,,,,,,,,,,,,,,,,,,,,,26.900000000000002,24.566666666666666,-1.2999999999999972,2.0,9.878231292517007,13.433333333333332,11.733333333333334,2.299999999999999,5.5,8.56326530612245,19.900000000000002,17.966666666666665,1.0999999999999979,4.199999999999999,9.54251700680272,72.0,72.0,0.0,0.0,6.323129251700678,1023.3666666666668,1025.25,-4.499999999999886,-4.100000000000023,2.5588435374151004,13.899999999999999,10.733333333333334,12.0,16.1,5.969727891156463,0.9,0.45,2.7,2.7,-0.16190476190476133,4.499999999999886,5.300000000000068,False,1.0999999999999979,2.8000000000000007,1,10,4,False,False,False,False,False,False,False,True,False,0,-0.4137285606095963,0
2025-10-08,81,0.08,-0.14,76,68,81,81,76,78,51,83,,13500,900,,,,,,,,,,,,22.1,13.9,19.2,74,1018.2,22.4,2.9,86.66666666666667,87.0,-7.0,-9.0,2.0,-0.17333333333333334,-0.10428571428571429,0.15000000000000002,0.4,0.054965986394557825,-0.07,-0.01,-0.18000000000000002,-0.05000000000000002,-0.2120890410958904,74.33333333333333,78.14285714285714,6.0,-9.0,0.2891156462585087,76.33333333333333,77.57142857142857,-9.0,-23.0,-3.8299319727891117,87.33333333333333,88.42857142857143,0.0,-9.0,-3.0136054421768677,81.66666666666667,88.42857142857143,0.0,-8.0,2.676870748299322,79.66666666666667,88.0,-5.0,-21.0,-9.629251700680271,82.0,79.57142857142857,-2.0,-3.0,2.234693877551024,36.333333333333336,31.428571428571427,15.0,12.0,-10.914965986394556,74.33333333333333,82.71428571428571,18.0,-9.0,8.278911564625844,92.0,88.0,,,,9600.0,5528.571428571428,0.0,9900.0,8556.122448979593,3900.0,4371.428571428572,-1800.0,-11700.0,-2638.7755102040815,,,,,,,,,,,,,,,,,,,,,,,,,,,,,,,,,,,,,,,,,,,,,,,,,,,,,,,,25.53333333333333,24.214285714285715,-4.5,-4.099999999999998,5.3782312925170075,14.266666666666666,12.042857142857143,-1.6999999999999993,2.5,6.86326530612245,20.166666666666668,18.142857142857142,-2.0,0.8000000000000007,7.54251700680272,72.66666666666667,72.28571428571429,2.0,2.0,8.323129251700678,1020.9666666666667,1024.242857142857,-1.8999999999999773,-7.2000000000000455,0.6588435374151231,18.933333333333334,12.4,-0.8000000000000007,15.099999999999998,5.169727891156462,1.8666666666666665,0.7999999999999999,0.19999999999999973,2.9,0.038095238095238404,1.8999999999999773,6.399999999999864,False,2.0,0.9000000000000021,2,10,4,False,False,False,False,False,False,False,True,False,0,-0.40068343348372504,0
2025-10-09,81,0.03,-0.15,73,73,55,62,93,76,71,74,,12600,1800,,,,,,,,,,,,17.8,9.5,13.4,54,1029.4,13.9,0.0,83.33333333333333,87.14285714285714,0.0,-10.0,2.0,0.01333333333333333,-0.08857142857142856,-0.05,0.56,0.0049659863945578225,-0.08333333333333333,-0.03142857142857143,-0.009999999999999981,-0.039999999999999994,-0.2220890410958904,73.0,77.28571428571429,-3.0,-4.0,-2.7108843537414913,72.66666666666667,74.28571428571429,5.0,-11.0,1.1700680272108883,72.33333333333333,84.0,-26.0,-45.0,-29.013605442176868,74.66666666666667,83.85714285714286,-19.0,-21.0,-16.323129251700678,83.33333333333333,87.71428571428571,17.0,11.0,7.370748299319729,78.0,79.0,-2.0,-12.0,0.2346938775510239,52.666666666666664,37.42857142857143,20.0,49.0,9.085034013605444,74.0,82.14285714285714,-9.0,-1.0,-0.7210884353741562,94.0,89.8,,,,13200.0,6557.142857142857,-900.0,10800.0,7656.122448979592,1800.0,4500.0,900.0,-6300.0,-1738.7755102040815,,,,,,,,,,,,,,,,,,,,,,,,,,,,,,,,,,,,,,,,,,,,,,,,,,,,,,,,22.166666666666668,23.771428571428572,-4.300000000000001,-10.099999999999998,1.0782312925170068,13.0,11.942857142857141,-4.4,-3.8000000000000007,2.46326530612245,17.933333333333334,17.82857142857143,-5.799999999999999,-6.700000000000001,1.7425170068027214,66.66666666666667,69.85714285714286,-20.0,-18.0,-11.676870748299322,1022.5666666666667,1024.2857142857142,11.200000000000045,4.800000000000182,11.858843537415169,19.833333333333332,13.028571428571428,-8.499999999999998,2.700000000000001,-3.330272108843536,1.8666666666666665,0.7999999999999999,-2.9,0.0,-2.8619047619047615,-11.200000000000045,-9.300000000000068,True,5.799999999999999,7.799999999999999,3,10,4,False,False,False,False,False,False,False,True,False,0,-0.4147781439912075,0
2025-10-10,83,-0.18,-0.01,77,66,76,97,91,62,40,87,,2700,900,,,,,,,,,,,,17.7,8.7,12.9,66,1029.4,13.3,0.0,81.66666666666667,85.85714285714286,2.0,-5.0,4.0,-0.02333333333333333,-0.11571428571428573,-0.21,-0.10999999999999999,-0.20503401360544216,-0.09999999999999999,-0.04857142857142858,0.13999999999999999,-0.05,-0.0820890410958904,75.33333333333333,76.71428571428571,4.0,7.0,1.2891156462585087,69.0,72.71428571428571,-7.0,-11.0,-5.829931972789112,70.66666666666667,82.28571428571429,21.0,-5.0,-8.013605442176868,80.0,84.28571428571429,35.0,16.0,18.676870748299322,86.66666666666667,88.28571428571429,-2.0,10.0,5.370748299319729,72.0,78.14285714285714,-14.0,-18.0,-13.765306122448976,54.0,39.714285714285715,-31.0,4.0,-21.914965986394556,81.33333333333333,80.71428571428571,13.0,22.0,12.278911564625844,,90.75,,,,9600.0,6942.857142857143,-9900.0,-10800.0,-2243.8775510204077,1200.0,4500.0,-900.0,-1800.0,-2638.7755102040815,,,,,,,,,,,,,,,,,,,,,,,,,,,,,,,,,,,,,,,,,,,,,,,,,,,,,,,,19.2,23.271428571428572,-0.10000000000000142,-8.900000000000002,0.9782312925170054,10.699999999999998,11.785714285714286,-0.8000000000000007,-6.9,1.6632653061224492,15.166666666666666,17.45714285714286,-0.5,-8.299999999999999,1.2425170068027214,64.66666666666667,68.85714285714286,12.0,-6.0,0.32312925170067786,1025.6666666666667,1024.4714285714285,0.0,9.300000000000068,11.858843537415169,16.533333333333335,14.057142857142859,-0.5999999999999996,-9.899999999999999,-3.9302721088435355,0.9666666666666667,0.7999999999999999,0.0,-2.7,-2.8619047619047615,-0.0,-11.200000000000045,False,0.5,6.299999999999999,4,10,4,False,False,False,False,False,False,False,True,False,0,-0.38399853431029346,0
2025-10-11,80,-0.04,0.08,73,71,62,32,99,59,41,97,,4500,0,,,,,,,,,,,,20.9,9.7,14.8,81,1020.8,12.2,2.0,81.33333333333333,84.85714285714286,-3.0,-1.0,1.0,-0.06333333333333334,-0.14714285714285716,0.13999999999999999,-0.12,-0.06503401360544217,-0.026666666666666672,-0.054285714285714284,0.09,0.22000000000000003,0.007910958904109602,74.33333333333333,75.85714285714286,-4.0,-3.0,-2.7108843537414913,70.0,75.71428571428571,5.0,3.0,-0.8299319727891117,64.33333333333333,77.85714285714286,-14.0,-19.0,-22.013605442176868,63.666666666666664,75.0,-65.0,-49.0,-46.32312925170068,94.33333333333333,88.42857142857143,8.0,23.0,13.370748299319729,65.66666666666667,74.85714285714286,-3.0,-19.0,-16.765306122448976,50.666666666666664,42.857142857142854,1.0,-10.0,-20.914965986394556,86.0,81.85714285714286,10.0,14.0,22.278911564625844,,91.0,,,,6600.0,7457.142857142857,1800.0,-9000.0,-443.87755102040774,900.0,3857.1428571428573,-900.0,-900.0,-3538.7755102040815,,,,,,,,,,,,,,,,,,,,,,,,,,,,,,,,,,,,,,,,,,,,,,,,,,,,,,,,18.8,22.742857142857144,3.1999999999999993,-1.2000000000000028,4.178231292517005,9.299999999999999,11.72857142857143,1.0,-4.200000000000001,2.663265306122449,13.700000000000001,17.142857142857142,1.9000000000000004,-4.399999999999999,3.1425170068027217,67.0,70.14285714285714,15.0,7.0,15.323129251700678,1026.5333333333335,1023.9857142857144,-8.600000000000136,2.599999999999909,3.258843537415032,13.133333333333333,14.785714285714286,-1.1000000000000014,-10.2,-5.030272108843537,0.6666666666666666,1.0857142857142856,2.0,-0.8999999999999999,-0.8619047619047615,8.600000000000136,8.600000000000136,True,1.9000000000000004,1.4000000000000004,5,10,4,False,False,False,False,False,False,False,True,True,0,-0.3912568216570692,0
2025-10-12,82,-0.33,-0.09,75,81,86,81,88,73,17,82,94.0,2700,2700,,,,,,,,,,,,19.2,14.6,16.6,82,1014.1,23.8,1.6,81.66666666666667,83.71428571428571,2.0,1.0,3.0,-0.18333333333333335,-0.14857142857142858,-0.29000000000000004,-0.36,-0.3550340136054422,-0.006666666666666672,-0.054285714285714284,-0.16999999999999998,0.06,-0.1620890410958904,75.0,74.42857142857143,2.0,2.0,-0.7108843537414913,72.66666666666667,74.28571428571429,10.0,8.0,9.170068027210888,74.66666666666667,77.28571428571429,24.0,31.0,1.9863945578231323,70.0,73.85714285714286,49.0,19.0,2.676870748299322,92.66666666666667,87.14285714285714,-11.0,-5.0,2.370748299319729,64.66666666666667,73.71428571428571,14.0,-3.0,-2.765306122448976,32.666666666666664,39.714285714285715,-24.0,-54.0,-44.914965986394556,88.66666666666667,80.42857142857143,-15.0,8.0,7.278911564625844,94.0,92.66666666666667,,,7.46503496503496,3300.0,7328.571428571428,-1800.0,-9900.0,-2243.8775510204077,1200.0,2442.8571428571427,2700.0,900.0,-838.7755102040815,,,,,,,,,,,,,,,,,,,,,,,,,,,,,,,,,,,,,,,,,,,,,,,,,,,,,,,,19.266666666666666,21.74285714285714,-1.6999999999999993,1.3999999999999986,2.4782312925170054,11.0,12.185714285714285,4.9,5.1,7.5632653061224495,14.766666666666667,16.885714285714286,1.8000000000000007,3.200000000000001,4.942517006802722,76.33333333333333,71.57142857142857,1.0,28.0,16.323129251700678,1021.4333333333334,1022.3714285714285,-6.699999999999932,-15.300000000000068,-3.4411564625848996,16.433333333333334,17.142857142857142,11.600000000000001,9.9,6.5697278911564645,1.2,1.3142857142857143,-0.3999999999999999,1.6,-1.2619047619047614,6.699999999999932,15.300000000000068,True,1.8000000000000007,3.700000000000001,6,10,4,False,False,False,False,False,False,False,True,True,0,-0.4019387328798736,0
2025-10-13,81,-0.28,-0.13,73,70,81,97,67,88,48,67,97.0,4500,3600,,,,,,,,,,,,16.2,13.2,14.7,82,1013.4,25.9,3.2,81.0,82.28571428571429,-1.0,-2.0,2.0,-0.21666666666666667,-0.11285714285714285,0.04999999999999999,-0.10000000000000003,-0.3050340136054422,-0.04666666666666667,-0.05714285714285715,-0.04000000000000001,-0.12000000000000001,-0.2020890410958904,73.66666666666667,73.85714285714286,-2.0,-4.0,-2.7108843537414913,74.0,72.28571428571429,-11.0,4.0,-1.8299319727891117,76.33333333333333,74.57142857142857,-5.0,5.0,-3.0136054421768677,70.0,75.85714285714286,16.0,0.0,18.676870748299322,84.66666666666667,85.0,-21.0,-24.0,-18.62925170068027,73.33333333333333,73.71428571428571,15.0,26.0,12.234693877551024,35.333333333333336,43.42857142857143,31.0,8.0,-13.914965986394556,82.0,79.28571428571429,-15.0,-20.0,-7.721088435374156,95.5,95.0,3.0,,10.46503496503496,3900.0,7714.285714285715,1800.0,1800.0,-443.87755102040774,2100.0,1800.0,900.0,2700.0,61.224489795918544,,,,,,,,,,,,,,,,,,,,,,,,,,,,,,,,,,,,,,,,,,,,,,,,,,,,,,,,18.766666666666666,20.071428571428573,-3.0,-1.5,-0.5217687074829946,12.5,12.171428571428573,-1.4000000000000004,4.5,6.163265306122449,15.366666666666667,16.114285714285714,-1.9000000000000021,1.799999999999999,3.0425170068027203,81.66666666666667,73.0,0.0,16.0,16.323129251700678,1016.1,1020.7714285714286,-0.7000000000000455,-16.000000000000114,-4.141156462584945,20.633333333333333,19.24285714285714,2.099999999999998,12.599999999999998,8.669727891156462,2.266666666666667,1.7714285714285716,1.6,3.2,0.33809523809523867,0.7000000000000455,7.399999999999977,False,1.9000000000000021,0.10000000000000142,0,10,4,False,False,False,False,False,False,False,True,False,0,-0.3900980558908268,0
2025-10-14,83,-0.09,-0.06,73,77,69,72,96,74,40,75,88.0,9900,0,,,,,,,,,,,,18.6,12.7,15.2,80,1017.6,19.7,1.0,82.0,81.57142857142857,2.0,3.0,4.0,-0.2333333333333333,-0.1157142857142857,0.19000000000000003,-0.049999999999999996,-0.11503401360544217,-0.09333333333333334,-0.07142857142857142,0.07,-0.14,-0.1320890410958904,73.66666666666667,74.28571428571429,0.0,0.0,-2.7108843537414913,76.0,72.28571428571429,7.0,6.0,5.170068027210888,78.66666666666667,72.85714285714286,-12.0,7.0,-15.013605442176868,83.33333333333333,74.57142857142857,-25.0,40.0,-6.323129251700678,83.66666666666667,87.14285714285714,29.0,-3.0,10.370748299319729,78.33333333333333,72.85714285714286,-14.0,15.0,-1.7653061224489761,35.0,44.0,-8.0,-1.0,-21.914965986394556,74.66666666666667,80.71428571428571,8.0,-22.0,0.27891156462584377,93.0,93.0,-9.0,,1.4650349650349597,5700.0,7200.0,5400.0,5400.0,4956.122448979592,2100.0,1414.2857142857142,-3600.0,0.0,-3538.7755102040815,,,,,,,,,,,,,,,,,,,,,,,,,,,,,,,,,,,,,,,,,,,,,,,,,,,,,,,,18.0,18.928571428571427,2.400000000000002,-2.299999999999997,1.8782312925170075,13.5,11.757142857142856,-0.5,3.0,5.663265306122449,15.5,15.257142857142858,0.5,0.3999999999999986,3.5425170068027203,81.33333333333333,74.14285714285714,-2.0,-1.0,14.323129251700678,1015.0333333333333,1020.4142857142857,4.2000000000000455,-3.199999999999932,0.0588435374151004,23.133333333333336,18.742857142857144,-6.199999999999999,7.5,2.469727891156463,1.9333333333333336,1.5285714285714285,-2.2,-1.0,-1.8619047619047615,-4.2000000000000455,-3.5,False,0.5,1.4000000000000021,1,10,4,False,False,False,False,False,False,False,True,False,0,-0.39521865421296976,0
2025-10-15,80,-0.19,-0.2,66,52,72,86,72,57,63,66,82.0,9900,1800,,,,,,,,,,,,21.4,11.9,16.1,70,1017.0,14.0,0.0,81.33333333333333,81.42857142857143,-3.0,-2.0,1.0,-0.18666666666666668,-0.15428571428571428,-0.1,0.14,-0.21503401360544216,-0.13,-0.07999999999999999,-0.14,-0.11000000000000001,-0.2720890410958904,70.66666666666667,72.85714285714286,-7.0,-9.0,-9.710884353741491,66.33333333333333,70.0,-25.0,-29.0,-19.82993197278911,74.0,71.57142857142857,3.0,-14.0,-12.013605442176868,85.0,75.28571428571429,14.0,5.0,7.676870748299322,78.33333333333333,86.57142857142857,-24.0,-16.0,-13.629251700680271,73.0,69.85714285714286,-17.0,-16.0,-18.765306122448976,50.333333333333336,45.714285714285715,23.0,46.0,1.0850340136054442,69.33333333333333,78.28571428571429,-9.0,-16.0,-8.721088435374156,89.0,90.25,-6.0,-12.0,-4.53496503496504,8100.0,6685.714285714285,0.0,7200.0,4956.122448979592,1800.0,1542.857142857143,1800.0,-900.0,-1738.7755102040815,,,,,,,,,,,,,,,,,,,,,,,,,,,,,,,,,,,,,,,,,,,,,,,,,,,,,,,,18.73333333333333,18.82857142857143,2.799999999999997,2.1999999999999993,4.678231292517005,12.6,11.471428571428572,-0.7999999999999989,-2.6999999999999993,4.86326530612245,15.333333333333334,14.814285714285715,0.9000000000000021,-0.5,4.442517006802722,77.33333333333333,73.57142857142857,-10.0,-12.0,4.323129251700678,1016.0,1020.2428571428571,-0.6000000000000227,2.8999999999999773,-0.5411564625849223,19.866666666666664,17.54285714285714,-5.699999999999999,-9.8,-3.230272108843536,1.4000000000000004,1.1142857142857143,-1.0,-1.6,-2.8619047619047615,0.6000000000000227,-3.6000000000000227,False,0.9000000000000021,1.4000000000000021,2,10,4,False,False,False,False,False,False,False,True,False,0,-0.39022573866868526,0
2025-10-16,83,-0.17,-0.14,69,78,90,81,82,81,16,63,94.0,7200,0,,,,,,,,,,,,16.9,7.8,12.2,52,1017.4,18.0,0.0,82.0,81.71428571428571,3.0,2.0,4.0,-0.15,-0.18285714285714286,0.01999999999999999,0.11000000000000001,-0.1950340136054422,-0.13333333333333333,-0.07857142857142858,0.06,-0.010000000000000009,-0.2120890410958904,69.33333333333333,72.28571428571429,3.0,-4.0,-6.710884353741491,69.0,70.71428571428571,26.0,8.0,6.170068027210888,77.0,76.57142857142857,18.0,9.0,5.986394557823132,79.66666666666667,78.0,-5.0,-16.0,2.676870748299322,83.33333333333333,85.0,10.0,15.0,-3.629251700680271,70.66666666666667,70.57142857142857,24.0,-7.0,5.234693877551024,39.666666666666664,37.857142857142854,-47.0,-32.0,-45.914965986394556,68.0,76.71428571428571,-3.0,-4.0,-11.721088435374156,88.0,91.0,12.0,-3.0,7.46503496503496,9000.0,5914.285714285715,-2700.0,2700.0,2256.1224489795923,600.0,1285.7142857142858,-1800.0,-3600.0,-3538.7755102040815,,,,,,,,,,,,,,,,,,,,,,,,,,,,,,,,,,,,,,,,,,,,,,,,,,,,,,,,18.966666666666665,18.7,-4.5,0.6999999999999993,0.17823129251700465,10.799999999999999,11.228571428571428,-4.1000000000000005,-5.3999999999999995,0.7632653061224497,14.5,14.642857142857142,-3.900000000000002,-2.5,0.5425170068027203,67.33333333333333,73.28571428571429,-18.0,-30.0,-13.676870748299322,1017.3333333333334,1018.5285714285714,0.39999999999997726,4.0,-0.14115646258494507,17.233333333333334,18.128571428571426,4.0,-7.899999999999999,0.7697278911564638,0.3333333333333333,1.1142857142857143,0.0,-3.2,-2.8619047619047615,-0.39999999999997726,0.20000000000004547,False,3.900000000000002,3.0,3,10,4,False,False,False,False,False,True,False,True,False,0,-0.3929360131463607,0
2025-10-17,82,-0.07,-0.05,82,84,97,81,99,91,51,79,88.0,9000,2700,,,,,,,,,,,,17.9,6.0,11.6,53,1017.9,13.4,0.0,81.66666666666667,81.57142857142857,-1.0,-1.0,3.0,-0.14333333333333334,-0.16714285714285712,0.1,0.01999999999999999,-0.09503401360544218,-0.13,-0.08428571428571428,0.09000000000000001,0.009999999999999995,-0.1220890410958904,72.33333333333333,73.0,13.0,9.0,6.289115646258509,71.33333333333333,73.28571428571429,6.0,7.0,12.170068027210888,86.33333333333333,79.57142857142857,7.0,28.0,12.986394557823132,82.66666666666667,75.71428571428571,0.0,9.0,2.676870748299322,84.33333333333333,86.14285714285714,17.0,3.0,13.370748299319729,76.33333333333333,74.71428571428571,10.0,17.0,15.234693877551024,43.333333333333336,39.42857142857143,35.0,11.0,-10.914965986394556,69.33333333333333,75.57142857142857,16.0,4.0,4.278911564625844,88.0,90.5,-6.0,0.0,1.4650349650349597,8700.0,6814.285714285715,1800.0,-900.0,4056.1224489795923,1500.0,1542.857142857143,2700.0,2700.0,-838.7755102040815,,,,,,,,,,,,,,,,,,,,,,,,,,,,,,,,,,,,,,,,,,,,,,,,,,,,,,,,18.73333333333333,18.728571428571428,1.0,-0.7000000000000028,1.1782312925170046,8.566666666666666,10.842857142857142,-1.7999999999999998,-6.699999999999999,-1.0367346938775501,13.299999999999999,14.457142857142857,-0.5999999999999996,-3.5999999999999996,-0.05748299319727934,58.333333333333336,71.42857142857143,1.0,-27.0,-12.676870748299322,1017.4333333333334,1016.8857142857142,0.5,0.2999999999999545,0.3588435374150549,15.133333333333333,18.142857142857142,-4.6,-6.299999999999999,-3.830272108843536,0.0,1.1142857142857143,0.0,-1.0,-2.8619047619047615,-0.5,-0.8999999999999773,False,0.5999999999999996,4.500000000000002,4,10,4,False,False,False,False,False,False,False,True,False,0,-0.3821769367418865,0
2025-10-18,89,-0.01,-0.06,90,87,95,89,100,80,62,100,85.0,1800,900,,,,,,,,,,,,21.6,8.6,14.0,68,1016.3,10.9,0.0,84.66666666666667,82.85714285714286,7.0,9.0,10.0,-0.08333333333333333,-0.16285714285714284,0.060000000000000005,0.18,-0.03503401360544218,-0.08333333333333333,-0.10428571428571429,-0.009999999999999995,0.14,-0.1320890410958904,80.33333333333333,75.42857142857143,8.0,24.0,14.289115646258509,83.0,75.57142857142857,3.0,35.0,15.170068027210888,94.0,84.28571428571429,-2.0,23.0,10.986394557823132,83.66666666666667,83.85714285714286,8.0,3.0,10.676870748299322,93.66666666666667,86.28571428571429,1.0,28.0,14.370748299319729,84.0,77.71428571428571,-11.0,23.0,4.234693877551024,43.0,42.42857142857143,11.0,-1.0,0.08503401360544416,80.66666666666667,76.0,21.0,34.0,25.278911564625844,89.0,89.71428571428571,-3.0,3.0,-1.5349650349650403,6000.0,6428.571428571428,-7200.0,-8100.0,-3143.8775510204077,1200.0,1671.4285714285713,-1800.0,-900.0,-2638.7755102040815,,,,,,,,,,,,,,,,,,,,,,,,,,,,,,,,,,,,,,,,,,,,,,,,,,,,,,,,18.8,18.828571428571426,3.700000000000003,0.20000000000000284,4.8782312925170075,7.466666666666666,10.685714285714285,2.5999999999999996,-3.3000000000000007,1.5632653061224495,12.6,14.342857142857143,2.4000000000000004,-2.1000000000000014,2.342517006802721,57.666666666666664,69.57142857142857,15.0,-2.0,2.323129251700678,1017.1999999999999,1016.2428571428571,-1.6000000000000227,-0.7000000000000455,-1.2411564625849678,14.1,17.957142857142856,-2.5,-3.0999999999999996,-6.330272108843536,0.0,0.8285714285714286,0.0,0.0,-2.8619047619047615,1.6000000000000227,1.1000000000000227,False,2.4000000000000004,1.8000000000000007,5,10,4,False,False,False,False,False,False,False,True,False,0,-0.3855179594494498,0
2025-10-19,87,0.22,0.05,80,87,96,75,96,77,22,87,89.0,3600,0,,,,,,,,,,,,23.5,12.8,18.0,72,1010.6,24.6,4.3,86.0,83.57142857142857,-2.0,4.0,8.0,0.04666666666666666,-0.08428571428571428,0.23,0.39,0.1949659863945578,-0.02,-0.08428571428571428,0.11,0.19,-0.022089041095890397,84.0,76.14285714285714,-10.0,11.0,4.289115646258509,86.0,76.42857142857143,0.0,9.0,15.170068027210888,96.0,85.71428571428571,1.0,6.0,11.986394557823132,81.66666666666667,83.0,-14.0,-6.0,-3.323129251700678,98.33333333333333,87.42857142857143,-4.0,14.0,10.370748299319729,82.66666666666667,78.28571428571429,-3.0,-4.0,1.2346938775510239,45.0,43.142857142857146,-40.0,6.0,-39.914965986394556,88.66666666666667,76.71428571428571,-13.0,24.0,12.278911564625844,87.33333333333333,89.0,4.0,-5.0,2.4650349650349597,4800.0,6557.142857142857,1800.0,-3600.0,-1343.8775510204077,1200.0,1285.7142857142858,-900.0,0.0,-3538.7755102040815,,,,,,,,,,,,,,,,,,,,,,,,,,,,,,,,,,,,,,,,,,,,,,,,,,,,,,,,21.0,19.442857142857143,1.8999999999999986,6.600000000000001,6.778231292517006,9.133333333333333,10.428571428571429,4.200000000000001,5.000000000000001,5.763265306122451,14.533333333333331,14.542857142857143,4.0,5.800000000000001,6.342517006802721,64.33333333333333,68.14285714285714,4.0,20.0,6.323129251700678,1014.9333333333334,1015.7428571428572,-5.699999999999932,-6.7999999999999545,-6.9411564625849,16.3,18.071428571428573,13.700000000000001,6.600000000000001,7.369727891156465,1.4333333333333333,1.2142857142857142,4.3,4.3,1.4380952380952383,5.699999999999932,7.2999999999999545,True,4.0,6.4,6,10,4,False,False,False,False,False,False,False,True,True,0,-0.4088726244994886,0
2025-10-20,83,-0.07,0.0,78,74,97,72,90,80,56,78,94.0,6300,2700,,,,,,,,,,,,18.2,10.1,14.1,62,1013.2,25.8,1.3,86.33333333333333,83.85714285714286,-4.0,1.0,4.0,0.04666666666666666,-0.05428571428571427,-0.29000000000000004,0.0,-0.09503401360544218,-0.003333333333333332,-0.06571428571428571,-0.05,0.05,-0.0720890410958904,82.66666666666667,76.85714285714286,-2.0,-4.0,2.2891156462585087,82.66666666666667,77.0,-13.0,-10.0,2.1700680272108883,96.0,88.0,1.0,0.0,12.986394557823132,78.66666666666667,79.42857142857143,-3.0,-9.0,-6.323129251700678,95.33333333333333,90.71428571428571,-6.0,-9.0,4.370748299319729,79.0,77.14285714285714,3.0,-11.0,4.234693877551024,46.666666666666664,44.285714285714285,34.0,5.0,-5.914965986394556,88.33333333333333,78.28571428571429,-9.0,-1.0,3.2789115646258438,89.33333333333333,88.57142857142857,5.0,6.0,7.46503496503496,3900.0,6814.285714285715,2700.0,-2700.0,1356.1224489795923,1200.0,1157.142857142857,2700.0,0.0,-838.7755102040815,,,,,,,,,,,,,,,,,,,,,,,,,,,,,,,,,,,,,,,,,,,,,,,,,,,,,,,,21.099999999999998,19.728571428571428,-5.300000000000001,0.3000000000000007,1.4782312925170054,10.5,9.985714285714284,-2.700000000000001,4.1,3.0632653061224495,15.366666666666665,14.457142857142856,-3.9000000000000004,2.5,2.4425170068027207,67.33333333333333,65.28571428571429,-10.0,9.0,-3.676870748299322,1013.3666666666667,1015.7142857142857,2.6000000000000227,-4.699999999999932,-4.341156462584877,20.433333333333334,18.057142857142857,1.1999999999999993,12.4,8.569727891156464,1.8666666666666665,0.9428571428571428,-3.0,1.3,-1.5619047619047615,-2.6000000000000227,3.099999999999909,False,3.9000000000000004,0.09999999999999964,0,10,4,False,False,False,False,False,False,False,True,False,0,-0.3840367580676173,0
2025-10-21,75,0.24,0.18,66,63,62,86,72,62,42,69,95.0,11700,0,,,,,,,,,,,,21.1,6.0,13.2,68,1012.3,14.3,5.8,81.66666666666667,82.71428571428571,-8.0,-14.0,-4.0,0.13,-0.007142857142857137,0.31,0.25,0.21496598639455783,0.07666666666666666,-0.03142857142857144,0.18,0.24,0.1079109589041096,74.66666666666667,75.85714285714286,-12.0,-24.0,-9.710884353741491,74.66666666666667,75.0,-11.0,-24.0,-8.829931972789112,85.0,87.0,-35.0,-33.0,-22.013605442176868,77.66666666666667,81.42857142857143,14.0,-3.0,7.676870748299322,86.0,87.28571428571429,-18.0,-28.0,-13.629251700680271,73.0,75.42857142857143,-18.0,-18.0,-13.765306122448976,40.0,44.57142857142857,-14.0,-20.0,-19.914965986394556,78.0,77.42857142857143,-9.0,-31.0,-5.721088435374156,92.66666666666667,89.57142857142857,1.0,10.0,8.46503496503496,7200.0,7071.428571428572,5400.0,9900.0,6756.122448979592,900.0,1157.142857142857,-2700.0,-900.0,-3538.7755102040815,,,,,,,,,,,,,,,,,,,,,,,,,,,,,,,,,,,,,,,,,,,,,,,,,,,,,,,,20.933333333333334,20.085714285714285,2.900000000000002,-0.5,4.3782312925170075,9.633333333333333,9.028571428571428,-4.1,-2.5999999999999996,-1.0367346938775501,15.1,14.171428571428573,-0.9000000000000004,-0.8000000000000007,1.5425170068027203,67.33333333333333,63.57142857142857,6.0,0.0,2.323129251700678,1012.0333333333334,1014.9571428571429,-0.900000000000091,-4.0,-5.241156462584968,21.566666666666666,17.285714285714285,-11.5,3.4000000000000004,-2.9302721088435355,3.7999999999999994,1.6285714285714283,4.5,5.8,2.9380952380952383,0.900000000000091,-1.6999999999999318,False,0.9000000000000004,4.800000000000001,1,10,4,False,False,False,False,False,True,False,True,False,0,-0.3941045217800714,0
2025-10-22,63,0.24,0.21,57,75,81,37,64,71,19,53,90.0,6300,1800,,,,,,,,,,,,17.9,9.8,13.8,66,1009.7,19.6,0.3,73.66666666666667,80.28571428571429,-12.0,-24.0,-16.0,0.13666666666666666,0.05428571428571429,0.0,0.01999999999999999,0.21496598639455783,0.13,0.02714285714285714,0.03,0.15999999999999998,0.1379109589041096,67.0,74.57142857142857,-9.0,-23.0,-18.71088435374149,70.66666666666667,78.28571428571429,12.0,-12.0,3.1700680272108883,80.0,88.28571428571429,19.0,-15.0,-3.0136054421768677,65.0,74.42857142857143,-49.0,-38.0,-41.32312925170068,75.33333333333333,86.14285714285714,-8.0,-32.0,-21.62925170068027,71.0,77.42857142857143,9.0,-6.0,-4.765306122448976,39.0,38.285714285714285,-23.0,-3.0,-42.914965986394556,66.66666666666667,75.57142857142857,-16.0,-34.0,-21.721088435374156,93.0,90.71428571428571,-5.0,1.0,3.4650349650349597,8100.0,6557.142857142857,-5400.0,2700.0,1356.1224489795923,1500.0,1157.142857142857,1800.0,1800.0,-1738.7755102040815,,,,,,,,,,,,,,,,,,,,,,,,,,,,,,,,,,,,,,,,,,,,,,,,,,,,,,,,19.066666666666666,19.585714285714285,-3.200000000000003,-5.600000000000001,1.1782312925170046,8.633333333333333,8.728571428571428,3.8000000000000007,-3.0,2.7632653061224506,13.699999999999998,13.842857142857142,0.6000000000000014,-4.199999999999999,2.1425170068027217,65.33333333333333,63.0,-2.0,-6.0,0.32312925170067786,1011.7333333333332,1013.9142857142858,-2.599999999999909,-0.8999999999999773,-7.841156462584877,19.900000000000002,18.085714285714285,5.300000000000001,-5.0,2.369727891156465,2.4666666666666663,1.6714285714285713,-5.5,-4.0,-2.5619047619047617,2.599999999999909,3.5,False,0.6000000000000014,0.29999999999999893,2,10,4,False,False,False,False,False,True,True,True,False,1,-0.4141858398040959,0
2025-10-23,71,0.24,0.16,61,62,79,97,62,84,20,46,98.0,6300,0,,,,,,,,,,,,16.0,8.3,11.8,57,1015.5,18.9,0.0,69.66666666666667,78.57142857142857,8.0,-12.0,-8.0,0.24,0.11285714285714286,0.0,0.31,0.21496598639455783,0.18333333333333335,0.06999999999999999,-0.04999999999999999,0.16,0.0879109589041096,61.333333333333336,73.42857142857143,4.0,-17.0,-14.710884353741491,66.66666666666667,76.0,-13.0,-12.0,-9.829931972789112,74.0,86.71428571428571,-2.0,-18.0,-5.013605442176868,73.33333333333333,76.71428571428571,60.0,25.0,18.676870748299322,66.0,83.28571428571429,-2.0,-28.0,-23.62925170068027,72.33333333333333,77.85714285714286,13.0,4.0,8.234693877551024,27.0,38.857142857142854,1.0,-36.0,-41.914965986394556,56.0,73.14285714285714,-7.0,-32.0,-28.721088435374156,94.33333333333333,91.28571428571429,8.0,4.0,11.46503496503496,8100.0,6428.571428571428,0.0,0.0,1356.1224489795923,600.0,1157.142857142857,-1800.0,-2700.0,-3538.7755102040815,,,,,,,,,,,,,,,,,,,,,,,,,,,,,,,,,,,,,,,,,,,,,,,,,,,,,,,,18.333333333333332,19.457142857142856,-1.8999999999999986,-2.1999999999999993,-0.7217687074829939,8.033333333333333,8.8,-1.5,-1.799999999999999,1.2632653061224506,12.933333333333332,13.785714285714286,-2.0,-2.299999999999999,0.14251700680272172,63.666666666666664,63.714285714285715,-9.0,-5.0,-8.676870748299322,1012.5,1013.6428571428571,5.7999999999999545,2.2999999999999545,-2.0411564625849223,17.599999999999998,18.214285714285715,-0.7000000000000028,-6.900000000000002,1.6697278911564624,2.033333333333333,1.6714285714285713,-0.3,-1.3,-2.8619047619047615,-5.7999999999999545,-3.2000000000000455,True,2.0,1.3999999999999986,3,10,4,False,False,False,False,False,True,False,True,False,0,-0.4092524596236342,0
2025-10-24,81,0.23,0.28,82,54,86,91,100,70,54,93,94.0,0,0,,,,,,,,,,,,14.5,5.3,9.6,59,1022.5,16.8,0.0,71.66666666666667,78.42857142857143,10.0,6.0,2.0,0.23666666666666666,0.15571428571428572,-0.009999999999999981,-0.009999999999999981,0.20496598639455782,0.21666666666666667,0.11714285714285715,0.12000000000000002,0.10000000000000003,0.20791095890410963,66.66666666666667,73.42857142857143,21.0,16.0,6.289115646258509,63.666666666666664,71.71428571428571,-8.0,-9.0,-17.82993197278911,82.0,85.14285714285714,7.0,24.0,1.9863945578231323,75.0,78.14285714285714,-6.0,5.0,12.676870748299322,75.33333333333333,83.42857142857143,38.0,28.0,14.370748299319729,75.0,74.85714285714286,-14.0,8.0,-5.765306122448976,31.0,39.285714285714285,34.0,12.0,-7.914965986394556,64.0,75.14285714285714,47.0,24.0,18.278911564625844,94.0,92.14285714285714,-4.0,-1.0,7.46503496503496,4200.0,5142.857142857143,-6300.0,-11700.0,-4943.877551020408,600.0,771.4285714285714,0.0,0.0,-3538.7755102040815,,,,,,,,,,,,,,,,,,,,,,,,,,,,,,,,,,,,,,,,,,,,,,,,,,,,,,,,16.133333333333336,18.97142857142857,-1.5,-6.600000000000001,-2.221768707482994,7.800000000000001,8.7,-3.000000000000001,-0.7000000000000002,-1.7367346938775503,11.733333333333334,13.5,-2.200000000000001,-3.5999999999999996,-2.0574829931972793,60.666666666666664,64.57142857142857,2.0,-9.0,-6.676870748299322,1015.9,1014.3000000000001,7.0,10.200000000000045,4.958843537415078,18.433333333333334,18.7,-2.099999999999998,2.5,-0.4302721088435355,0.09999999999999999,1.6714285714285713,0.0,-5.8,-2.8619047619047615,-7.0,-12.799999999999955,True,2.200000000000001,4.200000000000001,4,10,4,False,False,False,False,False,False,False,False,False,0,-0.39762249831180596,0
2025-10-25,74,0.31,0.31,65,54,79,27,92,83,31,70,99.0,1800,0,,,,,,,,,,,,14.4,4.5,9.4,65,1028.7,11.0,0.0,75.33333333333333,76.28571428571429,-7.0,11.0,-5.0,0.26,0.20142857142857146,0.07999999999999999,0.07,0.28496598639455784,0.25,0.16999999999999998,0.02999999999999997,0.1,0.2379109589041096,69.33333333333333,69.85714285714286,-17.0,8.0,-10.710884353741491,56.666666666666664,67.0,0.0,-21.0,-17.82993197278911,81.33333333333333,82.85714285714286,-7.0,-2.0,-5.013605442176868,71.66666666666667,69.28571428571429,-64.0,-10.0,-51.32312925170068,84.66666666666667,82.28571428571429,-8.0,28.0,6.370748299319729,79.0,75.28571428571429,13.0,12.0,7.234693877551024,35.0,34.857142857142854,-23.0,12.0,-30.914965986394556,69.66666666666667,70.85714285714286,-23.0,17.0,-4.721088435374156,97.0,94.14285714285714,5.0,9.0,12.46503496503496,2700.0,5142.857142857143,1800.0,-4500.0,-3143.8775510204077,0.0,642.8571428571429,0.0,-1800.0,-3538.7755102040815,,,,,,,,,,,,,,,,,,,,,,,,,,,,,,,,,,,,,,,,,,,,,,,,,,,,,,,,14.966666666666667,17.942857142857143,-0.09999999999999964,-3.4999999999999982,-2.3217687074829936,6.033333333333334,8.114285714285714,-0.7999999999999998,-5.300000000000001,-2.53673469387755,10.266666666666666,12.842857142857143,-0.1999999999999993,-4.4,-2.2574829931972786,60.333333333333336,64.14285714285714,6.0,-1.0,-0.6768707482993221,1022.2333333333332,1016.0714285714286,6.2000000000000455,19.0,11.158843537415123,15.566666666666668,18.714285714285715,-5.800000000000001,-8.600000000000001,-6.230272108843536,0.0,1.6714285714285713,0.0,-0.3,-2.8619047619047615,-6.2000000000000455,-13.200000000000045,True,0.1999999999999993,2.4000000000000004,5,10,4,False,False,False,True,False,True,False,True,False,1,-0.40746297331066117,0
2025-10-26,52,0.36,0.33,66,86,76,81,84,68,11,64,98.0,1800,1800,,,,,,,,,,,,16.2,4.6,10.1,66,1028.6,6.2,0.0,69.0,71.28571428571429,-22.0,-19.0,-27.0,0.3,0.22142857142857147,0.04999999999999999,0.12,0.3349659863945578,0.3066666666666667,0.21,0.020000000000000018,0.17,0.25791095890410964,71.0,67.85714285714286,1.0,5.0,-9.710884353741491,64.66666666666667,66.85714285714286,32.0,24.0,14.170068027210888,80.33333333333333,80.0,-3.0,-3.0,-8.013605442176868,66.33333333333333,70.14285714285714,54.0,-16.0,2.676870748299322,92.0,80.57142857142857,-8.0,22.0,-1.6292517006802711,73.66666666666667,74.0,-15.0,-16.0,-7.765306122448976,32.0,33.285714285714285,-20.0,-9.0,-50.914965986394556,75.66666666666667,67.57142857142857,-6.0,18.0,-10.721088435374156,97.0,95.42857142857143,-1.0,0.0,11.46503496503496,1200.0,4885.714285714285,0.0,-4500.0,-3143.8775510204077,600.0,900.0,1800.0,1800.0,-1738.7755102040815,,,,,,,,,,,,,,,,,,,,,,,,,,,,,,,,,,,,,,,,,,,,,,,,,,,,,,,,15.033333333333333,16.9,1.799999999999999,0.1999999999999993,-0.5217687074829946,4.8,6.942857142857143,0.09999999999999964,-3.700000000000001,-2.4367346938775505,9.7,11.714285714285714,0.6999999999999993,-1.700000000000001,-1.5574829931972793,63.333333333333336,63.285714285714285,1.0,9.0,0.32312925170067786,1026.6000000000001,1018.6428571428571,-0.10000000000013642,13.099999999999909,11.058843537414987,11.333333333333334,16.085714285714285,-4.8,-12.7,-11.030272108843537,0.0,1.0571428571428572,0.0,0.0,-2.8619047619047615,0.10000000000013642,-6.099999999999909,False,0.6999999999999993,0.5,6,10,4,False,False,False,True,False,True,True,True,False,1,-0.42019978845092903,0
2025-10-27,64,0.25,0.3,60,51,72,67,59,71,42,57,95.0,4500,0,,,,,,,,,,,,15.6,5.1,9.7,63,1026.6,12.2,0.0,63.333333333333336,68.57142857142857,12.0,-17.0,-15.0,0.3066666666666667,0.2671428571428572,-0.10999999999999999,0.01999999999999999,0.22496598639455784,0.3133333333333333,0.25285714285714284,-0.030000000000000027,0.019999999999999962,0.2279109589041096,63.666666666666664,65.28571428571429,-6.0,-22.0,-15.710884353741491,63.666666666666664,63.57142857142857,-35.0,-3.0,-20.82993197278911,75.66666666666667,76.42857142857143,-4.0,-14.0,-12.013605442176868,58.333333333333336,69.42857142857143,-14.0,-24.0,-11.323129251700678,78.33333333333333,76.14285714285714,-25.0,-41.0,-26.62925170068027,74.0,72.71428571428571,3.0,1.0,-4.765306122448976,28.0,31.285714285714285,31.0,-12.0,-19.914965986394556,63.666666666666664,64.57142857142857,-7.0,-36.0,-17.721088435374156,97.33333333333333,95.57142857142857,-3.0,1.0,8.46503496503496,2700.0,4628.571428571428,2700.0,4500.0,-443.87755102040774,600.0,514.2857142857143,-1800.0,0.0,-3538.7755102040815,,,,,,,,,,,,,,,,,,,,,,,,,,,,,,,,,,,,,,,,,,,,,,,,,,,,,,,,15.4,16.52857142857143,-0.5999999999999996,1.0999999999999996,-1.1217687074829943,4.733333333333333,6.228571428571429,0.5,-0.20000000000000018,-1.9367346938775505,9.733333333333333,11.085714285714287,-0.40000000000000036,0.09999999999999964,-1.9574829931972797,64.66666666666667,63.42857142857143,-3.0,4.0,-2.676870748299322,1027.9666666666665,1020.5571428571428,-2.0,4.099999999999909,9.058843537414987,9.799999999999999,14.142857142857142,5.999999999999999,-4.600000000000001,-5.030272108843537,0.0,0.8714285714285713,0.0,0.0,-2.8619047619047615,2.0,2.1000000000001364,False,0.40000000000000036,0.29999999999999893,0,10,4,False,False,False,False,False,True,True,True,False,1,-0.4133336274742981,0
2025-10-28,77,0.22,0.34,80,56,88,86,98,65,44,94,93.0,1800,2700,,,,,,,,,,,,13.4,6.0,9.9,63,1023.2,21.2,0.0,64.33333333333333,68.85714285714286,13.0,3.0,-2.0,0.27666666666666667,0.26428571428571435,-0.03,-0.09,0.1949659863945578,0.3233333333333333,0.27571428571428575,0.040000000000000036,0.030000000000000027,0.26791095890410965,68.66666666666667,67.28571428571429,20.0,15.0,4.289115646258509,64.33333333333333,62.57142857142857,5.0,2.0,-15.829931972789112,78.66666666666667,80.14285714285714,16.0,9.0,3.9863945578231323,78.0,69.42857142857143,19.0,59.0,7.676870748299322,80.33333333333333,79.85714285714286,39.0,6.0,12.370748299319729,68.0,73.14285714285714,-6.0,-18.0,-10.765306122448976,32.333333333333336,31.571428571428573,2.0,13.0,-17.914965986394556,71.66666666666667,68.14285714285714,37.0,24.0,19.278911564625844,95.33333333333333,95.28571428571429,-2.0,-6.0,6.46503496503496,2700.0,3214.285714285714,-2700.0,0.0,-3143.8775510204077,1500.0,900.0,2700.0,2700.0,-838.7755102040815,,,,,,,,,,,,,,,,,,,,,,,,,,,,,,,,,,,,,,,,,,,,,,,,,,,,,,,,15.066666666666668,15.428571428571429,-2.1999999999999993,-1.0,-3.3217687074829936,5.233333333333333,6.228571428571429,0.9000000000000004,1.5,-1.0367346938775501,9.899999999999999,10.614285714285714,0.20000000000000107,0.5,-1.7574829931972786,64.0,62.714285714285715,0.0,-2.0,-2.676870748299322,1026.1333333333334,1022.1142857142858,-3.3999999999998636,-5.5,5.658843537415123,13.199999999999998,15.128571428571428,9.0,10.2,3.969727891156463,0.0,0.04285714285714286,0.0,0.0,-2.8619047619047615,3.3999999999998636,5.399999999999864,False,0.20000000000000107,0.1999999999999993,1,10,4,False,False,False,False,False,False,False,True,False,0,-0.39602337131112486,0
2025-10-29,74,0.26,0.35,74,83,95,94,89,72,19,71,94.0,0,2700,,,,,,,,,,,,13.8,7.8,10.5,73,1018.0,20.2,1.2,71.66666666666667,70.42857142857143,-3.0,22.0,-5.0,0.24333333333333332,0.2671428571428572,0.04000000000000001,-0.09999999999999998,0.23496598639455785,0.33,0.29571428571428576,0.009999999999999953,0.019999999999999962,0.27791095890410955,71.33333333333333,69.71428571428571,-6.0,8.0,-1.7108843537414913,63.333333333333336,63.714285714285715,27.0,-3.0,11.170068027210888,85.0,82.14285714285714,7.0,19.0,10.986394557823132,82.33333333333333,77.57142857142857,8.0,13.0,15.676870748299322,82.0,83.42857142857143,-9.0,5.0,3.370748299319729,69.33333333333333,73.28571428571429,7.0,4.0,-3.765306122448976,35.0,31.571428571428573,-25.0,8.0,-42.914965986394556,74.0,70.71428571428571,-23.0,7.0,-3.7210884353741562,94.0,95.85714285714286,1.0,-4.0,7.46503496503496,2100.0,2314.285714285714,-1800.0,-1800.0,-4943.877551020408,1800.0,1028.5714285714287,0.0,900.0,-838.7755102040815,,,,,,,,,,,,,,,,,,,,,,,,,,,,,,,,,,,,,,,,,,,,,,,,,,,,,,,,14.266666666666666,14.842857142857143,0.40000000000000036,-2.3999999999999986,-2.921768707482993,6.3,5.942857142857143,1.7999999999999998,3.2,0.7632653061224497,10.033333333333331,10.142857142857142,0.5999999999999996,0.40000000000000036,-1.157482993197279,66.33333333333333,63.714285714285715,10.0,7.0,7.323129251700678,1022.6,1023.3,-5.2000000000000455,-10.599999999999909,0.45884353741507766,17.866666666666664,15.214285714285714,-1.0,14.0,2.969727891156463,0.39999999999999997,0.17142857142857143,1.2,1.2,-1.6619047619047616,5.2000000000000455,8.599999999999909,True,0.5999999999999996,0.8000000000000007,2,10,4,False,False,False,False,False,False,False,False,True,0,-0.39733938558319487,0
2025-10-30,78,0.02,0.21,80,70,72,86,95,76,63,86,94.0,2700,6300,,,,,,,,,,,,18.3,11.4,14.6,85,1001.8,27.4,53.8,76.33333333333333,71.42857142857143,4.0,14.0,-1.0,0.16666666666666666,0.2357142857142857,-0.24000000000000002,-0.23,-0.005034013605442176,0.3,0.3028571428571429,-0.13999999999999999,-0.09,0.1379109589041096,78.0,72.42857142857143,6.0,20.0,4.289115646258509,69.66666666666667,64.85714285714286,-13.0,19.0,-1.8299319727891117,85.0,81.14285714285714,-23.0,0.0,-12.013605442176868,88.66666666666667,76.0,-8.0,19.0,7.676870748299322,94.0,88.14285714285714,6.0,36.0,9.370748299319729,71.0,72.14285714285714,4.0,5.0,0.2346938775510239,42.0,37.714285714285715,44.0,21.0,1.0850340136054442,83.66666666666667,76.42857142857143,15.0,29.0,11.278911564625844,93.66666666666667,95.28571428571429,0.0,-1.0,7.46503496503496,1500.0,1800.0,2700.0,-1800.0,-2243.8775510204077,3900.0,1928.5714285714287,3600.0,6300.0,2761.2244897959185,,,,,,,,,,,,,,,,,,,,,,,,,,,,,,,,,,,,,,,,,,,,,,,,,,,,,,,,15.166666666666666,15.171428571428573,4.5,2.700000000000001,1.5782312925170068,8.4,6.385714285714285,3.6000000000000005,6.300000000000001,4.36326530612245,11.666666666666666,10.542857142857143,4.1,4.9,2.9425170068027207,73.66666666666667,67.71428571428571,12.0,22.0,19.323129251700678,1014.3333333333334,1021.342857142857,-16.200000000000045,-24.799999999999955,-15.741156462584968,22.933333333333334,16.428571428571427,7.199999999999999,15.2,10.169727891156462,18.333333333333332,7.857142857142857,52.599999999999994,53.8,50.93809523809524,16.200000000000045,21.40000000000009,True,4.1,4.699999999999999,3,10,4,False,False,False,False,False,False,False,True,True,0,-0.4517437267472071,1
2025-10-31,74,0.06,0.22,57,60,83,29,48,75,74,48,98.0,0,4500,,,,,,,,,,,,15.0,9.5,11.7,58,1003.7,32.1,0.0,75.33333333333333,70.42857142857143,-4.0,-3.0,-5.0,0.11333333333333334,0.21142857142857144,0.039999999999999994,-0.16,0.03496598639455782,0.26,0.2942857142857143,0.010000000000000009,-0.12000000000000002,0.1479109589041096,70.33333333333333,68.85714285714286,-23.0,-23.0,-18.71088435374149,71.0,65.71428571428571,-10.0,4.0,-11.829931972789112,83.33333333333333,80.71428571428571,11.0,-5.0,-1.0136054421768677,69.66666666666667,67.14285714285714,-57.0,-57.0,-49.32312925170068,77.33333333333333,80.71428571428571,-47.0,-50.0,-37.62925170068027,74.33333333333333,72.85714285714286,-1.0,10.0,-0.7653061224489761,52.0,40.57142857142857,11.0,30.0,12.085034013605444,68.33333333333333,70.0,-38.0,-46.0,-26.721088435374156,95.33333333333333,95.85714285714286,4.0,5.0,11.46503496503496,900.0,1800.0,-2700.0,-1800.0,-4943.877551020408,4500.0,2571.4285714285716,-1800.0,1800.0,961.2244897959185,,,,,,,,,,,,,,,,,,,,,,,,,,,,,,,,,,,,,,,,,,,,,,,,,,,,,,,,15.700000000000001,15.242857142857144,-3.3000000000000007,1.5999999999999996,-1.721768707482994,9.566666666666666,6.985714285714286,-1.9000000000000004,3.5,2.46326530612245,12.266666666666666,10.842857142857142,-2.9000000000000004,1.799999999999999,0.0425170068027203,72.0,67.57142857142857,-27.0,-5.0,-7.676870748299322,1007.8333333333334,1018.6571428571427,1.900000000000091,-19.5,-13.841156462584877,26.566666666666663,18.614285714285717,4.700000000000003,10.900000000000002,14.869727891156465,18.333333333333332,7.857142857142857,-53.8,0.0,-2.8619047619047615,-1.900000000000091,14.299999999999955,False,2.9000000000000004,1.1999999999999993,4,10,4,False,False,False,False,False,True,False,False,False,0,-0.4646314362630495,1
2025-11-01,64,0.18,0.23,53,69,74,75,41,80,2,42,97.0,2700,1800,,,,,,,,,,,,16.1,6.9,10.8,61,1016.5,19.3,0.0,72.0,69.0,-10.0,-10.0,-15.0,0.08666666666666667,0.19285714285714287,0.12,-0.08000000000000002,0.15496598639455783,0.22,0.28285714285714286,0.010000000000000009,-0.11999999999999997,0.1579109589041096,63.333333333333336,67.14285714285714,-4.0,-21.0,-22.71088435374149,66.33333333333333,67.85714285714286,9.0,-14.0,-2.8299319727891117,76.33333333333333,80.0,-9.0,-21.0,-10.013605442176868,63.333333333333336,74.0,46.0,-19.0,-3.323129251700678,61.333333333333336,73.42857142857143,-7.0,-48.0,-44.62925170068027,77.0,72.42857142857143,5.0,8.0,4.234693877551024,46.333333333333336,36.42857142857143,-72.0,-17.0,-59.914965986394556,58.666666666666664,66.0,-6.0,-29.0,-32.721088435374156,96.33333333333333,95.57142857142857,-1.0,3.0,10.46503496503496,1800.0,1928.5714285714287,2700.0,2700.0,-2243.8775510204077,4200.0,2828.5714285714284,-2700.0,-900.0,-1738.7755102040815,,,,,,,,,,,,,,,,,,,,,,,,,,,,,,,,,,,,,,,,,,,,,,,,,,,,,,,,16.466666666666665,15.485714285714286,1.1000000000000014,2.3000000000000007,-0.6217687074829925,9.266666666666666,7.328571428571428,-2.5999999999999996,-0.8999999999999995,-0.13673469387754977,12.366666666666665,11.042857142857143,-0.8999999999999986,0.3000000000000007,-0.8574829931972783,68.0,67.0,3.0,-12.0,-4.676870748299322,1007.3333333333334,1016.9142857142857,12.799999999999955,-1.5,-1.0411564625849223,26.266666666666666,19.8,-12.8,-0.8999999999999986,2.0697278911564645,17.933333333333334,7.857142857142857,0.0,-1.2,-2.8619047619047615,-12.799999999999955,-14.700000000000045,True,0.8999999999999986,3.799999999999999,5,11,4,False,False,False,False,False,True,True,True,False,1,-0.44944242764509246,1
2025-11-02,80,0.43,0.25,79,70,95,91,97,72,19,88,92.0,2700,16200,,,,,,,,,,,,17.2,5.0,10.8,66,1024.1,7.9,0.0,72.66666666666667,73.0,16.0,2.0,1.0,0.22333333333333336,0.20285714285714287,0.25,0.41,0.40496598639455783,0.23333333333333336,0.2714285714285714,0.01999999999999999,0.04000000000000001,0.1779109589041096,63.0,69.0,26.0,-1.0,3.2891156462585087,66.33333333333333,65.57142857142857,1.0,0.0,-1.8299319727891117,84.0,82.71428571428571,21.0,23.0,10.986394557823132,65.0,75.42857142857143,16.0,5.0,12.676870748299322,62.0,75.28571428571429,56.0,2.0,11.370748299319729,75.66666666666667,73.0,-8.0,-4.0,-3.765306122448976,31.666666666666668,37.57142857142857,17.0,-44.0,-42.914965986394556,59.333333333333336,69.42857142857143,46.0,2.0,13.278911564625844,95.66666666666667,94.71428571428571,-5.0,-2.0,5.46503496503496,1800.0,2057.1428571428573,0.0,0.0,-2243.8775510204077,7500.0,4885.714285714285,14400.0,9900.0,12661.224489795919,,,,,,,,,,,,,,,,,,,,,,,,,,,,,,,,,,,,,,,,,,,,,,,,,,,,,,,,16.099999999999998,15.62857142857143,1.0999999999999979,-1.1000000000000014,0.47823129251700536,7.133333333333333,7.385714285714286,-1.9000000000000004,-6.4,-2.03673469387755,11.1,11.142857142857142,0.0,-3.799999999999999,-0.8574829931972783,61.666666666666664,67.0,5.0,-19.0,0.32312925170067786,1014.7666666666668,1016.2714285714285,7.599999999999909,22.299999999999955,6.558843537414987,19.76666666666667,20.042857142857144,-11.4,-19.5,-9.330272108843536,0.0,7.857142857142857,0.0,-53.8,-2.8619047619047615,-7.599999999999909,-20.399999999999864,True,0.0,0.8999999999999986,6,11,4,False,False,False,True,False,False,False,True,False,0,-0.44004151445163764,0
2025-11-04,82,0.07,0.25,77,74,90,89,67,72,44,85,89.0,3600,2700,,,,,,,,,,,,16.3,7.2,11.5,49,1022.6,19.4,0.0,75.33333333333333,75.57142857142857,2.0,8.0,3.0,0.22666666666666666,0.17714285714285719,-0.36,0.010000000000000009,0.04496598639455783,0.24333333333333332,0.2642857142857143,0.0,0.03,0.1779109589041096,69.66666666666667,71.42857142857143,-2.0,20.0,1.2891156462585087,71.0,68.85714285714286,4.0,14.0,2.1700680272108883,86.33333333333333,85.28571428571429,-5.0,7.0,5.986394557823132,85.0,78.57142857142857,-2.0,60.0,10.676870748299322,68.33333333333333,76.42857142857143,-30.0,19.0,-18.62925170068027,74.66666666666667,73.14285714285714,0.0,-3.0,-3.765306122448976,21.666666666666668,37.857142857142854,25.0,-30.0,-17.914965986394556,71.66666666666667,73.42857142857143,-3.0,37.0,10.278911564625844,92.66666666666667,93.85714285714286,-3.0,-9.0,2.4650349650349597,3000.0,1928.5714285714287,900.0,3600.0,-1343.8775510204077,6900.0,5271.428571428572,-13500.0,-1800.0,-838.7755102040815,,,,,,,,,,,,,,,,,,,,,,,,,,,,,,,,,,,,,,,,,,,,,,,,,,,,,,,,16.533333333333335,15.728571428571428,-0.8999999999999986,1.3000000000000007,-0.4217687074829932,6.366666666666667,7.685714285714285,2.2,-2.3,0.16326530612245005,11.033333333333331,11.400000000000002,0.6999999999999993,-0.1999999999999993,-0.157482993197279,58.666666666666664,65.0,-17.0,-9.0,-16.676870748299322,1021.0666666666666,1015.6999999999999,-1.4999999999998863,18.899999999999977,5.0588435374151,15.533333333333333,21.071428571428573,11.499999999999998,-12.700000000000003,2.1697278911564624,0.0,7.857142857142857,0.0,0.0,-2.8619047619047615,1.4999999999998863,-6.100000000000023,False,0.6999999999999993,0.6999999999999993,1,11,4,False,False,False,False,False,False,False,True,False,0,-0.39348273122166216,0
2025-11-06,87,-0.23,0.0,77,76,90,72,98,84,29,81,85.0,8100,11700,,,,,,,,,,,,16.1,5.5,10.7,49,1019.8,30.4,0.0,83.0,77.0,5.0,23.0,8.0,0.09000000000000001,0.11285714285714288,-0.30000000000000004,-0.41000000000000003,-0.2550340136054422,0.16666666666666666,0.21571428571428575,-0.25,-0.23,-0.0720890410958904,77.66666666666667,71.0,0.0,24.0,1.2891156462585087,73.33333333333333,71.71428571428571,2.0,7.0,4.170068027210888,91.66666666666667,85.57142857142857,0.0,16.0,5.986394557823132,84.0,76.57142857142857,-17.0,-3.0,-6.323129251700678,87.33333333333333,76.42857142857143,31.0,57.0,12.370748299319729,76.0,75.85714285714286,12.0,4.0,8.234693877551024,30.666666666666668,35.714285714285715,-15.0,27.0,-32.914965986394556,84.66666666666667,71.57142857142857,-4.0,39.0,6.278911564625844,88.66666666666667,92.71428571428571,-4.0,-12.0,-1.5349650349650403,4800.0,2828.5714285714284,4500.0,5400.0,3156.1224489795923,10200.0,6557.142857142857,9000.0,9900.0,8161.224489795919,,,,,,,,,,,,,,,,,,,,,,,,,,,,,,,,,,,,,,,,,,,,,,,,,,,,,,,,16.533333333333335,16.114285714285714,-0.1999999999999993,0.0,-0.6217687074829925,5.8999999999999995,7.614285714285714,-1.7000000000000002,-1.4000000000000004,-1.5367346938775501,11.0,11.514285714285714,-0.8000000000000007,-0.10000000000000142,-0.9574829931972797,54.666666666666664,63.0,0.0,-12.0,-16.676870748299322,1022.1666666666666,1015.2142857142857,-2.800000000000068,3.2999999999999545,2.258843537415032,19.233333333333334,22.385714285714283,11.0,11.099999999999998,13.169727891156462,0.0,7.857142857142857,0.0,0.0,-2.8619047619047615,2.800000000000068,4.2999999999999545,False,0.8000000000000007,0.10000000000000142,3,11,4,False,False,False,False,False,False,False,True,False,0,-0.40453279756569105,0
2025-11-08,87,0.12,,72,71,72,75,97,66,17,82,75.0,900,2700,,,,,,,,,,,,19.6,11.8,14.9,76,1008.4,15.1,9.2,85.33333333333333,78.85714285714286,0.0,7.0,8.0,-0.013333333333333336,0.09285714285714287,0.35,-0.31,0.09496598639455782,0.125,0.19333333333333336,,,,75.33333333333333,70.71428571428571,-5.0,-7.0,-3.7108843537414913,73.66666666666667,70.0,-5.0,1.0,-0.8299319727891117,84.0,82.28571428571429,-18.0,-23.0,-12.013605442176868,78.66666666666667,73.85714285714286,3.0,-16.0,-3.323129251700678,87.33333333333333,77.57142857142857,-1.0,0.0,11.370748299319729,74.0,75.0,-18.0,-6.0,-9.765306122448976,30.0,35.42857142857143,-12.0,-2.0,-44.914965986394556,82.66666666666667,73.14285714285714,1.0,-6.0,7.278911564625844,83.0,90.0,-10.0,-17.0,-11.53496503496504,4200.0,2957.1428571428573,-7200.0,-1800.0,-4043.8775510204077,5700.0,6557.142857142857,-9000.0,-13500.0,-838.7755102040815,,,,,,,,,,,,,,,,,,,,,,,,,,,,,,,,,,,,,,,,,,,,,,,,,,,,,,,,17.333333333333336,16.942857142857143,3.5,2.400000000000002,2.8782312925170075,8.166666666666666,8.185714285714285,6.300000000000001,6.800000000000001,4.763265306122451,12.366666666666665,12.142857142857142,4.200000000000001,4.1,3.2425170068027214,58.0,63.42857142857143,27.0,10.0,10.323129251700678,1016.9333333333334,1013.842857142857,-11.399999999999977,-15.699999999999932,-9.141156462584945,21.633333333333336,21.657142857142862,-15.299999999999999,7.199999999999999,-2.1302721088435366,3.0666666666666664,9.0,9.2,9.2,6.338095238095238,11.399999999999977,14.200000000000045,True,4.200000000000001,3.4000000000000004,5,11,4,False,False,False,False,False,False,False,True,True,0,-0.41940387304694005,0
2025-11-09,89,-0.08,,81,59,95,94,99,73,18,95,73.0,5400,9000,,,,,,,,,,,,20.2,9.3,14.0,84,1007.9,15.7,4.3,87.66666666666667,80.42857142857143,2.0,7.0,10.0,-0.06333333333333334,0.07857142857142858,-0.2,-0.15000000000000002,-0.10503401360544218,0.0,0.19000000000000003,,,,76.66666666666667,70.85714285714286,9.0,4.0,5.289115646258509,68.66666666666667,68.42857142857143,-12.0,-15.0,-12.829931972789112,85.66666666666667,85.57142857142857,23.0,5.0,10.986394557823132,80.33333333333333,75.0,19.0,5.0,15.676870748299322,98.0,78.14285714285714,2.0,32.0,13.370748299319729,74.33333333333333,74.57142857142857,7.0,1.0,-2.765306122448976,21.333333333333332,29.0,1.0,-26.0,-43.914965986394556,86.0,74.42857142857143,13.0,10.0,20.278911564625844,77.66666666666667,87.0,-2.0,-16.0,-13.53496503496504,4800.0,3342.8571428571427,4500.0,1800.0,456.12244897959226,7800.0,6942.857142857143,6300.0,6300.0,5461.224489795919,,,,,,,,,,,,,,,,,,,,,,,,,,,,,,,,,,,,,,,,,,,,,,,,,,,,,,,,18.633333333333336,17.214285714285715,0.5999999999999979,3.8999999999999986,3.4782312925170054,8.866666666666667,7.885714285714286,-2.5,2.1000000000000005,2.2632653061224506,13.199999999999998,12.057142857142859,-0.9000000000000004,2.5,2.342517006802721,69.66666666666667,63.285714285714285,8.0,35.0,18.323129251700678,1012.0333333333333,1014.7142857142857,-0.5,-14.700000000000045,-9.641156462584945,20.400000000000002,19.985714285714288,0.5999999999999996,-3.6999999999999993,-1.530272108843537,4.5,1.9285714285714286,-4.8999999999999995,4.3,1.4380952380952383,0.5,11.899999999999977,False,0.9000000000000004,3.3000000000000007,6,11,4,False,False,False,False,False,False,False,True,False,0,-0.39750838306365505,0
2025-11-10,81,-0.28,-0.01,74,79,69,78,100,67,9,88,81.0,1800,900,,,,,,,,,,,,12.0,1.9,7.0,57,1009.4,22.2,0.2,85.66666666666667,81.42857142857143,-8.0,-6.0,2.0,-0.08,0.03000000000000001,-0.2,-0.05000000000000002,-0.3050340136054422,-0.01,0.14400000000000002,,-0.01,-0.0820890410958904,75.66666666666667,73.28571428571429,-7.0,-3.0,-1.7108843537414913,69.66666666666667,71.14285714285714,20.0,3.0,7.170068027210888,78.66666666666667,83.57142857142857,-26.0,-21.0,-15.013605442176868,82.33333333333333,82.0,-16.0,6.0,-0.32312925170067786,98.66666666666667,85.57142857142857,1.0,2.0,14.370748299319729,68.66666666666667,73.42857142857143,-6.0,-17.0,-8.765306122448976,14.666666666666666,19.714285714285715,-9.0,-20.0,-52.914965986394556,88.33333333333333,80.14285714285714,-7.0,7.0,13.278911564625844,76.33333333333333,84.57142857142857,8.0,-4.0,-5.53496503496504,2700.0,3600.0,-3600.0,-6300.0,-3143.8775510204077,4200.0,6428.571428571428,-8100.0,-10800.0,-2638.7755102040815,,,,,,,,,,,,,,,,,,,,,,,,,,,,,,,,,,,,,,,,,,,,,,,,,,,,,,,,17.266666666666666,16.785714285714285,-8.2,-4.100000000000001,-4.721768707482994,7.666666666666667,6.8,-7.4,-3.6,-5.13673469387755,11.966666666666667,11.385714285714286,-7.0,-3.6999999999999993,-4.657482993197279,72.33333333333333,63.142857142857146,-27.0,8.0,-8.676870748299322,1008.5666666666666,1015.5285714285714,1.5,-10.399999999999977,-8.141156462584945,17.666666666666668,18.571428571428573,6.5,-8.2,4.969727891156463,4.566666666666666,1.957142857142857,-4.1,0.2,-2.6619047619047613,-1.5,-1.0,False,7.0,7.9,0,11,4,False,False,False,False,False,False,False,True,False,0,-0.3938610893057392,0
2025-11-11,84,-0.18,0.02,69,39,74,94,78,76,34,74,78.0,5400,2700,,,,,,,,,,,,6.0,-1.9,1.8,52,1015.1,31.6,0.0,84.66666666666667,84.28571428571429,3.0,-3.0,5.0,-0.18000000000000002,-0.021428571428571415,0.10000000000000003,-0.3,-0.20503401360544216,0.005000000000000014,0.10200000000000001,0.03,,-0.052089041095890395,74.66666666666667,75.57142857142857,-5.0,-3.0,-6.710884353741491,59.0,66.85714285714286,-40.0,-32.0,-32.82993197278911,79.33333333333333,83.57142857142857,5.0,2.0,-10.013605442176868,88.66666666666667,84.71428571428571,16.0,19.0,15.676870748299322,92.33333333333333,90.85714285714286,-22.0,-19.0,-7.629251700680271,72.0,72.85714285714286,9.0,10.0,0.2346938775510239,20.333333333333332,24.285714285714285,25.0,17.0,-27.914965986394556,85.66666666666667,84.71428571428571,-14.0,-8.0,-0.7210884353741562,77.33333333333333,81.85714285714286,-3.0,3.0,-8.53496503496504,4200.0,3985.714285714286,3600.0,4500.0,456.12244897959226,4200.0,6557.142857142857,1800.0,0.0,-838.7755102040815,,,,,,,,,,,,,,,,,,,,,,,,,,,,,,,,,,,,,,,,,,,,,,,,,,,,,,,,12.733333333333334,15.342857142857143,-6.0,-13.600000000000001,-10.721768707482994,3.1,5.542857142857144,-3.8,-13.700000000000001,-8.93673469387755,7.599999999999999,10.1,-5.2,-13.1,-9.857482993197278,64.33333333333333,61.857142857142854,-5.0,-24.0,-13.676870748299322,1010.8000000000001,1015.3285714285714,5.7000000000000455,6.7000000000000455,-2.4411564625848996,23.166666666666668,20.32857142857143,9.400000000000002,16.5,14.369727891156465,1.5,1.957142857142857,-0.2,-9.2,-2.8619047619047615,-5.7000000000000455,-7.2000000000000455,True,5.2,12.2,1,11,4,False,False,False,False,False,False,False,True,False,0,-0.4129633927733097,0
2025-11-12,88,-0.36,-0.16,74,55,79,91,83,83,39,77,80.0,6300,1800,,,,,,,,,,,,14.1,2.0,7.8,50,1012.0,18.3,0.0,84.33333333333333,85.42857142857143,4.0,-1.0,9.0,-0.2733333333333334,-0.13428571428571426,-0.18,-0.27999999999999997,-0.38503401360544215,-0.04999999999999999,0.02,-0.18,,-0.2320890410958904,72.33333333333333,74.85714285714286,5.0,-7.0,-1.7108843537414913,57.666666666666664,64.71428571428571,16.0,-4.0,-16.82993197278911,74.0,81.28571428571429,5.0,-16.0,-5.013605442176868,87.66666666666667,84.71428571428571,-3.0,-3.0,12.676870748299322,87.0,88.85714285714286,5.0,-16.0,-2.629251700680271,75.33333333333333,74.42857142857143,7.0,10.0,7.234693877551024,27.333333333333332,27.142857142857142,5.0,21.0,-22.914965986394556,79.66666666666667,83.14285714285714,3.0,-18.0,2.2789115646258438,79.66666666666667,80.14285714285714,2.0,7.0,-6.53496503496504,4500.0,4500.0,900.0,900.0,1356.1224489795923,1800.0,4500.0,-900.0,-7200.0,-1738.7755102040815,,,,,,,,,,,,,,,,,,,,,,,,,,,,,,,,,,,,,,,,,,,,,,,,,,,,,,,,10.700000000000001,14.900000000000002,8.1,-6.1,-2.6217687074829943,0.6666666666666666,5.114285714285714,3.9,-7.300000000000001,-5.03673469387755,5.533333333333331,9.671428571428573,6.0,-6.2,-3.857482993197279,53.0,59.57142857142857,-2.0,-34.0,-15.676870748299322,1012.1666666666666,1013.6,-3.1000000000000227,4.100000000000023,-5.541156462584922,24.033333333333335,21.814285714285713,-13.3,2.6000000000000014,1.0697278911564645,0.06666666666666667,1.957142857142857,0.0,-4.3,-2.8619047619047615,3.1000000000000227,-2.6000000000000227,False,6.0,0.7999999999999998,2,11,4,False,False,False,False,False,False,False,True,False,0,-0.39634290478739864,0
2025-11-13,84,-0.12,-0.14,68,75,76,48,97,77,19,72,81.0,4500,900,,,,,,,,,,,,14.1,5.3,9.0,49,1016.6,24.1,0.0,85.33333333333333,85.71428571428571,-4.0,3.0,5.0,-0.21999999999999997,-0.16142857142857142,0.24,0.16000000000000003,-0.14503401360544216,-0.09333333333333332,-0.057999999999999996,0.01999999999999999,-0.13,-0.2120890410958904,70.33333333333333,73.57142857142857,-6.0,-6.0,-7.710884353741491,56.333333333333336,64.85714285714286,20.0,-4.0,3.1700680272108883,76.33333333333333,79.28571428571429,-3.0,7.0,-8.013605442176868,77.66666666666667,78.85714285714286,-43.0,-30.0,-30.323129251700678,86.0,93.14285714285714,14.0,-3.0,11.370748299319729,78.66666666666667,75.14285714285714,-6.0,10.0,1.2346938775510239,30.666666666666668,23.571428571428573,-20.0,10.0,-42.914965986394556,74.33333333333333,81.28571428571429,-5.0,-16.0,-2.7210884353741562,79.66666666666667,79.0,1.0,0.0,-5.53496503496504,5400.0,4628.571428571428,-1800.0,2700.0,-443.87755102040774,1800.0,4242.857142857143,-900.0,0.0,-2638.7755102040815,,,,,,,,,,,,,,,,,,,,,,,,,,,,,,,,,,,,,,,,,,,,,,,,,,,,,,,,11.4,14.585714285714285,0.0,2.0999999999999996,-2.6217687074829943,1.8,4.8428571428571425,3.3,3.4,-1.7367346938775503,6.199999999999998,9.314285714285715,1.2000000000000002,2.0,-2.657482993197279,50.333333333333336,59.57142857142857,-1.0,-8.0,-16.676870748299322,1014.5666666666666,1012.7428571428572,4.600000000000023,7.2000000000000455,-0.9411564625848996,24.666666666666668,22.485714285714288,5.800000000000001,1.9000000000000021,6.869727891156465,0.0,1.957142857142857,0.0,-0.2,-2.8619047619047615,-4.600000000000023,-1.5,False,1.2000000000000002,7.2,3,11,4,False,False,False,False,False,False,False,True,False,0,-0.3899319376138601,0
2025-11-14,91,-0.2,-0.18,74,59,90,51,98,73,24,88,81.0,1800,3600,,,,,,,,,,,,12.2,1.6,7.3,57,1019.9,11.4,0.0,87.66666666666667,86.28571428571429,7.0,7.0,12.0,-0.22666666666666666,-0.1571428571428571,-0.08000000000000002,-0.020000000000000018,-0.22503401360544217,-0.16,-0.094,-0.03999999999999998,-0.19999999999999998,-0.25208904109589036,72.0,73.14285714285714,6.0,5.0,-1.7108843537414913,63.0,62.42857142857143,-16.0,20.0,-12.829931972789112,81.66666666666667,79.28571428571429,14.0,16.0,5.986394557823132,63.333333333333336,75.85714285714286,3.0,-43.0,-27.323129251700678,92.66666666666667,93.14285714285714,1.0,20.0,12.370748299319729,77.66666666666667,73.57142857142857,-4.0,-3.0,-2.765306122448976,27.333333333333332,22.857142857142858,5.0,-10.0,-37.914965986394556,79.0,82.28571428571429,16.0,14.0,13.278911564625844,80.66666666666667,78.42857142857143,0.0,3.0,-5.53496503496504,4200.0,3728.5714285714284,-2700.0,-3600.0,-3143.8775510204077,2100.0,3085.714285714286,2700.0,900.0,61.224489795918544,,,,,,,,,,,,,,,,,,,,,,,,,,,,,,,,,,,,,,,,,,,,,,,,,,,,,,,,13.466666666666667,14.028571428571428,-1.9000000000000004,6.199999999999999,-4.521768707482995,2.966666666666667,4.285714285714286,-3.6999999999999997,3.5,-5.4367346938775505,8.033333333333331,8.828571428571427,-1.7000000000000002,5.5,-4.357482993197279,52.0,60.714285714285715,8.0,5.0,-8.676870748299322,1016.1666666666666,1012.7571428571429,3.2999999999999545,4.7999999999999545,2.358843537415055,17.933333333333334,19.771428571428572,-12.700000000000001,-20.200000000000003,-5.830272108843536,0.0,1.957142857142857,0.0,0.0,-2.8619047619047615,-3.2999999999999545,-7.899999999999977,False,1.7000000000000002,0.5,4,11,4,False,False,False,False,False,False,False,True,False,0,-0.39763389056233683,0
2025-11-15,85,-0.08,-0.16,71,80,86,94,74,86,23,64,85.0,2700,10800,,,,,,,,,,,,17.0,7.0,11.2,66,1007.6,19.5,0.1,86.66666666666667,86.0,-6.0,-3.0,6.0,-0.13333333333333333,-0.1857142857142857,0.12000000000000001,0.27999999999999997,-0.10503401360544218,-0.16,-0.105,0.01999999999999999,0.0,-0.2320890410958904,71.0,73.0,-3.0,-3.0,-4.710884353741491,71.33333333333333,63.714285714285715,21.0,25.0,8.170068027210888,84.0,81.28571428571429,-4.0,7.0,1.9863945578231323,64.33333333333333,78.57142857142857,43.0,3.0,15.676870748299322,89.66666666666667,89.85714285714286,-24.0,-9.0,-11.629251700680271,78.66666666666667,76.42857142857143,13.0,3.0,10.234693877551024,22.0,23.714285714285715,-1.0,-16.0,-38.914965986394556,74.66666666666667,79.71428571428571,-24.0,-13.0,-10.721088435374156,82.33333333333333,79.85714285714286,4.0,5.0,-1.5349650349650403,3000.0,3985.714285714286,900.0,-3600.0,-2243.8775510204077,5100.0,4242.857142857143,7200.0,9000.0,7261.224489795919,,,,,,,,,,,,,,,,,,,,,,,,,,,,,,,,,,,,,,,,,,,,,,,,,,,,,,,,14.433333333333332,13.657142857142857,4.800000000000001,2.9000000000000004,0.27823129251700607,4.633333333333334,3.6000000000000005,5.4,5.0,-0.03673469387755013,9.166666666666666,8.299999999999999,3.8999999999999995,3.3999999999999995,-0.4574829931972797,57.333333333333336,59.285714285714285,9.0,16.0,0.32312925170067786,1014.7000000000002,1012.6428571428571,-12.299999999999955,-4.399999999999977,-9.9411564625849,18.333333333333332,20.400000000000002,8.1,1.1999999999999993,2.269727891156464,0.03333333333333333,0.6571428571428571,0.1,0.1,-2.7619047619047614,12.299999999999955,9.0,True,3.8999999999999995,2.1999999999999993,5,11,4,False,False,False,False,False,False,False,True,True,0,-0.4076044737002081,0
2025-11-16,83,0.15,0.0,77,83,93,89,98,69,8,84,84.0,0,900,,,,,,,,,,,,18.2,6.8,13.1,48,998.6,33.6,1.6,86.33333333333333,85.14285714285714,-2.0,-1.0,4.0,-0.043333333333333335,-0.15285714285714283,0.22999999999999998,0.27,0.12496598639455782,-0.11333333333333333,-0.09,0.16,0.14,-0.0720890410958904,74.0,72.42857142857143,6.0,9.0,1.2891156462585087,74.0,67.14285714285714,3.0,8.0,11.170068027210888,89.66666666666667,81.0,7.0,17.0,8.986394557823132,78.0,77.85714285714286,-5.0,41.0,10.676870748299322,90.0,89.71428571428571,24.0,1.0,12.370748299319729,76.0,75.85714285714286,-17.0,-8.0,-6.765306122448976,18.333333333333332,22.285714285714285,-15.0,-11.0,-53.914965986394556,78.66666666666667,78.14285714285714,20.0,12.0,9.278911564625844,83.33333333333333,81.42857142857143,-1.0,3.0,-2.5349650349650403,1500.0,3214.285714285714,-2700.0,-4500.0,-4943.877551020408,5100.0,3085.714285714286,-9900.0,0.0,-2638.7755102040815,,,,,,,,,,,,,,,,,,,,,,,,,,,,,,,,,,,,,,,,,,,,,,,,,,,,,,,,15.799999999999999,13.37142857142857,1.1999999999999993,4.1,1.4782312925170054,5.133333333333333,3.242857142857143,-0.20000000000000018,1.5,-0.2367346938775503,10.533333333333331,8.17142857142857,1.9000000000000004,4.1,1.4425170068027207,57.0,54.142857142857146,-18.0,-1.0,-17.676870748299322,1008.6999999999999,1011.3142857142857,-9.0,-18.0,-18.9411564625849,21.5,22.95714285714286,14.100000000000001,9.5,16.369727891156465,0.5666666666666668,0.27142857142857146,1.5,1.6,-1.2619047619047614,9.0,21.299999999999955,True,1.9000000000000004,5.8,6,11,4,False,False,False,False,False,False,False,False,True,0,-0.42916796335707325,0
2025-11-17,85,-0.07,-0.09,78,77,95,89,96,87,47,70,83.0,11700,2700,,,,,,,,,,,,10.0,4.3,6.8,38,1013.0,23.7,0.0,84.33333333333333,85.71428571428571,2.0,-6.0,6.0,0.0,-0.12285714285714285,-0.22,0.13,-0.09503401360544218,-0.08333333333333333,-0.10142857142857142,-0.09,0.09,-0.1620890410958904,75.33333333333333,73.0,1.0,4.0,2.2891156462585087,80.0,66.85714285714286,-6.0,18.0,5.170068027210888,91.33333333333333,84.71428571428571,2.0,5.0,10.986394557823132,90.66666666666667,79.42857142857143,0.0,38.0,10.676870748299322,89.33333333333333,89.14285714285714,-2.0,-2.0,10.370748299319729,80.66666666666667,78.71428571428571,18.0,14.0,11.234693877551024,26.0,27.714285714285715,39.0,23.0,-14.914965986394556,72.66666666666667,75.57142857142857,-14.0,-18.0,-4.721088435374156,84.0,81.71428571428571,-1.0,2.0,-3.5349650349650403,4800.0,4628.571428571428,11700.0,9900.0,6756.122448979592,4800.0,3342.8571428571427,1800.0,-900.0,-838.7755102040815,,,,,,,,,,,,,,,,,,,,,,,,,,,,,,,,,,,,,,,,,,,,,,,,,,,,,,,,15.066666666666668,13.085714285714285,-8.2,-2.1999999999999993,-6.721768707482994,6.033333333333334,3.585714285714286,-2.5,2.6999999999999997,-2.7367346938775503,10.366666666666665,8.142857142857142,-6.3,-0.5,-4.857482993197279,50.666666666666664,51.42857142857143,-10.0,-19.0,-27.676870748299322,1006.4,1011.8285714285714,14.399999999999977,-6.899999999999977,-4.541156462584922,25.600000000000005,23.17142857142857,-9.900000000000002,12.299999999999999,6.469727891156463,0.5666666666666668,0.24285714285714288,-1.6,0.0,-2.8619047619047615,-14.399999999999977,-5.399999999999977,True,6.3,4.3999999999999995,0,11,4,False,False,False,False,False,False,False,True,False,0,-0.4154565490386693,0
2025-11-18,80,-0.22,-0.05,60,57,88,78,55,79,15,53,89.0,10800,900,,,,,,,,,,,,9.7,-0.1,4.8,56,1022.3,11.3,5.9,82.66666666666667,85.14285714285714,-5.0,-5.0,1.0,-0.04666666666666667,-0.12857142857142856,-0.15,-0.14,-0.2450340136054422,-0.046666666666666655,-0.11142857142857143,0.039999999999999994,0.11,-0.1220890410958904,71.66666666666667,71.71428571428571,-18.0,-11.0,-15.710884353741491,72.33333333333333,69.42857142857143,-20.0,-23.0,-14.829931972789112,92.0,86.71428571428571,-7.0,2.0,3.9863945578231323,85.33333333333333,77.14285714285714,-11.0,-16.0,-0.32312925170067786,83.0,85.85714285714286,-41.0,-19.0,-30.62925170068027,78.33333333333333,79.14285714285714,-8.0,-7.0,3.234693877551024,23.333333333333332,25.0,-32.0,-8.0,-46.914965986394556,69.0,72.57142857142857,-17.0,-11.0,-21.721088435374156,85.33333333333333,83.28571428571429,6.0,4.0,2.4650349650349597,7500.0,5400.0,-900.0,8100.0,5856.122448979592,1500.0,3085.714285714286,-1800.0,-9900.0,-2638.7755102040815,,,,,,,,,,,,,,,,,,,,,,,,,,,,,,,,,,,,,,,,,,,,,,,,,,,,,,,,12.633333333333333,13.614285714285714,-0.3000000000000007,-7.300000000000001,-7.021768707482995,3.6666666666666665,3.8428571428571425,-4.3999999999999995,-7.1,-7.13673469387755,8.233333333333333,8.571428571428571,-2.0,-6.3999999999999995,-6.857482993197279,47.333333333333336,52.0,18.0,-10.0,-9.676870748299322,1011.3000000000001,1012.8571428571429,9.299999999999955,14.699999999999932,4.758843537415032,22.86666666666667,20.271428571428572,-12.399999999999999,-8.2,-5.9302721088435355,2.5,1.0857142857142859,5.9,5.800000000000001,3.038095238095239,-9.299999999999955,-23.699999999999932,True,2.0,8.3,1,11,4,False,False,False,False,False,True,False,True,False,0,-0.42303113666071657,0
2025-11-19,68,-0.01,0.07,58,58,95,83,57,75,9,47,92.0,12600,0,,,,,,,,,,,,9.2,4.6,6.7,87,1021.1,15.0,6.9,77.66666666666667,82.28571428571429,-12.0,-15.0,-11.0,-0.09999999999999999,-0.07857142857142856,0.21,-0.16,-0.03503401360544218,-0.02333333333333332,-0.07857142857142856,0.12000000000000001,0.07,-0.0020890410958903927,65.33333333333333,69.42857142857143,-2.0,-19.0,-17.71088435374149,64.0,69.85714285714286,1.0,-25.0,-13.829931972789112,92.66666666666667,89.0,7.0,2.0,10.986394557823132,83.33333333333333,76.0,5.0,-6.0,4.676870748299322,69.33333333333333,82.14285714285714,2.0,-41.0,-28.62925170068027,80.33333333333333,78.0,-4.0,6.0,-0.7653061224489761,23.666666666666668,20.714285714285715,-6.0,1.0,-52.914965986394556,56.666666666666664,68.28571428571429,-6.0,-37.0,-27.721088435374156,88.0,85.0,3.0,8.0,5.46503496503496,11700.0,6300.0,1800.0,12600.0,7656.122448979592,1200.0,2828.5714285714284,-900.0,-900.0,-3538.7755102040815,,,,,,,,,,,,,,,,,,,,,,,,,,,,,,,,,,,,,,,,,,,,,,,,,,,,,,,,9.633333333333333,12.914285714285713,-0.5,-9.0,-7.521768707482995,2.9333333333333336,4.214285714285714,4.699999999999999,-2.2,-2.4367346938775505,6.099999999999999,8.414285714285715,1.9000000000000004,-6.3999999999999995,-4.957482993197279,60.333333333333336,57.285714285714285,31.0,39.0,21.323129251700678,1018.8000000000001,1014.157142857143,-1.1999999999999318,22.5,3.5588435374151004,16.666666666666668,19.8,3.6999999999999993,-18.6,-2.230272108843536,4.266666666666667,2.0714285714285716,1.0,5.300000000000001,4.038095238095239,1.1999999999999318,-8.100000000000023,False,1.9000000000000004,0.09999999999999964,2,11,4,False,False,False,False,False,True,True,True,False,1,-0.4384757907029143,0
2025-11-20,66,-0.11,-0.08,58,81,88,64,50,90,21,41,95.0,14400,0,,,,,,,,,,,,7.6,3.8,5.9,86,1023.3,6.4,0.4,71.33333333333333,79.71428571428571,-2.0,-19.0,-13.0,-0.11333333333333333,-0.07714285714285714,-0.1,-0.039999999999999994,-0.13503401360544218,-0.01999999999999999,-0.06999999999999999,-0.15000000000000002,0.009999999999999995,-0.1520890410958904,58.666666666666664,68.0,0.0,-20.0,-17.71088435374149,65.33333333333333,70.71428571428571,23.0,4.0,9.170068027210888,90.33333333333333,90.71428571428571,-7.0,-7.0,3.9863945578231323,75.0,78.28571428571429,-19.0,-25.0,-14.323129251700678,54.0,75.42857142857143,-7.0,-46.0,-35.62925170068027,81.33333333333333,79.85714285714286,15.0,3.0,14.234693877551024,15.0,21.0,12.0,-26.0,-40.914965986394556,47.0,63.857142857142854,-6.0,-29.0,-33.721088435374156,92.0,87.0,3.0,12.0,8.46503496503496,12600.0,7714.285714285715,1800.0,2700.0,9456.122448979593,300.0,2700.0,0.0,-2700.0,-3538.7755102040815,,,,,,,,,,,,,,,,,,,,,,,,,,,,,,,,,,,,,,,,,,,,,,,,,,,,,,,,8.833333333333334,11.985714285714284,-1.5999999999999996,-2.4000000000000004,-9.121768707482994,2.766666666666667,4.0,-0.7999999999999998,-0.5,-3.2367346938775503,5.799999999999998,7.971428571428572,-0.7999999999999998,-0.8999999999999995,-5.757482993197279,76.33333333333333,62.57142857142857,-1.0,48.0,20.323129251700678,1022.2333333333332,1015.1142857142856,2.199999999999932,10.299999999999955,5.758843537415032,10.900000000000004,17.271428571428572,-8.6,-17.299999999999997,-10.830272108843536,4.4,2.1285714285714286,-6.5,0.4,-2.4619047619047616,-2.199999999999932,-1.0,False,0.7999999999999998,1.1000000000000005,3,11,4,False,False,False,False,False,True,True,True,False,1,-0.4624833010356518,1
2025-11-21,77,0.22,0.02,76,80,90,83,100,90,20,71,98.0,7200,5400,,,,,,,,,,,,13.0,4.8,8.7,89,1017.7,6.9,0.0,70.33333333333333,77.71428571428571,11.0,-3.0,-2.0,0.03333333333333335,-0.017142857142857126,0.33,0.44,0.1949659863945578,0.0033333333333333444,-0.04142857142857142,0.1,0.07,-0.052089041095890395,64.0,68.28571428571429,18.0,16.0,0.2891156462585087,73.0,73.71428571428571,-1.0,23.0,8.170068027210888,91.0,90.71428571428571,2.0,2.0,5.986394557823132,76.66666666666667,82.85714285714286,19.0,5.0,4.676870748299322,69.0,75.71428571428571,50.0,45.0,14.370748299319729,85.0,82.28571428571429,0.0,11.0,14.234693877551024,16.666666666666668,20.428571428571427,-1.0,5.0,-41.914965986394556,53.0,61.42857142857143,30.0,18.0,-3.7210884353741562,95.0,89.42857142857143,3.0,9.0,11.46503496503496,11400.0,8485.714285714286,-7200.0,-3600.0,2256.1224489795923,1800.0,2957.1428571428573,5400.0,4500.0,1861.2244897959185,,,,,,,,,,,,,,,,,,,,,,,,,,,,,,,,,,,,,,,,,,,,,,,,,,,,,,,,9.933333333333332,12.099999999999998,5.4,3.3000000000000007,-3.721768707482994,4.3999999999999995,4.457142857142857,1.0,4.8999999999999995,-2.2367346938775503,7.099999999999999,8.171428571428573,2.799999999999999,3.8999999999999995,-2.9574829931972797,87.33333333333333,67.14285714285714,3.0,33.0,23.323129251700678,1020.6999999999999,1014.8000000000001,-5.599999999999909,-4.599999999999909,0.15884353741512314,9.433333333333335,16.62857142857143,0.5,-4.4,-10.330272108843536,2.4333333333333336,2.1285714285714286,-0.4,-5.9,-2.8619047619047615,5.599999999999909,3.3999999999999773,True,2.799999999999999,1.9999999999999991,4,11,4,False,False,False,False,False,False,False,True,True,0,-0.41499028823843187,0
2025-11-22,81,0.11,0.05,78,69,93,86,96,83,12,86,97.0,4500,900,,,,,,,,,,,,13.2,6.2,10.0,89,1012.9,13.5,4.6,74.66666666666667,77.14285714285714,4.0,13.0,2.0,0.07333333333333335,0.010000000000000018,-0.11,0.12,0.08496598639455782,-0.0033333333333333223,-0.011428571428571423,0.030000000000000002,-0.020000000000000004,-0.022089041095890397,70.66666666666667,69.28571428571429,2.0,20.0,2.2891156462585087,76.66666666666667,72.14285714285714,-11.0,11.0,-2.8299319727891117,90.33333333333333,91.71428571428571,3.0,-2.0,8.986394557823132,77.66666666666667,81.71428571428571,3.0,3.0,7.676870748299322,82.0,78.85714285714286,-4.0,39.0,10.370748299319729,87.66666666666667,81.85714285714286,-7.0,8.0,7.234693877551024,17.666666666666668,18.857142857142858,-8.0,3.0,-49.914965986394556,66.0,64.57142857142857,15.0,39.0,11.278911564625844,96.66666666666667,91.14285714285714,-1.0,5.0,10.46503496503496,8700.0,8742.857142857143,-2700.0,-8100.0,-443.87755102040774,2100.0,1542.857142857143,-4500.0,900.0,-2638.7755102040815,,,,,,,,,,,,,,,,,,,,,,,,,,,,,,,,,,,,,,,,,,,,,,,,,,,,,,,,11.266666666666666,11.557142857142855,0.1999999999999993,4.0,-3.5217687074829946,4.933333333333334,4.342857142857143,1.4000000000000004,1.6000000000000005,-0.83673469387755,8.199999999999998,8.0,1.3000000000000007,3.3,-1.657482993197279,88.0,70.42857142857143,0.0,2.0,23.323129251700678,1017.9666666666667,1015.5571428571428,-4.800000000000068,-8.200000000000045,-4.641156462584945,8.933333333333335,15.771428571428572,6.6,-1.5,-3.730272108843536,1.6666666666666667,2.771428571428572,4.6,-2.3000000000000007,1.7380952380952381,4.800000000000068,10.399999999999977,False,1.3000000000000007,4.1,5,11,4,False,False,False,False,False,False,False,True,False,0,-0.38709764324736173,0
2025-11-23,77,0.27,0.14,73,63,83,48,100,77,14,87,98.0,6300,1800,,,,,,,,,,,,15.3,1.7,7.5,77,1017.3,15.1,0.0,78.33333333333333,76.28571428571429,-4.0,11.0,-2.0,0.20000000000000004,0.027142857142857163,0.16000000000000003,0.38,0.24496598639455786,0.07000000000000002,0.008571428571428579,0.09000000000000001,0.22000000000000003,0.06791095890410961,75.66666666666667,68.71428571428571,-5.0,15.0,-2.7108843537414913,70.66666666666667,69.28571428571429,-6.0,-18.0,-8.829931972789112,88.66666666666667,90.28571428571429,-10.0,-5.0,-1.0136054421768677,72.33333333333333,75.85714285714286,-38.0,-16.0,-30.323129251700678,98.66666666666667,79.14285714285714,4.0,50.0,14.370748299319729,83.33333333333333,83.0,-6.0,-13.0,1.2346938775510239,15.333333333333334,19.714285714285715,2.0,-7.0,-47.914965986394556,81.33333333333333,65.0,1.0,46.0,12.278911564625844,97.66666666666667,93.14285714285714,1.0,3.0,11.46503496503496,6000.0,9642.857142857143,1800.0,-8100.0,1356.1224489795923,2700.0,1671.4285714285713,900.0,1800.0,-1738.7755102040815,,,,,,,,,,,,,,,,,,,,,,,,,,,,,,,,,,,,,,,,,,,,,,,,,,,,,,,,13.833333333333334,11.142857142857142,2.1000000000000014,7.700000000000001,-1.4217687074829932,4.233333333333333,3.6142857142857143,-4.5,-2.0999999999999996,-5.33673469387755,8.733333333333333,7.200000000000001,-2.5,1.5999999999999996,-4.157482993197279,85.0,74.57142857142857,-12.0,-9.0,11.323129251700678,1015.9666666666667,1018.2285714285715,4.399999999999977,-6.0,-0.2411564625849678,11.833333333333336,13.12857142857143,1.5999999999999996,8.7,-2.1302721088435366,1.5333333333333332,2.542857142857143,-4.6,-0.4,-2.8619047619047615,-4.399999999999977,0.40000000000009095,False,2.5,1.1999999999999993,6,11,4,False,False,False,False,False,False,False,True,False,0,-0.3997803408503966,0
2025-11-24,80,0.18,0.21,70,49,74,81,97,71,21,79,98.0,8100,900,,,,,,,,,,,,13.8,4.3,8.1,62,1023.8,12.6,0.0,79.33333333333333,75.57142857142857,3.0,3.0,1.0,0.18666666666666668,0.06285714285714288,-0.09000000000000002,-0.04000000000000001,0.15496598639455783,0.13333333333333333,0.051428571428571435,0.06999999999999998,0.19,0.1379109589041096,73.66666666666667,67.57142857142857,-3.0,-6.0,-5.710884353741491,60.333333333333336,65.28571428571429,-14.0,-31.0,-22.82993197278911,83.33333333333333,87.28571428571429,-9.0,-16.0,-10.013605442176868,71.66666666666667,74.71428571428571,33.0,-2.0,2.676870748299322,97.66666666666667,79.28571428571429,-3.0,-3.0,11.370748299319729,77.0,80.71428571428571,-6.0,-19.0,-4.765306122448976,15.666666666666666,16.0,7.0,1.0,-40.914965986394556,84.0,66.28571428571429,-8.0,8.0,4.278911564625844,97.66666666666667,95.28571428571429,0.0,0.0,11.46503496503496,6300.0,9128.57142857143,1800.0,900.0,3156.1224489795923,1200.0,1414.2857142857142,-900.0,-4500.0,-2638.7755102040815,,,,,,,,,,,,,,,,,,,,,,,,,,,,,,,,,,,,,,,,,,,,,,,,,,,,,,,,14.1,11.685714285714285,-1.5,0.8000000000000007,-2.921768707482993,4.066666666666666,3.6142857142857143,2.5999999999999996,-0.5,-2.7367346938775503,8.533333333333331,7.385714285714285,0.5999999999999996,-0.5999999999999996,-3.5574829931972793,76.0,78.0,-15.0,-27.0,-3.676870748299322,1018.0,1019.7714285714285,6.5,6.099999999999909,6.258843537415032,13.733333333333334,11.542857142857144,-2.5,5.699999999999999,-4.630272108843537,1.5333333333333332,2.542857142857143,0.0,0.0,-2.8619047619047615,-6.5,-10.899999999999977,True,0.5999999999999996,1.9000000000000004,0,11,4,False,False,False,False,False,False,False,True,False,0,-0.3822416426962041,0
2025-11-25,75,0.37,0.28,72,86,93,70,87,86,18,68,98.0,3600,2700,,,,,,,,,,,,11.3,4.4,7.9,80,1020.7,11.2,4.9,77.33333333333333,74.85714285714286,-5.0,-6.0,-4.0,0.2733333333333334,0.1471428571428572,0.19,0.26,0.34496598639455783,0.21,0.09857142857142857,0.07000000000000003,0.23000000000000004,0.20791095890410963,71.66666666666667,69.28571428571429,2.0,-6.0,-3.7108843537414913,66.0,69.42857142857143,37.0,17.0,14.170068027210888,83.33333333333333,88.0,19.0,0.0,8.986394557823132,66.33333333333333,73.57142857142857,-11.0,-16.0,-8.323129251700678,94.66666666666667,83.85714285714286,-10.0,-9.0,1.3707482993197289,78.0,81.71428571428571,15.0,3.0,10.234693877551024,17.666666666666668,16.428571428571427,-3.0,6.0,-43.914965986394556,78.0,68.42857142857143,-11.0,-18.0,-6.721088435374156,98.0,96.57142857142857,0.0,1.0,11.46503496503496,6000.0,8100.0,-4500.0,-900.0,-1343.8775510204077,1800.0,1671.4285714285713,1800.0,1800.0,-838.7755102040815,,,,,,,,,,,,,,,,,,,,,,,,,,,,,,,,,,,,,,,,,,,,,,,,,,,,,,,,13.466666666666669,11.914285714285713,-2.5,-1.8999999999999986,-5.421768707482993,3.466666666666667,4.257142857142857,0.10000000000000053,-1.7999999999999998,-2.6367346938775498,7.833333333333331,7.828571428571428,-0.1999999999999993,-2.0999999999999996,-3.7574829931972786,73.0,81.42857142857143,18.0,-9.0,14.323129251700678,1020.5999999999999,1019.5428571428572,-3.099999999999909,7.800000000000068,3.158843537415123,12.966666666666669,11.528571428571427,-1.4000000000000004,-2.3000000000000007,-6.030272108843537,1.6333333333333335,2.4,4.9,0.3000000000000007,2.038095238095239,3.099999999999909,-3.400000000000091,False,0.1999999999999993,0.40000000000000036,1,11,4,False,False,False,True,False,False,False,True,False,0,-0.3938049948698552,0
2025-11-26,80,0.1,0.22,77,78,86,83,98,88,31,75,97.0,15300,900,,,,,,,,,,,,19.8,8.9,14.0,80,1010.0,25.0,1.7,78.33333333333333,76.57142857142857,5.0,3.0,1.0,0.21666666666666667,0.16285714285714287,-0.27,-0.17,0.07496598639455783,0.23666666666666666,0.12000000000000001,-0.060000000000000026,0.07999999999999999,0.1479109589041096,73.0,72.0,5.0,4.0,1.2891156462585087,71.0,72.28571428571429,-8.0,15.0,6.170068027210888,84.33333333333333,86.71428571428571,-7.0,3.0,1.9863945578231323,78.0,73.57142857142857,13.0,35.0,4.676870748299322,94.0,89.71428571428571,11.0,-2.0,12.370748299319729,81.66666666666667,83.57142857142857,2.0,11.0,12.234693877551024,23.333333333333332,19.571428571428573,13.0,17.0,-30.914965986394556,74.0,72.42857142857143,7.0,-12.0,0.27891156462584377,97.66666666666667,97.28571428571429,-1.0,-1.0,10.46503496503496,9000.0,8485.714285714286,11700.0,9000.0,10356.122448979593,1500.0,1800.0,-1800.0,-900.0,-2638.7755102040815,,,,,,,,,,,,,,,,,,,,,,,,,,,,,,,,,,,,,,,,,,,,,,,,,,,,,,,,14.966666666666667,13.428571428571429,8.5,4.5,3.078231292517007,5.866666666666667,4.871428571428572,4.5,7.2,1.8632653061224502,9.999999999999998,8.87142857142857,6.1,6.5,2.342517006802721,74.0,80.42857142857143,0.0,3.0,14.323129251700678,1018.1666666666666,1017.9571428571429,-10.700000000000045,-7.2999999999999545,-7.541156462584922,16.26666666666667,12.957142857142856,13.8,9.9,7.769727891156464,2.2,1.657142857142857,-3.2,1.7,-1.1619047619047616,10.700000000000045,13.799999999999955,True,6.1,5.9,2,11,4,False,False,False,False,False,False,False,True,True,0,-0.40566605260784816,0
2025-11-27,80,0.58,0.42,72,70,83,86,83,73,28,73,90.0,9900,2700,,,,,,,,,,,,7.9,1.6,4.6,51,1016.8,21.9,0.0,78.33333333333333,78.57142857142857,0.0,0.0,1.0,0.35000000000000003,0.26142857142857145,0.48,0.39999999999999997,0.5549659863945577,0.3066666666666667,0.19142857142857145,0.19999999999999998,0.21,0.3479109589041096,73.66666666666667,74.0,-5.0,2.0,-3.7108843537414913,78.0,70.71428571428571,-8.0,21.0,-1.8299319727891117,87.33333333333333,86.0,-3.0,9.0,-1.0136054421768677,79.66666666666667,76.71428571428571,3.0,5.0,7.676870748299322,89.33333333333333,94.42857142857143,-15.0,-14.0,-2.629251700680271,82.33333333333333,81.14285714285714,-15.0,2.0,-2.765306122448976,25.666666666666668,20.571428571428573,-3.0,7.0,-33.914965986394556,72.0,77.0,-2.0,-6.0,-1.7210884353741562,95.0,96.57142857142857,-7.0,-8.0,3.4650349650349597,9600.0,7842.857142857143,-5400.0,1800.0,4956.122448979592,2100.0,2185.714285714286,1800.0,1800.0,-838.7755102040815,,,,,,,,,,,,,,,,,,,,,,,,,,,,,,,,,,,,,,,,,,,,,,,,,,,,,,,,13.0,13.471428571428572,-11.9,-5.9,-8.821768707482994,4.966666666666667,4.557142857142858,-7.300000000000001,-2.6999999999999997,-5.4367346938775505,8.83333333333333,8.685714285714285,-9.4,-3.5,-7.057482993197279,70.33333333333333,75.42857142857143,-29.0,-11.0,-14.676870748299322,1015.8333333333334,1017.0285714285714,6.7999999999999545,-7.0,-0.7411564625849678,19.366666666666667,15.171428571428573,-3.1000000000000014,9.299999999999999,4.669727891156462,2.2,1.6,-1.7,0.0,-2.8619047619047615,-6.7999999999999545,3.900000000000091,True,9.4,3.3000000000000007,3,11,4,False,False,False,True,True,False,False,True,False,0,-0.4117195418750652,0
2025-11-28,84,0.45,0.38,77,53,90,91,92,79,16,87,89.0,3600,1800,,,,,,,,,,,,4.2,-0.6,1.4,47,1021.5,28.3,0.0,81.33333333333333,79.57142857142857,4.0,9.0,5.0,0.37666666666666665,0.2942857142857143,-0.12999999999999995,0.08000000000000002,0.42496598639455785,0.34,0.24285714285714288,-0.03999999999999998,0.09999999999999998,0.3079109589041096,75.33333333333333,74.14285714285714,5.0,5.0,1.2891156462585087,67.0,66.85714285714286,-17.0,-33.0,-18.82993197278911,86.33333333333333,86.0,7.0,-3.0,5.986394557823132,86.66666666666667,77.85714285714286,5.0,21.0,12.676870748299322,91.0,93.28571428571429,9.0,5.0,6.370748299319729,80.0,79.57142857142857,6.0,-7.0,3.234693877551024,25.0,20.0,-12.0,-2.0,-45.914965986394556,78.33333333333333,79.28571428571429,14.0,19.0,12.278911564625844,92.0,95.28571428571429,-1.0,-9.0,2.4650349650349597,9600.0,7328.571428571428,-6300.0,0.0,-1343.8775510204077,1800.0,1671.4285714285713,-900.0,-900.0,-1738.7755102040815,,,,,,,,,,,,,,,,,,,,,,,,,,,,,,,,,,,,,,,,,,,,,,,,,,,,,,,,10.633333333333333,12.214285714285714,-3.7,-7.1000000000000005,-12.521768707482995,3.3000000000000003,3.7857142857142856,-2.2,-5.0,-7.63673469387755,6.666666666666664,7.6428571428571415,-3.1999999999999997,-6.5,-10.257482993197279,59.333333333333336,69.42857142857143,-4.0,-33.0,-18.676870748299322,1016.1,1017.5714285714286,4.7000000000000455,0.7999999999999545,3.9588435374150777,25.066666666666666,18.228571428571428,6.400000000000002,17.1,11.069727891156464,0.5666666666666667,1.6,0.0,-4.9,-2.8619047619047615,-4.7000000000000455,-11.5,False,3.1999999999999997,12.6,4,11,4,False,False,False,True,False,False,False,True,False,0,-0.39699070401906683,0
2025-11-29,76,0.4,0.35,71,54,97,83,98,74,15,72,89.0,900,4500,,,,,,,,,,,,5.1,-2.4,1.2,58,1032.4,15.7,0.0,80.0,78.85714285714286,-8.0,-4.0,-3.0,0.4766666666666666,0.33571428571428574,-0.04999999999999999,0.30000000000000004,0.37496598639455786,0.3833333333333333,0.2857142857142857,-0.030000000000000027,0.12999999999999998,0.27791095890410955,73.33333333333333,73.14285714285714,-6.0,-6.0,-4.710884353741491,59.0,64.71428571428571,1.0,-24.0,-17.82993197278911,90.0,86.57142857142857,7.0,11.0,12.986394557823132,86.66666666666667,77.42857142857143,-8.0,0.0,4.676870748299322,91.0,93.57142857142857,6.0,0.0,12.370748299319729,75.33333333333333,78.28571428571429,-5.0,-14.0,-1.7653061224489761,19.666666666666668,20.428571428571427,-1.0,-16.0,-46.914965986394556,77.33333333333333,77.28571428571429,-15.0,-3.0,-2.7210884353741562,89.33333333333333,94.14285714285714,0.0,-8.0,2.4650349650349597,4800.0,6814.285714285715,-2700.0,-14400.0,-4043.8775510204077,3000.0,2185.714285714286,2700.0,3600.0,961.2244897959185,,,,,,,,,,,,,,,,,,,,,,,,,,,,,,,,,,,,,,,,,,,,,,,,,,,,,,,,5.733333333333333,11.057142857142855,0.8999999999999995,-14.700000000000001,-11.621768707482994,-0.4666666666666666,2.5571428571428574,-1.7999999999999998,-11.3,-9.43673469387755,2.399999999999998,6.385714285714286,-0.19999999999999996,-12.8,-10.45748299319728,52.0,65.0,11.0,-22.0,-7.676870748299322,1023.5666666666667,1020.3571428571429,10.900000000000091,22.40000000000009,14.858843537415169,21.96666666666667,18.54285714285714,-12.600000000000001,-9.3,-1.530272108843537,0.0,0.942857142857143,0.0,-1.7,-2.8619047619047615,-10.900000000000091,-15.600000000000136,True,0.19999999999999996,3.3999999999999995,5,11,4,False,False,False,True,False,False,False,True,False,0,-0.40328543272971473,0
2025-11-30,71,0.2,0.45,62,61,79,70,82,67,55,50,93.0,2700,900,,,,,,,,,,,,5.4,1.0,2.6,77,1024.9,19.1,2.3,77.0,78.0,-5.0,-9.0,-8.0,0.35000000000000003,0.32571428571428573,-0.2,-0.37999999999999995,0.17496598639455785,0.3933333333333333,0.33,0.10000000000000003,0.030000000000000027,0.37791095890410964,70.0,71.57142857142857,-9.0,-10.0,-13.710884353741491,56.0,64.42857142857143,7.0,-9.0,-10.829931972789112,88.66666666666667,86.0,-18.0,-4.0,-5.013605442176868,81.33333333333333,80.57142857142857,-13.0,-16.0,-8.323129251700678,90.66666666666667,91.0,-16.0,-1.0,-3.629251700680271,73.33333333333333,76.85714285714286,-7.0,-6.0,-8.765306122448976,28.666666666666668,26.285714285714285,40.0,27.0,-6.914965986394556,69.66666666666667,72.0,-22.0,-23.0,-24.721088435374156,90.33333333333333,93.42857142857143,4.0,3.0,6.46503496503496,2400.0,6300.0,1800.0,-7200.0,-2243.8775510204077,2400.0,2057.1428571428573,-3600.0,-1800.0,-2638.7755102040815,,,,,,,,,,,,,,,,,,,,,,,,,,,,,,,,,,,,,,,,,,,,,,,,,,,,,,,,4.8999999999999995,9.642857142857142,0.3000000000000007,-2.5,-11.321768707482994,-0.6666666666666666,2.4571428571428577,3.4,-0.6000000000000001,-6.03673469387755,1.7333333333333316,5.685714285714286,1.4000000000000001,-1.9999999999999996,-9.05748299319728,60.666666666666664,65.0,19.0,26.0,11.323129251700678,1026.2666666666667,1021.4428571428572,-7.5,8.100000000000136,7.358843537415169,21.033333333333335,19.114285714285717,3.400000000000002,-2.799999999999997,1.8697278911564652,0.7666666666666666,1.2714285714285716,2.3,2.3,-0.5619047619047617,7.5,-3.400000000000091,True,1.4000000000000001,1.2000000000000002,6,11,4,False,False,False,False,False,True,False,True,True,1,-0.4166252006986542,0
2025-12-01,74,0.56,0.53,73,93,81,78,93,92,43,59,91.0,7200,3600,,,,,,,,,,,,6.4,0.1,2.7,61,1027.4,22.0,0.0,73.66666666666667,77.14285714285714,3.0,-10.0,-5.0,0.3866666666666667,0.38,0.36000000000000004,0.11000000000000004,0.5349659863945578,0.44333333333333336,0.3757142857142857,0.08000000000000002,0.15000000000000002,0.4579109589041096,68.66666666666667,72.0,11.0,-4.0,-2.7108843537414913,69.33333333333333,70.71428571428571,32.0,40.0,21.17006802721089,85.66666666666667,87.0,2.0,-9.0,-3.0136054421768677,77.0,80.14285714285714,8.0,-13.0,-0.32312925170067786,91.0,90.42857142857143,11.0,1.0,7.370748299319729,77.66666666666667,79.85714285714286,25.0,13.0,16.234693877551024,37.666666666666664,29.428571428571427,-12.0,27.0,-18.914965986394556,60.333333333333336,69.14285714285714,9.0,-28.0,-15.721088435374156,91.0,92.42857142857143,-2.0,2.0,4.46503496503496,3600.0,6171.428571428572,4500.0,3600.0,2256.1224489795923,3000.0,2442.8571428571427,2700.0,1800.0,61.224489795918544,,,,,,,,,,,,,,,,,,,,,,,,,,,,,,,,,,,,,,,,,,,,,,,,,,,,,,,,5.633333333333334,8.585714285714285,1.0,2.2,-10.321768707482994,-0.4333333333333333,1.8571428571428572,-0.9,0.7,-6.9367346938775505,2.1666666666666647,4.9142857142857155,0.10000000000000009,1.3000000000000003,-8.957482993197278,65.33333333333333,64.85714285714286,-16.0,14.0,-4.676870748299322,1028.2333333333333,1021.9571428571429,2.5,5.900000000000091,9.858843537415169,18.933333333333337,20.45714285714286,2.8999999999999986,-6.300000000000001,4.769727891156464,0.7666666666666666,1.2714285714285716,-2.3,0.0,-2.8619047619047615,-2.5,5.0,False,0.10000000000000009,1.5000000000000002,0,12,1,False,False,False,True,True,False,False,True,False,0,-0.4172382155003463,0
2025-12-02,72,0.3,0.37,76,70,96,94,95,88,32,70,94.0,7200,3600,,,,,,,,,,,,4.0,-0.4,1.4,88,1013.8,20.3,17.8,72.33333333333333,76.71428571428571,-2.0,-4.0,-7.0,0.35333333333333333,0.37,-0.26000000000000006,-0.10000000000000003,0.2749659863945578,0.45,0.3885714285714285,-0.16000000000000003,0.020000000000000018,0.29791095890410957,70.33333333333333,72.57142857142857,3.0,5.0,0.2891156462585087,74.66666666666667,68.42857142857143,-23.0,16.0,-1.8299319727891117,85.33333333333333,87.42857142857143,15.0,-1.0,11.986394557823132,80.66666666666667,83.57142857142857,16.0,11.0,15.676870748299322,90.0,91.57142857142857,2.0,-3.0,9.370748299319729,82.33333333333333,80.14285714285714,-4.0,14.0,12.234693877551024,43.333333333333336,31.428571428571427,-11.0,17.0,-29.914965986394556,59.666666666666664,69.42857142857143,11.0,-2.0,-4.721088435374156,92.66666666666667,91.85714285714286,3.0,5.0,7.46503496503496,5700.0,6685.714285714285,0.0,6300.0,2256.1224489795923,2700.0,2571.4285714285716,0.0,-900.0,61.224489795918544,,,,,,,,,,,,,,,,,,,,,,,,,,,,,,,,,,,,,,,,,,,,,,,,,,,,,,,,5.266666666666667,7.542857142857143,-2.4000000000000004,-1.0999999999999996,-12.721768707482994,0.2333333333333333,1.171428571428572,-0.5,2.0,-7.4367346938775505,2.2333333333333316,3.9857142857142853,-1.3000000000000003,0.19999999999999996,-10.257482993197279,75.33333333333333,66.0,27.0,30.0,22.323129251700678,1022.0333333333334,1020.9714285714286,-13.600000000000136,-18.600000000000136,-3.741156462584968,20.46666666666667,21.757142857142856,-1.6999999999999993,4.600000000000001,3.0697278911564645,6.7,3.1142857142857143,17.8,17.8,14.93809523809524,13.600000000000136,11.100000000000136,True,1.3000000000000003,1.2000000000000002,1,12,1,False,False,False,False,False,False,False,True,True,0,-0.4161834938182165,0
2025-12-03,70,0.36,0.38,74,61,86,86,97,67,56,71,94.0,4500,2700,,,,,,,,,,,,5.6,-1.4,1.7,70,1018.4,19.3,0.0,72.0,75.28571428571429,-2.0,-1.0,-9.0,0.4066666666666667,0.40714285714285714,0.06,0.15999999999999998,0.3349659863945578,0.4266666666666667,0.4114285714285714,0.010000000000000009,-0.07,0.3079109589041096,74.33333333333333,72.14285714285714,-2.0,12.0,-1.7108843537414913,74.66666666666667,66.0,-9.0,0.0,-10.829931972789112,87.66666666666667,87.42857142857143,-10.0,7.0,1.9863945578231323,86.0,84.0,-8.0,16.0,7.676870748299322,95.0,91.42857142857143,2.0,15.0,11.370748299319729,82.33333333333333,77.14285714285714,-21.0,0.0,-8.765306122448976,43.666666666666664,35.0,24.0,1.0,-5.914965986394556,66.66666666666667,68.85714285714286,1.0,21.0,-3.7210884353741562,93.0,91.42857142857143,0.0,1.0,7.46503496503496,6300.0,5142.857142857143,-2700.0,1800.0,-443.87755102040774,3300.0,2828.5714285714284,-900.0,1800.0,-838.7755102040815,,,,,,,,,,,,,,,,,,,,,,,,,,,,,,,,,,,,,,,,,,,,,,,,,,,,,,,,5.333333333333333,5.514285714285714,1.5999999999999996,0.1999999999999993,-11.121768707482994,-0.5666666666666667,-0.29999999999999993,-0.9999999999999999,-2.4,-8.43673469387755,1.9333333333333318,2.2285714285714286,0.30000000000000004,-0.9000000000000001,-9.95748299319728,73.0,64.57142857142857,-18.0,-7.0,4.323129251700678,1019.8666666666667,1022.1714285714286,4.600000000000023,-6.500000000000114,0.8588435374150549,20.533333333333335,20.942857142857143,-1.0,0.1999999999999993,2.0697278911564645,5.933333333333334,2.8714285714285714,-17.8,-2.3,-2.8619047619047615,-4.600000000000023,9.000000000000114,False,0.30000000000000004,1.0000000000000002,2,12,1,False,False,False,True,False,False,False,True,False,0,-0.39656631271687864,0
2025-12-04,75,0.13,0.38,69,71,79,83,85,75,23,67,98.0,3600,5400,,,,,,,,,,,,5.8,-1.8,1.2,68,1021.3,20.4,0.0,72.33333333333333,74.57142857142857,5.0,1.0,-4.0,0.26333333333333336,0.3428571428571429,-0.22999999999999998,-0.43000000000000005,0.10496598639455783,0.37666666666666665,0.40571428571428575,0.0,-0.15000000000000002,0.3079109589041096,73.0,71.71428571428571,-5.0,-4.0,-6.710884353741491,67.33333333333333,66.14285714285714,10.0,-22.0,-0.8299319727891117,87.0,86.85714285714286,-7.0,-2.0,-5.013605442176868,87.66666666666667,83.57142857142857,-3.0,5.0,4.676870748299322,92.33333333333333,91.71428571428571,-12.0,-8.0,-0.6292517006802711,76.66666666666667,77.42857142857143,8.0,-17.0,-0.7653061224489761,37.0,34.285714285714285,-33.0,-20.0,-38.914965986394556,69.33333333333333,68.0,-4.0,8.0,-7.721088435374156,95.33333333333333,92.57142857142857,4.0,7.0,11.46503496503496,5100.0,4242.857142857143,-900.0,-3600.0,-1343.8775510204077,3900.0,3214.285714285714,2700.0,1800.0,1861.2244897959185,,,,,,,,,,,,,,,,,,,,,,,,,,,,,,,,,,,,,,,,,,,,,,,,,,,,,,,,5.133333333333333,5.214285714285714,0.20000000000000018,-0.6000000000000005,-10.921768707482993,-1.2,-0.7857142857142857,-0.40000000000000013,-1.9000000000000001,-8.83673469387755,1.4333333333333318,1.7428571428571427,-0.5,-1.5000000000000002,-10.45748299319728,75.33333333333333,67.0,-2.0,7.0,2.323129251700678,1017.8333333333334,1022.8142857142858,2.8999999999999773,-6.100000000000136,3.758843537415032,20.000000000000004,20.728571428571428,1.0999999999999979,-1.6000000000000014,3.1697278911564624,5.933333333333334,2.8714285714285714,0.0,0.0,-2.8619047619047615,-2.8999999999999773,-7.5,False,0.5,0.19999999999999996,3,12,1,False,False,False,False,False,True,False,True,False,0,-0.393373724068499,0
2025-12-05,80,0.07,0.27,74,72,67,81,93,90,47,70,99.0,1800,1800,,,,,,,,,,,,-0.7,-2.9,-1.8,76,1022.6,12.5,3.0,75.0,74.0,5.0,8.0,1.0,0.18666666666666668,0.28857142857142865,-0.06,-0.22999999999999998,0.04496598639455783,0.3433333333333333,0.39,-0.10999999999999999,-0.09999999999999998,0.19791095890410962,72.33333333333333,71.28571428571429,5.0,-2.0,-1.7108843537414913,68.0,68.85714285714286,1.0,2.0,0.17006802721088832,77.33333333333333,83.57142857142857,-12.0,-29.0,-17.013605442176868,83.33333333333333,82.14285714285714,-2.0,-13.0,2.676870748299322,91.66666666666667,91.85714285714286,8.0,-2.0,7.370748299319729,77.33333333333333,79.0,15.0,2.0,14.234693877551024,42.0,38.714285714285715,24.0,15.0,-14.914965986394556,69.33333333333333,65.57142857142857,3.0,0.0,-4.721088435374156,97.0,94.0,1.0,5.0,12.46503496503496,3300.0,3985.714285714286,-1800.0,-5400.0,-3143.8775510204077,3300.0,3214.285714285714,-3600.0,-1800.0,-1738.7755102040815,,,,,,,,,,,,,,,,,,,,,,,,,,,,,,,,,,,,,,,,,,,,,,,,,,,,,,,,3.5666666666666664,4.514285714285714,-6.5,-4.7,-17.421768707482993,-2.033333333333333,-1.1142857142857143,-1.0999999999999999,-2.5,-9.93673469387755,0.366666666666665,1.2857142857142858,-3.0,-3.2,-13.45748299319728,71.33333333333333,71.14285714285714,8.0,-12.0,10.323129251700678,1020.7666666666668,1022.9714285714288,1.3000000000000682,8.800000000000068,5.0588435374151,17.400000000000002,18.47142857142857,-7.899999999999999,-7.800000000000001,-4.730272108843536,1.0,3.3000000000000003,3.0,-14.8,0.1380952380952385,-1.3000000000000682,-4.2000000000000455,False,3.0,3.5,4,12,1,False,False,False,False,False,False,False,True,False,0,-0.4005634997745165,0
2025-12-06,73,0.44,0.39,77,90,76,54,97,77,22,89,100.0,1800,1800,,,,,,,,,,,,3.3,-1.4,0.3,91,1015.2,9.7,0.0,76.0,73.57142857142857,-7.0,3.0,-6.0,0.21333333333333335,0.2942857142857143,0.37,0.08000000000000002,0.41496598639455784,0.3466666666666667,0.39571428571428563,0.12,0.010000000000000009,0.3179109589041096,73.33333333333333,72.14285714285714,3.0,3.0,1.2891156462585087,77.66666666666667,74.0,18.0,29.0,18.17006802721089,74.0,80.57142857142857,9.0,-10.0,-8.013605442176868,72.66666666666667,78.0,-27.0,-32.0,-24.323129251700678,91.66666666666667,91.71428571428571,4.0,0.0,11.370748299319729,80.66666666666667,79.42857142857143,-13.0,10.0,1.2346938775510239,30.666666666666668,39.714285714285715,-25.0,-34.0,-39.914965986394556,75.33333333333333,68.0,19.0,18.0,14.278911564625844,99.0,95.57142857142857,1.0,6.0,13.46503496503496,2400.0,4114.285714285715,0.0,-2700.0,-3143.8775510204077,3000.0,2828.5714285714284,0.0,-900.0,-1738.7755102040815,,,,,,,,,,,,,,,,,,,,,,,,,,,,,,,,,,,,,,,,,,,,,,,,,,,,,,,,2.7999999999999994,4.257142857142857,4.0,-2.3,-13.421768707482993,-2.033333333333333,-0.9714285714285714,1.5,0.0,-8.43673469387755,-0.10000000000000166,1.157142857142857,2.1,-1.4,-11.357482993197278,78.33333333333333,75.85714285714286,15.0,21.0,25.323129251700678,1019.6999999999999,1020.5142857142857,-7.399999999999977,-3.199999999999932,-2.341156462584877,14.200000000000003,17.614285714285714,-2.8000000000000007,-9.600000000000001,-7.530272108843537,1.0,3.3000000000000003,-3.0,0.0,-2.8619047619047615,7.399999999999977,6.099999999999909,True,2.1,0.8999999999999999,5,12,1,False,False,False,True,False,False,False,True,True,1,-0.40535748046403464,0
2025-12-07,80,0.0,0.12,73,77,86,86,97,83,17,70,100.0,900,2700,,,,,,,,,,,,5.0,-2.9,1.1,83,1019.4,10.0,0.0,77.66666666666667,74.85714285714286,7.0,5.0,1.0,0.17,0.26571428571428574,-0.44,-0.13,-0.025034013605442176,0.26,0.3485714285714286,-0.27,-0.26,0.047910958904109596,74.66666666666667,73.71428571428571,-4.0,4.0,-2.7108843537414913,79.66666666666667,76.28571428571429,-13.0,6.0,5.170068027210888,76.33333333333333,81.57142857142857,10.0,7.0,1.9863945578231323,73.66666666666667,80.28571428571429,32.0,3.0,7.676870748299322,95.66666666666667,93.85714285714286,0.0,12.0,11.370748299319729,83.33333333333333,81.71428571428571,6.0,8.0,7.234693877551024,28.666666666666668,34.285714285714285,-5.0,-6.0,-44.914965986394556,76.33333333333333,70.85714285714286,-19.0,3.0,-4.721088435374156,99.66666666666667,96.57142857142857,0.0,2.0,13.46503496503496,1500.0,3857.1428571428573,-900.0,-2700.0,-4043.8775510204077,2100.0,3085.714285714286,900.0,-2700.0,-838.7755102040815,,,,,,,,,,,,,,,,,,,,,,,,,,,,,,,,,,,,,,,,,,,,,,,,,,,,,,,,2.533333333333333,4.2,1.7000000000000002,-0.7999999999999998,-11.721768707482994,-2.4,-1.5285714285714285,-1.5,-1.0999999999999999,-9.93673469387755,-0.13333333333333494,0.9428571428571428,0.8,-0.09999999999999987,-10.55748299319728,83.33333333333333,76.71428571428571,-8.0,15.0,17.323129251700678,1019.0666666666667,1019.7285714285715,4.199999999999932,-1.8999999999999773,1.858843537415055,10.733333333333334,16.314285714285713,0.3000000000000007,-10.399999999999999,-7.230272108843536,1.0,2.9714285714285715,0.0,0.0,-2.8619047619047615,-4.199999999999932,3.2000000000000455,False,0.8,2.9000000000000004,6,12,1,False,False,False,False,False,False,False,True,False,0,-0.39186274034027613,0
2025-12-08,86,0.13,0.22,76,74,83,81,78,81,33,82,100.0,1800,900,,,,,,,,,,,,1.4,-3.4,-0.6,58,1023.4,18.5,0.0,79.66666666666667,76.57142857142857,6.0,6.0,7.0,0.19000000000000003,0.20428571428571432,0.13,0.06,0.10496598639455783,0.24333333333333332,0.30428571428571427,0.1,-0.05000000000000002,0.1479109589041096,75.33333333333333,74.14285714285714,3.0,2.0,0.2891156462585087,80.33333333333333,73.57142857142857,-3.0,2.0,2.1700680272108883,81.66666666666667,81.85714285714286,-3.0,16.0,-1.0136054421768677,73.66666666666667,80.71428571428571,-5.0,0.0,2.676870748299322,90.66666666666667,91.71428571428571,-19.0,-15.0,-7.629251700680271,80.33333333333333,80.14285714285714,-2.0,-9.0,5.234693877551024,24.0,32.857142857142854,16.0,-14.0,-28.914965986394556,80.33333333333333,74.14285714285714,12.0,12.0,7.278911564625844,100.0,97.85714285714286,0.0,1.0,13.46503496503496,1500.0,3085.714285714286,900.0,0.0,-3143.8775510204077,1800.0,2700.0,-1800.0,-900.0,-2638.7755102040815,,,,,,,,,,,,,,,,,,,,,,,,,,,,,,,,,,,,,,,,,,,,,,,,,,,,,,,,3.233333333333333,3.4857142857142853,-3.6,2.0999999999999996,-15.321768707482994,-2.5666666666666664,-2.0285714285714285,-0.5,-0.5,-10.43673469387755,0.2666666666666651,0.4714285714285714,-1.7000000000000002,1.2000000000000002,-12.257482993197279,77.33333333333333,76.28571428571429,-25.0,-18.0,-7.676870748299322,1019.3333333333334,1019.157142857143,4.0,0.7999999999999545,5.858843537415055,12.733333333333334,15.814285714285715,8.5,6.0,1.2697278911564638,0.0,2.9714285714285715,0.0,-3.0,-2.8619047619047615,-4.0,-8.199999999999932,False,1.7000000000000002,0.8999999999999999,0,12,1,False,False,False,False,False,False,False,True,False,0,-0.3847404197827795,0
2025-12-09,87,-0.03,0.21,84,86,96,91,95,80,52,85,98.0,0,9900,,,,,,,,,,,,0.2,-6.9,-3.2,46,1022.9,17.4,0.0,84.33333333333333,78.71428571428571,1.0,14.0,8.0,0.03333333333333333,0.15714285714285717,-0.16,-0.47,-0.055034013605442175,0.18333333333333335,0.2814285714285714,-0.010000000000000009,-0.18000000000000002,0.1379109589041096,77.66666666666667,75.28571428571429,8.0,7.0,8.289115646258509,79.0,75.85714285714286,12.0,-4.0,14.170068027210888,88.33333333333333,81.85714285714286,13.0,20.0,11.986394557823132,86.0,80.28571428571429,10.0,37.0,12.676870748299322,90.0,91.71428571428571,17.0,-2.0,9.370748299319729,81.33333333333333,79.0,-1.0,3.0,4.234693877551024,34.0,35.714285714285715,19.0,30.0,-9.914965986394556,79.0,76.28571428571429,3.0,-4.0,10.278911564625844,99.33333333333333,98.42857142857143,-2.0,-2.0,11.46503496503496,900.0,2057.1428571428573,-1800.0,-1800.0,-4943.877551020408,4500.0,3600.0,9000.0,8100.0,6361.224489795919,,,,,,,,,,,,,,,,,,,,,,,,,,,,,,,,,,,,,,,,,,,,,,,,,,,,,,,,2.1999999999999997,2.942857142857143,-1.2,-3.0999999999999996,-16.521768707482995,-4.3999999999999995,-2.957142857142857,-3.5000000000000004,-5.5,-13.93673469387755,-0.9000000000000017,-0.18571428571428575,-2.6,-3.5,-14.85748299319728,62.333333333333336,70.28571428571429,-12.0,-45.0,-19.676870748299322,1021.9,1020.4571428571428,-0.5,7.699999999999932,5.358843537415055,15.300000000000002,15.400000000000002,-1.1000000000000014,7.699999999999999,0.16972789115646236,0.0,0.42857142857142855,0.0,0.0,-2.8619047619047615,0.5,-3.5,False,2.6,4.300000000000001,1,12,1,False,False,False,False,False,False,False,False,False,0,-0.4176336105532809,0
2025-12-10,92,0.08,0.1,86,90,81,99,100,77,20,100,93.0,1800,11700,,,,,,,,,,,,6.6,-1.7,2.7,75,1004.8,18.4,0.0,88.33333333333333,81.85714285714286,5.0,12.0,13.0,0.06,0.11714285714285717,0.11,0.08,0.054965986394557825,0.17666666666666667,0.2414285714285714,-0.10999999999999999,-0.01999999999999999,0.027910958904109606,82.0,77.0,2.0,13.0,10.289115646258509,83.33333333333333,80.0,4.0,13.0,18.17006802721089,86.66666666666667,81.14285714285714,-15.0,-5.0,-3.0136054421768677,90.33333333333333,82.14285714285714,8.0,13.0,20.676870748299322,91.0,92.14285714285714,5.0,3.0,14.370748299319729,79.33333333333333,80.42857142857143,-3.0,-6.0,1.2346938775510239,35.0,30.571428571428573,-32.0,3.0,-41.914965986394556,89.0,80.42857142857143,15.0,30.0,25.278911564625844,97.0,98.28571428571429,-5.0,-7.0,6.46503496503496,1200.0,1671.4285714285713,1800.0,900.0,-3143.8775510204077,7500.0,4885.714285714285,1800.0,9000.0,8161.224489795919,,,,,,,,,,,,,,,,,,,,,,,,,,,,,,,,,,,,,,,,,,,,,,,,,,,,,,,,2.733333333333333,3.0857142857142854,6.3999999999999995,1.5999999999999996,-10.121768707482994,-4.0,-3.0,5.2,1.2,-8.73673469387755,-0.3666666666666683,-0.04285714285714283,5.9,1.6,-8.957482993197278,59.666666666666664,71.0,29.0,-8.0,9.323129251700678,1017.0333333333333,1018.5142857142857,-18.100000000000023,-14.600000000000023,-12.741156462584968,18.1,15.27142857142857,1.0,8.399999999999999,1.1697278911564624,0.0,0.42857142857142855,0.0,0.0,-2.8619047619047615,18.100000000000023,18.600000000000023,True,5.9,3.3000000000000003,2,12,1,False,False,False,False,False,False,False,True,True,0,-0.4250602947842861,0
2025-12-11,90,-0.16,0.03,79,81,86,89,90,85,28,81,89.0,1800,17100,,,,,,,,,,,,4.7,-1.7,1.3,58,1009.3,22.9,0.0,89.66666666666667,84.0,-2.0,4.0,11.0,-0.03666666666666666,0.07571428571428575,-0.24,-0.29000000000000004,-0.1850340136054422,0.11333333333333334,0.19142857142857145,-0.07,-0.19,-0.0420890410958904,83.0,78.42857142857143,-7.0,3.0,3.2891156462585087,85.66666666666667,81.42857142857143,-9.0,7.0,9.170068027210888,87.66666666666667,82.14285714285714,5.0,3.0,1.9863945578231323,93.0,83.0,-10.0,8.0,10.676870748299322,95.0,92.85714285714286,-10.0,12.0,4.370748299319729,80.66666666666667,81.85714285714286,8.0,4.0,9.234693877551024,33.333333333333336,31.285714285714285,8.0,-5.0,-33.914965986394556,88.66666666666667,82.42857142857143,-19.0,-1.0,6.278911564625844,93.33333333333333,97.0,-4.0,-11.0,2.4650349650349597,1200.0,1414.2857142857142,0.0,0.0,-3143.8775510204077,12900.0,6557.142857142857,5400.0,16200.0,13561.224489795919,,,,,,,,,,,,,,,,,,,,,,,,,,,,,,,,,,,,,,,,,,,,,,,,,,,,,,,,3.8333333333333335,2.9285714285714284,-1.8999999999999995,3.3000000000000003,-12.021768707482995,-3.4333333333333336,-2.9857142857142853,0.0,1.7,-8.73673469387755,0.266666666666665,-0.028571428571428564,-1.4000000000000001,1.9,-10.357482993197278,59.666666666666664,69.57142857142857,-17.0,0.0,-7.676870748299322,1012.3333333333334,1016.8,4.5,-14.100000000000023,-8.241156462584968,19.566666666666666,15.62857142857143,4.5,4.399999999999999,5.669727891156462,0.0,0.42857142857142855,0.0,0.0,-2.8619047619047615,-4.5,13.600000000000023,False,1.4000000000000001,4.5,3,12,1,False,False,False,False,False,False,False,True,False,0,-0.4158240595367743,0
2025-12-12,89,-0.12,0.0,76,91,90,64,83,87,26,79,88.0,2700,4500,,,,,,,,,,,,2.3,-2.4,-0.5,59,1020.0,12.2,0.0,90.33333333333333,85.28571428571429,-1.0,2.0,10.0,-0.06666666666666667,0.04857142857142859,0.04000000000000001,-0.09,-0.14503401360544216,0.043333333333333335,0.15285714285714283,-0.03,-0.21,-0.0720890410958904,80.33333333333333,78.71428571428571,-3.0,-8.0,0.2891156462585087,87.33333333333333,84.14285714285714,10.0,5.0,19.17006802721089,85.66666666666667,85.42857142857143,4.0,-6.0,5.986394557823132,84.0,80.57142857142857,-25.0,-27.0,-14.323129251700678,91.0,91.42857142857143,-7.0,-12.0,-2.629251700680271,83.0,81.42857142857143,2.0,7.0,11.234693877551024,24.666666666666668,28.285714285714285,-2.0,-26.0,-35.914965986394556,86.66666666666667,83.71428571428571,-2.0,-6.0,4.278911564625844,90.0,95.42857142857143,-1.0,-10.0,1.4650349650349597,2100.0,1542.857142857143,900.0,2700.0,-2243.8775510204077,11100.0,6942.857142857143,-12600.0,-5400.0,961.2244897959185,,,,,,,,,,,,,,,,,,,,,,,,,,,,,,,,,,,,,,,,,,,,,,,,,,,,,,,,4.533333333333333,3.357142857142857,-2.4000000000000004,2.0999999999999996,-14.421768707482993,-1.9333333333333333,-2.9142857142857146,-0.7,4.5,-9.43673469387755,1.166666666666665,0.15714285714285717,-1.8,2.7,-12.157482993197279,64.0,67.14285714285714,1.0,13.0,-6.676870748299322,1011.3666666666667,1016.4285714285714,10.700000000000045,-2.8999999999999773,2.4588435374150777,17.833333333333332,15.585714285714285,-10.7,-5.199999999999999,-5.030272108843537,0.0,0.0,0.0,0.0,-2.8619047619047615,-10.700000000000045,-15.200000000000045,True,1.8,3.2,4,12,1,False,False,False,False,False,False,False,True,False,0,-0.4140201894313901,0
2025-12-13,76,0.03,0.05,63,70,69,94,84,59,18,60,90.0,4500,9000,,,,,,,,,,,,5.7,-3.5,0.7,69,1019.2,9.3,0.1,85.0,85.71428571428571,-13.0,-16.0,-3.0,-0.08333333333333333,-0.009999999999999981,0.15,-0.05,0.0049659863945578225,0.02666666666666667,0.10428571428571429,0.05,-0.05,-0.022089041095890397,72.66666666666667,76.71428571428571,-13.0,-23.0,-12.710884353741491,80.66666666666667,81.28571428571429,-21.0,-20.0,-1.8299319727891117,81.66666666666667,84.42857142857143,-21.0,-12.0,-15.013605442176868,82.33333333333333,86.28571428571429,30.0,-5.0,15.676870748299322,85.66666666666667,89.57142857142857,1.0,-16.0,-1.6292517006802711,77.0,78.85714285714286,-28.0,-18.0,-16.765306122448976,24.0,27.714285714285715,-8.0,-2.0,-43.914965986394556,73.33333333333333,79.57142857142857,-19.0,-40.0,-14.721088435374156,89.0,94.0,2.0,-3.0,3.4650349650349597,3000.0,1928.5714285714287,1800.0,2700.0,-443.87755102040774,10200.0,7971.428571428572,4500.0,-2700.0,5461.224489795919,,,,,,,,,,,,,,,,,,,,,,,,,,,,,,,,,,,,,,,,,,,,,,,,,,,,,,,,4.233333333333333,3.7,3.4000000000000004,-0.8999999999999995,-11.021768707482995,-2.533333333333333,-3.2142857142857144,-1.1,-1.8,-10.53673469387755,0.4999999999999983,0.21428571428571427,1.2,-2.0,-10.95748299319728,62.0,64.0,10.0,-6.0,3.323129251700678,1016.1666666666666,1017.0,-0.7999999999999545,14.400000000000091,1.6588435374151231,14.800000000000002,15.528571428571427,-2.8999999999999986,-9.099999999999998,-7.9302721088435355,0.03333333333333333,0.014285714285714287,0.1,0.1,-2.7619047619047614,0.7999999999999545,-9.900000000000091,False,1.2,0.6000000000000001,5,12,1,False,False,False,False,False,True,False,True,False,0,-0.41384167955889806,0
2025-12-14,90,0.28,0.06,79,77,95,56,100,83,12,94,90.0,11700,900,,,,,,,,,,,,1.7,-8.7,-3.2,73,1020.2,27.2,6.7,85.0,87.14285714285714,14.0,0.0,11.0,0.06333333333333334,0.030000000000000023,0.25,0.44000000000000006,0.25496598639455786,0.03666666666666667,0.09571428571428572,0.009999999999999995,0.03,-0.012089041095890402,72.66666666666667,77.57142857142857,16.0,0.0,3.2891156462585087,79.33333333333333,81.28571428571429,7.0,-4.0,5.170068027210888,84.66666666666667,85.71428571428571,26.0,9.0,10.986394557823132,71.33333333333333,82.0,-38.0,-33.0,-22.323129251700678,89.0,90.0,16.0,10.0,14.370748299319729,76.33333333333333,78.85714285714286,24.0,-2.0,7.234693877551024,18.666666666666668,27.0,-6.0,-16.0,-49.914965986394556,77.66666666666667,83.0,34.0,13.0,19.278911564625844,89.33333333333333,92.57142857142857,0.0,1.0,3.4650349650349597,6300.0,3471.4285714285716,7200.0,9900.0,6756.122448979592,4800.0,7714.285714285715,-8100.0,-16200.0,-2638.7755102040815,,,,,,,,,,,,,,,,,,,,,,,,,,,,,,,,,,,,,,,,,,,,,,,,,,,,,,,,3.233333333333333,3.228571428571428,-4.0,-3.0,-15.021768707482995,-4.866666666666666,-4.042857142857143,-5.199999999999999,-6.999999999999999,-15.73673469387755,-1.0000000000000018,-0.4,-3.9000000000000004,-4.5,-14.85748299319728,67.0,62.57142857142857,4.0,15.0,7.323129251700678,1019.8000000000001,1017.1142857142858,1.0,10.900000000000091,2.658843537415123,16.233333333333334,17.985714285714284,17.9,4.300000000000001,9.969727891156463,2.2666666666666666,0.9714285714285714,6.6000000000000005,6.7,3.8380952380952387,-1.0,-0.20000000000004547,False,3.9000000000000004,2.7,6,12,1,False,False,False,False,False,False,False,True,False,0,-0.4380434765710639,0
2025-12-15,85,-0.14,-0.05,75,81,79,72,97,79,19,81,93.0,1800,1800,,,,,,,,,,,,-4.0,-9.5,-7.0,64,1029.1,22.8,0.1,83.66666666666667,87.0,-5.0,-4.0,6.0,0.05666666666666668,-0.008571428571428551,-0.42000000000000004,-0.020000000000000018,-0.16503401360544218,0.02,0.05714285714285715,-0.11,-0.05,-0.1220890410958904,72.33333333333333,77.42857142857143,-4.0,-1.0,-0.7108843537414913,76.0,82.28571428571429,4.0,-10.0,9.170068027210888,81.0,85.14285714285714,-16.0,-11.0,-5.013605442176868,74.0,80.71428571428571,16.0,8.0,-6.323129251700678,93.66666666666667,92.71428571428571,-3.0,14.0,11.370748299319729,73.66666666666667,78.57142857142857,-4.0,-8.0,3.234693877551024,16.333333333333332,25.0,7.0,-7.0,-42.914965986394556,78.33333333333333,82.85714285714286,-13.0,2.0,6.278911564625844,91.0,91.57142857142857,3.0,5.0,6.46503496503496,6000.0,3471.4285714285716,-9900.0,-900.0,-3143.8775510204077,3900.0,7842.857142857143,900.0,-2700.0,-1738.7755102040815,,,,,,,,,,,,,,,,,,,,,,,,,,,,,,,,,,,,,,,,,,,,,,,,,,,,,,,,1.1333333333333335,2.457142857142857,-5.7,-6.3,-20.721768707482994,-7.233333333333333,-4.914285714285714,-0.8000000000000007,-7.1,-16.53673469387755,-3.1666666666666683,-1.3142857142857143,-3.8,-6.5,-18.657482993197277,68.66666666666667,63.42857142857143,-9.0,5.0,-1.6768707482993221,1022.8333333333334,1017.9285714285714,8.899999999999864,9.099999999999909,11.558843537414987,19.76666666666667,18.599999999999998,-4.399999999999999,10.600000000000001,5.5697278911564645,2.3,0.9857142857142857,-6.6000000000000005,0.1,-2.7619047619047614,-8.899999999999864,-9.899999999999864,True,3.8,7.7,0,12,1,False,False,False,False,False,False,False,True,False,0,-0.40162818271779277,0
2025-12-16,84,-0.12,0.07,71,87,88,75,89,71,23,69,97.0,4500,4500,,,,,,,,,,,,2.5,-9.2,-3.3,57,1023.5,10.3,0.0,86.33333333333333,86.57142857142857,-1.0,8.0,5.0,0.006666666666666672,-0.021428571428571408,0.020000000000000018,-0.15,-0.14503401360544216,0.02666666666666667,0.037142857142857144,0.12000000000000001,0.020000000000000004,-0.0020890410958903927,75.0,75.57142857142857,-4.0,8.0,-4.710884353741491,81.66666666666667,82.42857142857143,6.0,17.0,15.170068027210888,87.33333333333333,84.0,9.0,19.0,3.9863945578231323,67.66666666666667,78.42857142857143,3.0,-19.0,-3.323129251700678,95.33333333333333,91.85714285714286,-8.0,5.0,3.370748299319729,77.66666666666667,77.28571428571429,-8.0,12.0,-4.765306122448976,18.0,20.857142857142858,4.0,5.0,-38.914965986394556,81.33333333333333,80.57142857142857,-12.0,9.0,-5.721088435374156,93.33333333333333,91.42857142857143,4.0,7.0,10.46503496503496,6000.0,4114.285714285715,2700.0,0.0,-443.87755102040774,2400.0,7071.428571428572,2700.0,-4500.0,961.2244897959185,,,,,,,,,,,,,,,,,,,,,,,,,,,,,,,,,,,,,,,,,,,,,,,,,,,,,,,,0.06666666666666672,2.7857142857142856,6.5,-3.2,-14.221768707482994,-9.133333333333333,-5.242857142857143,0.3000000000000007,-5.699999999999999,-16.23673469387755,-4.500000000000001,-1.3285714285714287,3.7,-4.0,-14.957482993197278,64.66666666666667,65.0,-7.0,-12.0,-8.676870748299322,1024.2666666666667,1018.0142857142857,-5.599999999999909,4.2999999999999545,5.958843537415078,20.100000000000005,17.585714285714285,-12.5,1.0,-6.9302721088435355,2.2666666666666666,0.9857142857142857,-0.1,-0.1,-2.8619047619047615,5.599999999999909,-3.2999999999999545,True,3.7,0.09999999999999964,1,12,1,False,False,False,False,False,False,False,True,True,0,-0.3914398072091,0
2025-12-17,84,-0.22,0.04,69,68,72,32,88,97,30,72,99.0,4500,4500,,,,,,,,,,,,10.7,-3.7,3.1,59,1017.9,14.6,0.0,84.33333333333333,85.42857142857143,0.0,-6.0,5.0,-0.16,-0.06428571428571427,-0.1,-0.5,-0.2450340136054422,0.02,0.028571428571428574,-0.030000000000000006,-0.019999999999999997,-0.0320890410958904,71.66666666666667,73.14285714285714,-2.0,-10.0,-6.710884353741491,78.66666666666667,79.28571428571429,-19.0,-9.0,-3.8299319727891117,79.66666666666667,82.71428571428571,-16.0,-23.0,-12.013605442176868,59.666666666666664,68.85714285714286,-43.0,-24.0,-46.32312925170068,91.33333333333333,90.14285714285714,-1.0,-12.0,2.370748299319729,82.33333333333333,80.14285714285714,26.0,14.0,21.234693877551024,24.0,22.285714285714285,7.0,18.0,-31.914965986394556,74.0,76.57142857142857,3.0,-22.0,-2.7210884353741562,96.33333333333333,92.28571428571429,2.0,9.0,12.46503496503496,3600.0,4500.0,0.0,-7200.0,-443.87755102040774,3600.0,6042.857142857143,0.0,3600.0,961.2244897959185,,,,,,,,,,,,,,,,,,,,,,,,,,,,,,,,,,,,,,,,,,,,,,,,,,,,,,,,3.0666666666666664,3.3714285714285714,8.2,9.0,-6.021768707482995,-7.466666666666666,-5.528571428571428,5.499999999999999,4.999999999999999,-10.736734693877551,-2.4000000000000017,-1.2714285714285711,6.4,6.300000000000001,-8.55748299319728,60.0,62.714285714285715,2.0,-14.0,-6.676870748299322,1023.5,1019.8857142857142,-5.600000000000023,-2.300000000000068,0.3588435374150549,15.9,17.04285714285714,4.299999999999999,-12.6,-2.6302721088435366,0.03333333333333333,0.9857142857142857,0.0,-6.7,-2.8619047619047615,5.600000000000023,11.199999999999932,True,6.4,10.1,2,12,1,False,False,False,False,False,True,False,True,True,1,-0.41937631840779893,0
2025-12-18,80,-0.22,-0.11,80,95,88,81,97,82,29,83,99.0,7200,3600,,,,,,,,,,,,10.8,-1.5,4.3,73,1021.6,13.0,3.6,82.66666666666667,84.0,-4.0,-5.0,1.0,-0.18666666666666668,-0.07285714285714283,0.0,-0.07999999999999999,-0.2450340136054422,4.625929269271485e-18,0.008571428571428572,-0.15,-0.06,-0.1820890410958904,73.33333333333333,73.28571428571429,11.0,5.0,4.289115646258509,83.33333333333333,81.28571428571429,27.0,14.0,23.17006802721089,82.66666666666667,83.0,16.0,9.0,3.9863945578231323,62.666666666666664,67.71428571428571,49.0,9.0,2.676870748299322,91.33333333333333,91.14285714285714,9.0,0.0,11.370748299319729,83.33333333333333,79.71428571428571,-15.0,3.0,6.234693877551024,27.333333333333332,22.428571428571427,-1.0,10.0,-32.914965986394556,74.66666666666667,76.85714285714286,11.0,2.0,8.278911564625844,98.33333333333333,93.71428571428571,0.0,6.0,12.46503496503496,5400.0,5271.428571428572,2700.0,5400.0,2256.1224489795923,4200.0,4114.285714285715,-900.0,1800.0,61.224489795918544,,,,,,,,,,,,,,,,,,,,,,,,,,,,,,,,,,,,,,,,,,,,,,,,,,,,,,,,8.0,4.242857142857143,0.10000000000000142,14.8,-5.921768707482993,-4.8,-5.5,2.2,8.0,-8.53673469387755,1.3666666666666647,-0.8428571428571429,1.1999999999999997,11.3,-7.357482993197279,63.0,64.85714285714286,14.0,9.0,7.323129251700678,1021.0,1021.6428571428571,3.7000000000000455,-7.499999999999886,4.0588435374151,12.633333333333335,15.62857142857143,-1.5999999999999996,-9.8,-4.230272108843536,1.2,1.5,3.6,3.5,0.7380952380952386,-3.7000000000000455,1.8999999999999773,False,1.1999999999999997,7.6,3,12,1,False,False,False,False,False,False,False,True,False,0,-0.40275219936170326,0
2025-12-19,79,-0.14,-0.09,65,68,83,70,79,81,23,60,98.0,7200,900,,,,,,,,,,,,14.2,0.9,9.5,75,1004.2,33.5,12.9,81.0,82.57142857142857,-1.0,-5.0,0.0,-0.19333333333333336,-0.07571428571428569,0.07999999999999999,-0.020000000000000018,-0.16503401360544218,-0.05333333333333332,-0.004285714285714286,0.020000000000000004,-0.16,-0.1620890410958904,71.33333333333333,71.71428571428571,-15.0,-6.0,-10.710884353741491,77.0,78.0,-27.0,-19.0,-3.8299319727891117,81.0,82.0,-5.0,-5.0,-1.0136054421768677,61.0,68.57142857142857,-11.0,-5.0,-8.323129251700678,88.0,90.57142857142857,-18.0,-10.0,-6.629251700680271,86.66666666666667,78.85714285714286,-1.0,10.0,5.234693877551024,27.333333333333332,22.0,-6.0,0.0,-38.914965986394556,71.66666666666667,74.14285714285714,-23.0,-9.0,-14.721088435374156,98.66666666666667,95.14285714285714,-1.0,1.0,11.46503496503496,6300.0,5914.285714285715,0.0,2700.0,2256.1224489795923,3000.0,3600.0,-2700.0,-3600.0,-2638.7755102040815,,,,,,,,,,,,,,,,,,,,,,,,,,,,,,,,,,,,,,,,,,,,,,,,,,,,,,,,11.9,5.942857142857143,3.3999999999999986,11.7,-2.5217687074829946,-1.4333333333333333,-5.028571428571429,2.4,10.1,-6.13673469387755,5.633333333333332,0.5857142857142856,5.2,12.8,-2.157482993197279,69.0,67.14285714285714,2.0,18.0,9.323129251700678,1014.5666666666666,1019.3857142857144,-17.399999999999977,-19.299999999999955,-13.341156462584877,20.36666666666667,18.67142857142857,20.5,23.2,16.269727891156464,5.5,3.3428571428571425,9.3,12.9,10.038095238095238,17.399999999999977,13.699999999999932,True,5.2,6.4,4,12,1,False,False,False,False,False,True,False,True,True,1,-0.43710914566562836,0
2025-12-20,78,0.05,-0.06,72,68,96,81,98,78,17,70,99.0,6300,1800,,,,,,,,,,,,5.8,-3.1,1.1,60,1021.9,19.1,0.0,79.0,82.85714285714286,-1.0,-6.0,-1.0,-0.10333333333333335,-0.07285714285714284,0.19,0.27,0.024965986394557826,-0.08666666666666667,-0.02,0.03,-0.1,-0.1320890410958904,72.33333333333333,73.0,7.0,3.0,-3.7108843537414913,77.0,77.71428571428571,0.0,0.0,-3.8299319727891117,89.0,85.85714285714286,13.0,24.0,11.986394557823132,77.33333333333333,66.71428571428571,11.0,49.0,2.676870748299322,91.33333333333333,92.57142857142857,19.0,10.0,12.370748299319729,80.33333333333333,81.57142857142857,-3.0,-19.0,2.234693877551024,23.0,21.857142857142858,-6.0,-13.0,-44.914965986394556,71.0,75.57142857142857,10.0,-2.0,-4.721088435374156,98.66666666666667,96.42857142857143,1.0,0.0,12.46503496503496,6900.0,6171.428571428572,-900.0,1800.0,1356.1224489795923,2100.0,2571.4285714285716,900.0,-2700.0,-1738.7755102040815,,,,,,,,,,,,,,,,,,,,,,,,,,,,,,,,,,,,,,,,,,,,,,,,,,,,,,,,10.266666666666667,5.957142857142856,-8.399999999999999,-4.8999999999999995,-10.921768707482993,-1.2333333333333334,-4.971428571428571,-4.0,0.6000000000000001,-10.13673469387755,4.966666666666665,0.6428571428571429,-8.4,-2.0,-10.55748299319728,69.33333333333333,65.85714285714286,-15.0,1.0,-5.676870748299322,1015.9,1019.7714285714285,17.699999999999932,4.0,4.358843537415055,21.86666666666667,20.071428571428573,-14.399999999999999,4.500000000000002,1.8697278911564652,5.5,3.3285714285714283,-12.9,0.0,-2.8619047619047615,-17.699999999999932,-0.2999999999999545,True,8.4,3.1999999999999997,5,12,1,False,False,False,False,False,False,False,True,False,0,-0.40262318020985405,0
2025-12-21,74,0.37,0.08,74,81,79,81,99,93,14,69,99.0,2700,900,,,,,,,,,,,,9.2,1.2,4.9,50,1021.8,23.4,0.0,77.0,80.57142857142857,-4.0,-6.0,-5.0,0.09333333333333332,-0.05999999999999999,0.32,0.59,0.34496598639455783,-0.023333333333333327,-0.017142857142857144,0.14,0.19,0.007910958904109602,70.33333333333333,72.28571428571429,2.0,-6.0,-1.7108843537414913,72.33333333333333,78.28571428571429,13.0,-14.0,9.170068027210888,86.0,83.57142857142857,-17.0,-9.0,-5.013605442176868,77.33333333333333,70.28571428571429,0.0,0.0,2.676870748299322,92.0,92.42857142857143,1.0,2.0,13.370748299319729,84.0,83.0,15.0,11.0,17.234693877551024,18.0,22.142857142857142,-3.0,-15.0,-47.914965986394556,66.33333333333333,72.0,-1.0,-14.0,-5.721088435374156,98.66666666666667,97.71428571428571,0.0,0.0,12.46503496503496,5400.0,4885.714285714285,-3600.0,-4500.0,-2243.8775510204077,1200.0,2571.4285714285716,-900.0,-2700.0,-2638.7755102040815,,,,,,,,,,,,,,,,,,,,,,,,,,,,,,,,,,,,,,,,,,,,,,,,,,,,,,,,9.733333333333333,7.028571428571429,3.3999999999999995,-1.6000000000000014,-7.521768707482995,-0.3333333333333334,-3.557142857142857,4.3,2.7,-5.83673469387755,5.166666666666665,1.8000000000000003,3.8000000000000003,0.6000000000000005,-6.757482993197279,61.666666666666664,62.57142857142857,-10.0,-23.0,-15.676870748299322,1015.9666666666667,1020.0,-0.10000000000002274,0.1999999999999318,4.258843537415032,25.333333333333332,19.52857142857143,4.299999999999997,10.399999999999999,6.169727891156462,4.3,2.3714285714285714,0.0,-3.6,-2.8619047619047615,0.10000000000002274,-17.59999999999991,False,3.8000000000000003,4.6,6,12,1,False,False,False,True,False,False,False,True,False,0,-0.3974478450088556,0
2025-12-22,87,-0.13,-0.04,81,84,90,78,100,74,42,88,99.0,6300,2700,,,,,,,,,,,,6.5,-3.3,1.1,55,1033.9,11.7,0.0,79.66666666666667,80.85714285714286,13.0,8.0,8.0,0.09666666666666666,-0.05857142857142856,-0.5,0.010000000000000009,-0.15503401360544217,-0.006666666666666661,-0.015714285714285712,-0.12,0.049999999999999996,-0.11208904109589041,75.66666666666667,73.14285714285714,7.0,16.0,5.289115646258509,77.66666666666667,78.71428571428571,3.0,16.0,12.170068027210888,88.33333333333333,85.14285714285714,11.0,7.0,5.986394557823132,80.0,71.14285714285714,-3.0,8.0,-0.32312925170067786,99.0,92.85714285714286,1.0,21.0,14.370748299319729,81.66666666666667,82.28571428571429,-19.0,-7.0,-1.7653061224489761,24.333333333333332,25.428571428571427,28.0,19.0,-19.914965986394556,75.66666666666667,73.0,19.0,28.0,13.278911564625844,99.0,98.57142857142857,0.0,1.0,12.46503496503496,5100.0,5528.571428571428,3600.0,-900.0,1356.1224489795923,1800.0,2700.0,1800.0,1800.0,-838.7755102040815,,,,,,,,,,,,,,,,,,,,,,,,,,,,,,,,,,,,,,,,,,,,,,,,,,,,,,,,7.166666666666667,8.528571428571428,-2.6999999999999993,-7.699999999999999,-10.221768707482994,-1.7333333333333334,-2.6714285714285713,-4.5,-4.2,-10.336734693877549,2.366666666666665,2.957142857142857,-3.8000000000000003,-8.4,-10.55748299319728,55.0,61.285714285714285,5.0,-20.0,-10.676870748299322,1025.8666666666668,1020.6857142857142,12.100000000000136,29.700000000000045,16.35884353741517,18.066666666666666,17.942857142857143,-11.7,-21.8,-5.530272108843537,0.0,2.357142857142857,0.0,-12.9,-2.8619047619047615,-12.100000000000136,-12.000000000000114,True,3.8000000000000003,0.0,0,12,1,False,False,False,False,False,False,False,True,False,0,-0.4041707161693124,0
2025-12-23,69,-0.07,0.11,73,86,88,91,95,75,15,70,99.0,19800,900,,,,,,,,,,,,7.0,2.5,4.4,76,1021.7,13.1,2.1,76.66666666666667,78.71428571428571,-18.0,-9.0,-10.0,0.056666666666666664,-0.05142857142857142,0.06,-0.12000000000000001,-0.09503401360544218,0.05000000000000001,-0.01,0.15,0.16999999999999998,0.0379109589041096,76.0,73.42857142857143,-8.0,1.0,-2.7108843537414913,83.66666666666667,78.57142857142857,2.0,18.0,14.170068027210888,85.66666666666667,85.14285714285714,-2.0,-8.0,3.9863945578231323,83.33333333333333,73.42857142857143,13.0,10.0,12.676870748299322,98.0,93.71428571428571,-5.0,-3.0,9.370748299319729,80.66666666666667,82.85714285714286,1.0,-3.0,-0.7653061224489761,23.666666666666668,24.285714285714285,-27.0,-2.0,-46.914965986394556,75.66666666666667,73.14285714285714,-18.0,0.0,-4.721088435374156,99.0,98.85714285714286,0.0,0.0,12.46503496503496,9600.0,7714.285714285715,13500.0,13500.0,14856.122448979593,1500.0,2185.714285714286,-1800.0,-900.0,-2638.7755102040815,,,,,,,,,,,,,,,,,,,,,,,,,,,,,,,,,,,,,,,,,,,,,,,,,,,,,,,,7.566666666666666,9.171428571428573,0.5,1.2000000000000002,-9.721768707482994,0.1333333333333333,-1.0,5.8,5.6,-4.53673469387755,3.466666666666665,4.057142857142858,3.3000000000000003,3.3000000000000003,-7.257482993197279,60.333333333333336,64.0,21.0,16.0,10.323129251700678,1025.8,1020.4285714285714,-12.200000000000045,-0.1999999999999318,4.158843537415123,16.066666666666666,18.342857142857145,1.4000000000000004,-6.000000000000002,-4.130272108843537,0.7000000000000001,2.6571428571428575,2.1,2.1,-0.7619047619047614,12.200000000000045,0.09999999999990905,True,3.3000000000000003,0.5,1,12,1,False,False,False,False,False,False,True,True,True,1,-0.41859939840192273,0
2025-12-24,66,0.04,0.19,71,84,88,97,76,77,2,72,98.0,8100,2700,,,,,,,,,,,,12.1,4.6,7.8,62,1021.9,22.6,0.0,74.0,76.14285714285714,-3.0,-8.0,-13.0,-0.05333333333333334,-0.014285714285714275,0.11000000000000001,-0.33,0.014965986394557824,0.08666666666666667,0.011428571428571427,0.08,0.11,0.1179109589041096,75.0,73.71428571428571,-2.0,-3.0,-4.710884353741491,84.66666666666667,80.85714285714286,-2.0,3.0,12.170068027210888,88.66666666666667,87.42857142857143,0.0,9.0,3.9863945578231323,88.66666666666667,82.71428571428571,6.0,16.0,18.676870748299322,90.33333333333333,92.0,-19.0,-23.0,-9.629251700680271,75.33333333333333,80.0,2.0,-16.0,1.2346938775510239,19.666666666666668,20.285714285714285,-13.0,-12.0,-59.914965986394556,76.66666666666667,73.14285714285714,2.0,3.0,-2.7210884353741562,98.66666666666667,98.71428571428571,-1.0,-1.0,11.46503496503496,11400.0,8228.57142857143,-11700.0,5400.0,3156.1224489795923,2100.0,1928.5714285714287,1800.0,1800.0,-838.7755102040815,,,,,,,,,,,,,,,,,,,,,,,,,,,,,,,,,,,,,,,,,,,,,,,,,,,,,,,,8.533333333333333,9.37142857142857,5.1,2.9000000000000004,-4.621768707482994,1.2666666666666666,0.1857142857142857,2.0999999999999996,3.3999999999999995,-2.4367346938775505,4.433333333333331,4.728571428571429,3.3999999999999995,2.8999999999999995,-3.857482993197279,64.33333333333333,64.42857142857143,-14.0,12.0,-3.676870748299322,1025.8333333333335,1021.0,0.1999999999999318,0.10000000000002274,4.358843537415055,15.800000000000002,19.485714285714288,9.500000000000002,-0.7999999999999972,5.369727891156465,0.7000000000000001,2.6571428571428575,-2.1,0.0,-2.8619047619047615,-0.1999999999999318,12.000000000000114,False,3.3999999999999995,6.699999999999999,2,12,1,False,False,False,False,False,False,True,True,False,0,-0.39437617048163803,0
2025-12-25,69,0.13,0.03,62,57,67,99,89,84,15,48,93.0,9900,900,,,,,,,,,,,,13.1,1.9,6.4,65,1018.9,14.3,0.3,68.0,74.57142857142857,3.0,-18.0,-10.0,0.03333333333333333,0.03571428571428573,0.09,0.26,0.10496598639455783,0.10999999999999999,0.03142857142857143,-0.16,0.07,-0.0420890410958904,68.66666666666667,71.14285714285714,-9.0,-19.0,-13.710884353741491,75.66666666666667,75.42857142857143,-27.0,-27.0,-14.829931972789112,81.0,84.42857142857143,-21.0,-23.0,-17.013605442176868,95.66666666666667,85.28571428571429,2.0,21.0,20.676870748299322,86.66666666666667,90.85714285714286,13.0,-11.0,3.370748299319729,78.66666666666667,80.28571428571429,7.0,10.0,8.234693877551024,10.666666666666666,18.285714285714285,13.0,-27.0,-46.914965986394556,63.333333333333336,68.14285714285714,-24.0,-40.0,-26.721088435374156,96.66666666666667,97.85714285714286,-5.0,-6.0,6.46503496503496,12600.0,8614.285714285714,1800.0,3600.0,4956.122448979592,1500.0,1542.857142857143,-1800.0,-1800.0,-2638.7755102040815,,,,,,,,,,,,,,,,,,,,,,,,,,,,,,,,,,,,,,,,,,,,,,,,,,,,,,,,10.733333333333334,9.700000000000001,1.0,6.6,-3.6217687074829943,3.0,0.6714285714285714,-2.6999999999999997,5.199999999999999,-5.13673469387755,6.199999999999998,5.028571428571429,-1.3999999999999995,5.300000000000001,-5.257482993197279,67.66666666666667,63.285714285714285,3.0,10.0,-0.6768707482993221,1020.8333333333334,1020.6142857142856,-3.0,-15.000000000000114,1.358843537415055,16.666666666666668,19.67142857142857,-8.3,2.6000000000000014,-2.9302721088435355,0.7999999999999999,2.185714285714286,0.3,0.3,-2.5619047619047617,3.0,2.800000000000068,False,1.3999999999999995,2.0,3,12,1,False,False,False,False,False,True,True,True,False,1,-0.4097061296206032,0
2025-12-26,70,0.12,0.08,62,84,88,94,68,90,11,40,99.0,6300,900,,,,,,,,,,,,3.6,-1.7,0.5,63,1019.7,15.9,6.5,68.33333333333333,73.28571428571429,1.0,1.0,-9.0,0.09666666666666668,0.07285714285714287,-0.010000000000000009,0.19,0.09496598639455782,0.09999999999999999,0.055714285714285716,0.05,-0.03,0.007910958904109602,65.0,70.71428571428571,0.0,-11.0,-13.710884353741491,75.0,77.71428571428571,27.0,-2.0,12.170068027210888,81.0,85.14285714285714,21.0,0.0,3.9863945578231323,96.66666666666667,88.71428571428571,-5.0,3.0,15.676870748299322,77.66666666666667,89.28571428571429,-21.0,-27.0,-17.62925170068027,83.66666666666667,81.57142857142857,6.0,15.0,14.234693877551024,9.333333333333334,16.571428571428573,-4.0,-4.0,-50.914965986394556,53.333333333333336,65.28571428571429,-8.0,-30.0,-34.721088435374156,96.66666666666667,98.0,6.0,0.0,12.46503496503496,8100.0,8485.714285714286,-3600.0,-13500.0,1356.1224489795923,1500.0,1542.857142857143,0.0,0.0,-2638.7755102040815,,,,,,,,,,,,,,,,,,,,,,,,,,,,,,,,,,,,,,,,,,,,,,,,,,,,,,,,9.6,8.185714285714285,-9.5,-3.4,-13.121768707482994,1.5999999999999999,0.29999999999999993,-3.5999999999999996,-4.2,-8.73673469387755,4.899999999999999,3.7428571428571433,-5.9,-3.9000000000000004,-11.157482993197279,63.333333333333336,61.57142857142857,-2.0,-13.0,-2.676870748299322,1020.1666666666666,1022.8285714285714,0.8000000000000682,-2.0,2.158843537415123,17.600000000000005,17.157142857142855,1.5999999999999996,2.8000000000000007,-1.3302721088435359,2.2666666666666666,1.2714285714285716,6.2,4.4,3.6380952380952385,-0.8000000000000682,2.199999999999932,False,5.9,7.3,4,12,1,False,False,False,False,False,True,False,True,False,0,-0.41477643771787853,0
2025-12-27,69,0.19,0.17,73,61,86,91,96,81,28,70,99.0,13500,0,,,,,,,,,,,,5.4,0.8,3.1,76,1016.9,13.8,0.0,69.33333333333333,72.0,-1.0,3.0,-10.0,0.1466666666666667,0.09285714285714287,0.07,0.15,0.16496598639455784,0.09333333333333334,0.08857142857142856,0.09000000000000001,-0.01999999999999999,0.09791095890410961,65.66666666666667,70.85714285714286,11.0,2.0,-2.7108843537414913,67.33333333333333,76.71428571428571,-23.0,-23.0,-10.829931972789112,80.33333333333333,83.71428571428571,-2.0,-2.0,1.9863945578231323,94.66666666666667,90.14285714285714,-3.0,-6.0,12.676870748299322,84.33333333333333,89.0,28.0,20.0,10.370748299319729,85.0,82.0,-9.0,4.0,5.234693877551024,18.0,18.142857142857142,17.0,26.0,-33.914965986394556,52.666666666666664,65.28571428571429,30.0,-2.0,-4.721088435374156,97.0,98.0,0.0,1.0,12.46503496503496,9900.0,9514.285714285714,7200.0,5400.0,8556.122448979593,600.0,1285.7142857142858,-900.0,-2700.0,-3538.7755102040815,,,,,,,,,,,,,,,,,,,,,,,,,,,,,,,,,,,,,,,,,,,,,,,,,,,,,,,,7.366666666666667,8.128571428571428,1.8000000000000003,-6.699999999999999,-11.321768707482994,0.3333333333333333,0.8571428571428571,2.5,-3.8,-6.23673469387755,3.3333333333333317,4.028571428571429,2.6,-4.699999999999999,-8.55748299319728,68.0,63.857142857142854,13.0,14.0,10.323129251700678,1018.5,1022.1142857142858,-2.800000000000068,-5.0,-0.6411564625849451,14.66666666666667,16.400000000000002,-2.0999999999999996,-8.8,-3.4302721088435355,2.2666666666666666,1.2714285714285716,-6.5,0.0,-2.8619047619047615,2.800000000000068,2.0,False,2.6,3.3000000000000003,5,12,1,False,False,False,False,False,False,True,True,False,0,-0.4040640055626041,0
2025-12-28,53,0.43,0.3,69,50,76,89,87,76,60,61,99.0,8100,0,,,,,,,,,,,,6.5,-0.4,2.7,82,1019.7,19.0,0.0,64.0,69.0,-16.0,-16.0,-26.0,0.24666666666666667,0.10142857142857144,0.24,0.3,0.40496598639455783,0.18333333333333335,0.12000000000000001,0.12999999999999998,0.27,0.2279109589041096,68.0,70.14285714285714,-4.0,7.0,-6.710884353741491,65.0,72.28571428571429,-11.0,-7.0,-21.82993197278911,83.33333333333333,83.28571428571429,-10.0,9.0,-8.013605442176868,91.33333333333333,91.28571428571429,-2.0,-10.0,10.676870748299322,83.66666666666667,87.28571428571429,-9.0,-2.0,1.3707482993197289,82.33333333333333,79.57142857142857,-5.0,-8.0,0.2346938775510239,33.0,24.714285714285715,32.0,45.0,-1.9149659863945558,57.0,64.14285714285714,-9.0,13.0,-13.721088435374156,99.0,98.0,0.0,6.0,12.46503496503496,9300.0,10285.714285714286,-5400.0,-1800.0,3156.1224489795923,300.0,1157.142857142857,0.0,-900.0,-3538.7755102040815,,,,,,,,,,,,,,,,,,,,,,,,,,,,,,,,,,,,,,,,,,,,,,,,,,,,,,,,5.166666666666667,7.742857142857143,1.0999999999999996,-6.6,-10.221768707482994,-0.4333333333333333,0.6285714285714287,-1.2000000000000002,-2.3,-7.4367346938775505,2.0999999999999983,3.714285714285715,-0.3999999999999999,-3.7,-8.957482993197278,73.66666666666667,68.42857142857143,6.0,17.0,16.323129251700678,1018.7666666666668,1021.8142857142857,2.800000000000068,0.8000000000000682,2.158843537415123,16.233333333333334,15.771428571428572,5.199999999999999,4.699999999999999,1.7697278911564638,2.1666666666666665,1.2714285714285716,0.0,-0.3,-2.8619047619047615,-2.800000000000068,-0.0,False,0.3999999999999999,2.2,6,12,1,False,False,False,True,False,True,True,True,False,1,-0.4180800638946388,0
2025-12-29,64,0.38,0.3,77,31,83,89,99,72,51,87,95.0,7200,1800,,,,,,,,,,,,13.2,-0.8,7.9,70,1002.2,33.8,1.7,62.0,65.71428571428571,11.0,-6.0,-15.0,0.3333333333333333,0.17428571428571432,-0.04999999999999999,0.26,0.35496598639455784,0.25666666666666665,0.16857142857142857,0.0,0.21999999999999997,0.2279109589041096,73.0,69.57142857142857,8.0,15.0,1.2891156462585087,47.333333333333336,64.71428571428571,-19.0,-53.0,-40.82993197278911,81.66666666666667,82.28571428571429,7.0,-5.0,-1.0136054421768677,89.66666666666667,92.85714285714286,0.0,-5.0,10.676870748299322,94.0,87.14285714285714,12.0,31.0,13.370748299319729,76.33333333333333,79.28571428571429,-4.0,-18.0,-3.765306122448976,46.333333333333336,26.0,-9.0,40.0,-10.914965986394556,72.66666666666667,64.0,26.0,47.0,12.278911564625844,97.66666666666667,97.42857142857143,-4.0,-4.0,8.46503496503496,9600.0,10414.285714285714,-900.0,900.0,2256.1224489795923,600.0,1028.5714285714287,1800.0,900.0,-1738.7755102040815,,,,,,,,,,,,,,,,,,,,,,,,,,,,,,,,,,,,,,,,,,,,,,,,,,,,,,,,8.366666666666667,8.700000000000001,6.699999999999999,9.6,-3.5217687074829946,-0.13333333333333333,0.9857142857142858,-0.4,0.8999999999999999,-7.83673469387755,4.5666666666666655,4.685714285714286,5.2,7.4,-3.7574829931972786,76.0,70.57142857142857,-12.0,7.0,4.323129251700678,1012.9333333333334,1017.2857142857143,-17.5,-17.5,-15.341156462584877,22.2,18.928571428571427,14.799999999999997,17.9,16.56972789115646,0.5666666666666667,1.5142857142857142,1.7,-4.8,-1.1619047619047616,17.5,14.699999999999932,True,5.2,4.800000000000001,0,12,1,False,False,False,True,False,False,True,True,True,1,-0.4371275984672908,0
2025-12-30,66,0.43,0.39,70,55,90,81,95,68,26,73,95.0,3600,900,,,,,,,,,,,,0.4,-3.5,-1.6,51,1012.5,27.6,0.0,61.0,65.28571428571429,2.0,-3.0,-13.0,0.41333333333333333,0.24571428571428575,0.04999999999999999,0.24,0.40496598639455783,0.33,0.20857142857142857,0.09000000000000002,0.22,0.3179109589041096,72.0,69.14285714285714,-7.0,-3.0,-5.710884353741491,45.333333333333336,60.285714285714285,24.0,-6.0,-16.82993197278911,83.0,82.57142857142857,7.0,4.0,5.986394557823132,86.33333333333333,91.42857142857143,-8.0,-10.0,2.676870748299322,93.66666666666667,87.14285714285714,-4.0,-1.0,9.370748299319729,72.0,78.28571428571429,-4.0,-13.0,-7.765306122448976,45.666666666666664,27.571428571428573,-25.0,-2.0,-35.914965986394556,73.66666666666667,64.42857142857143,-14.0,3.0,-1.7210884353741562,96.33333333333333,96.85714285714286,0.0,-4.0,8.46503496503496,6300.0,8100.0,-3600.0,-9900.0,-1343.8775510204077,900.0,1028.5714285714287,-900.0,900.0,-2638.7755102040815,,,,,,,,,,,,,,,,,,,,,,,,,,,,,,,,,,,,,,,,,,,,,,,,,,,,,,,,6.7,7.757142857142858,-12.799999999999999,-5.0,-16.321768707482995,-1.5666666666666667,0.12857142857142856,-2.7,-4.3,-10.53673469387755,2.9999999999999987,3.828571428571429,-9.5,-4.7,-13.257482993197279,67.66666666666667,67.0,-19.0,-25.0,-14.676870748299322,1011.4666666666667,1015.9714285714286,10.299999999999955,-4.399999999999977,-5.041156462584922,26.8,21.0,-6.199999999999996,13.8,10.369727891156465,0.5666666666666667,1.2142857142857142,-1.7,0.0,-2.8619047619047615,-10.299999999999955,7.2000000000000455,True,9.5,4.300000000000001,1,12,1,False,False,False,True,False,False,True,True,False,1,-0.4233699150568696,0
2025-12-31,72,0.53,0.53,88,70,93,89,97,85,75,93,99.0,8100,2700,,,,,,,,,,,,2.4,-3.9,-1.0,50,1012.6,18.1,0.3,67.33333333333333,66.14285714285714,6.0,19.0,-7.0,0.4466666666666667,0.3157142857142857,0.10000000000000003,0.10000000000000003,0.5049659863945578,0.4066666666666667,0.2571428571428571,0.14,0.23000000000000004,0.4579109589041096,78.33333333333333,71.57142857142857,18.0,19.0,12.289115646258509,52.0,58.285714285714285,15.0,20.0,-1.8299319727891117,88.66666666666667,83.28571428571429,3.0,17.0,8.986394557823132,86.33333333333333,90.28571428571429,8.0,0.0,10.676870748299322,97.0,90.14285714285714,2.0,10.0,11.370748299319729,75.0,79.42857142857143,17.0,9.0,9.234693877551024,50.666666666666664,38.0,49.0,15.0,13.085034013605444,84.33333333333333,67.42857142857143,20.0,32.0,18.278911564625844,96.33333333333333,97.0,4.0,0.0,12.46503496503496,6300.0,8100.0,4500.0,0.0,3156.1224489795923,1800.0,1028.5714285714287,1800.0,2700.0,-838.7755102040815,,,,,,,,,,,,,,,,,,,,,,,,,,,,,,,,,,,,,,,,,,,,,,,,,,,,,,,,5.333333333333333,6.371428571428572,2.0,-4.1,-14.321768707482994,-2.733333333333333,-1.0857142857142856,-0.3999999999999999,-3.5,-10.93673469387755,1.766666666666665,2.571428571428572,0.6000000000000001,-3.7,-12.657482993197279,57.0,65.28571428571429,-1.0,-32.0,-15.676870748299322,1009.1,1014.6428571428571,0.10000000000002274,-7.100000000000023,-4.9411564625849,26.5,20.357142857142858,-9.5,-0.8999999999999986,0.8697278911564652,0.6666666666666666,1.2571428571428573,0.3,0.3,-2.5619047619047617,-0.10000000000002274,-10.399999999999977,False,0.6000000000000001,8.9,2,12,1,False,False,False,True,True,False,False,True,False,0,-0.41175585546751653,0
2026-01-01,54,0.62,0.55,74,79,72,72,92,82,30,77,98.0,8100,3600,,,,,,,,,,,,1.8,-4.0,-1.4,47,1010.7,28.0,0.2,64.0,64.0,-18.0,-10.0,-25.0,0.5266666666666667,0.38571428571428573,0.08999999999999997,0.24,0.5949659863945578,0.49000000000000005,0.33142857142857146,0.020000000000000018,0.25000000000000006,0.4779109589041096,77.33333333333333,73.28571428571429,-14.0,-3.0,-1.7108843537414913,68.0,61.42857142857143,9.0,48.0,7.170068027210888,85.0,84.0,-21.0,-11.0,-12.013605442176868,80.66666666666667,86.42857142857143,-17.0,-17.0,-6.323129251700678,94.66666666666667,90.57142857142857,-5.0,-7.0,6.370748299319729,78.33333333333333,79.14285714285714,-3.0,10.0,6.234693877551024,43.666666666666664,40.142857142857146,-45.0,-21.0,-31.914965986394556,81.0,71.57142857142857,-16.0,-10.0,2.2789115646258438,97.33333333333333,97.71428571428571,-1.0,3.0,11.46503496503496,6600.0,7842.857142857143,0.0,900.0,3156.1224489795923,2400.0,1414.2857142857142,900.0,1800.0,61.224489795918544,,,,,,,,,,,,,,,,,,,,,,,,,,,,,,,,,,,,,,,,,,,,,,,,,,,,,,,,1.5333333333333332,4.757142857142857,-0.5999999999999999,-11.399999999999999,-14.921768707482993,-3.7999999999999994,-1.9285714285714286,-0.10000000000000009,-3.2,-11.03673469387755,-1.333333333333335,1.4571428571428573,-0.3999999999999999,-9.3,-13.05748299319728,49.333333333333336,62.714285714285715,-3.0,-23.0,-18.676870748299322,1011.9333333333334,1013.4714285714288,-1.8999999999999773,8.5,-6.841156462584877,24.566666666666666,22.314285714285713,9.899999999999999,-5.799999999999997,10.769727891156464,0.16666666666666666,1.2428571428571427,-0.09999999999999998,-1.5,-2.6619047619047613,1.8999999999999773,1.7999999999999545,False,0.3999999999999999,0.20000000000000018,3,1,1,False,False,False,True,True,False,True,True,False,1,-0.43097150465368517,0
2026-01-02,68,0.33,0.49,64,49,74,72,55,66,100,54,99.0,8100,3600,,,,,,,,,,,,1.4,-3.1,-1.4,42,1011.2,10.4,0.0,64.66666666666667,63.714285714285715,14.0,2.0,-11.0,0.4933333333333334,0.41571428571428576,-0.29,-0.09999999999999998,0.30496598639455785,0.5233333333333333,0.39,-0.06000000000000005,0.09999999999999998,0.41791095890410956,75.33333333333333,73.57142857142857,-10.0,-6.0,-11.710884353741491,66.0,56.42857142857143,-30.0,-6.0,-22.82993197278911,79.66666666666667,82.0,2.0,-16.0,-10.013605442176868,77.66666666666667,83.28571428571429,0.0,-9.0,-6.323129251700678,81.33333333333333,88.71428571428571,-37.0,-40.0,-30.62925170068027,77.66666666666667,75.71428571428571,-16.0,-2.0,-9.765306122448976,68.33333333333333,52.857142857142854,70.0,74.0,38.085034013605444,74.66666666666667,73.57142857142857,-23.0,-19.0,-20.721088435374156,98.66666666666667,97.71428571428571,1.0,4.0,12.46503496503496,8100.0,8100.0,0.0,4500.0,3156.1224489795923,3300.0,1800.0,0.0,2700.0,61.224489795918544,,,,,,,,,,,,,,,,,,,,,,,,,,,,,,,,,,,,,,,,,,,,,,,,,,,,,,,,1.8666666666666665,4.442857142857142,-0.40000000000000013,0.9999999999999999,-15.321768707482994,-3.6666666666666665,-2.1285714285714286,0.8999999999999999,0.3999999999999999,-10.13673469387755,-1.2666666666666684,1.1857142857142862,0.0,0.20000000000000018,-13.05748299319728,46.333333333333336,59.714285714285715,-5.0,-9.0,-23.676870748299322,1011.5,1012.2571428571429,0.5,-1.2999999999999545,-6.341156462584877,18.833333333333332,21.52857142857143,-17.6,-17.200000000000003,-6.830272108843536,0.16666666666666666,0.31428571428571433,-0.2,0.0,-2.8619047619047615,-0.5,1.3999999999999773,False,0.0,0.3999999999999999,4,1,1,False,False,False,True,False,True,True,True,False,1,-0.43634494176857075,0
2026-01-03,61,0.6,0.65,76,49,86,46,99,73,58,89,99.0,6300,0,,,,,,,,,,,,1.6,-3.5,-1.3,55,1016.3,11.2,0.0,61.0,62.57142857142857,-7.0,-11.0,-18.0,0.5166666666666667,0.4742857142857143,0.26999999999999996,0.06999999999999995,0.5749659863945578,0.5633333333333334,0.4585714285714286,0.16000000000000003,0.12,0.5779109589041096,71.33333333333333,74.0,12.0,-12.0,0.2891156462585087,59.0,54.714285714285715,0.0,-21.0,-22.82993197278911,77.33333333333333,82.0,12.0,-7.0,1.9863945578231323,63.333333333333336,76.85714285714286,-26.0,-43.0,-32.32312925170068,82.0,89.14285714285714,44.0,2.0,13.370748299319729,73.66666666666667,74.57142857142857,7.0,-12.0,-2.765306122448976,62.666666666666664,57.142857142857146,-42.0,-17.0,-3.914965986394556,73.33333333333333,76.28571428571429,35.0,-4.0,14.278911564625844,98.66666666666667,97.71428571428571,0.0,0.0,12.46503496503496,7500.0,7071.428571428572,-1800.0,-1800.0,1356.1224489795923,2400.0,1800.0,-3600.0,-2700.0,-3538.7755102040815,,,,,,,,,,,,,,,,,,,,,,,,,,,,,,,,,,,,,,,,,,,,,,,,,,,,,,,,1.5999999999999999,3.9,0.20000000000000018,-0.7999999999999998,-15.121768707482994,-3.533333333333333,-2.742857142857143,-0.3999999999999999,0.3999999999999999,-10.53673469387755,-1.3666666666666683,0.5571428571428573,0.09999999999999987,-0.30000000000000004,-12.95748299319728,48.0,56.714285714285715,13.0,5.0,-10.676870748299322,1012.7333333333335,1012.1714285714287,5.099999999999909,3.699999999999932,-1.2411564625849678,16.533333333333335,21.157142857142855,0.7999999999999989,-6.900000000000002,-6.030272108843537,0.06666666666666667,0.31428571428571433,0.0,-0.3,-2.8619047619047615,-5.099999999999909,-5.599999999999909,True,0.09999999999999987,0.09999999999999987,5,1,1,False,False,False,True,True,False,True,True,False,1,-0.43915220758170065,0
2026-01-04,55,0.53,0.6,74,82,60,86,93,77,41,74,97.0,2700,2700,,,,,,,,,,,,4.2,-2.2,0.3,57,1019.8,13.5,0.0,61.333333333333336,62.857142857142854,-6.0,1.0,-24.0,0.48666666666666664,0.48857142857142855,-0.06999999999999995,-0.08999999999999997,0.5049659863945578,0.5800000000000001,0.5014285714285714,-0.050000000000000044,0.04999999999999993,0.5279109589041096,71.33333333333333,74.71428571428571,-2.0,0.0,-1.7108843537414913,60.0,59.285714285714285,33.0,3.0,10.170068027210888,73.33333333333333,79.71428571428571,-26.0,-12.0,-24.013605442176868,68.0,76.42857142857143,40.0,14.0,7.676870748299322,82.33333333333333,90.0,-6.0,1.0,7.370748299319729,72.0,74.71428571428571,4.0,-5.0,1.2346938775510239,66.33333333333333,54.42857142857143,-17.0,11.0,-20.914965986394556,72.33333333333333,78.14285714285714,-15.0,-3.0,-0.7210884353741562,98.33333333333333,97.42857142857143,-2.0,-1.0,10.46503496503496,5700.0,6300.0,-3600.0,-5400.0,-2243.8775510204077,2100.0,2185.714285714286,2700.0,-900.0,-838.7755102040815,,,,,,,,,,,,,,,,,,,,,,,,,,,,,,,,,,,,,,,,,,,,,,,,,,,,,,,,2.4,3.5714285714285716,2.6,2.4000000000000004,-12.521768707482995,-2.933333333333333,-3.0,1.2999999999999998,1.7999999999999998,-9.236734693877551,-0.8000000000000017,0.21428571428571455,1.6,1.7,-11.357482993197278,51.333333333333336,53.142857142857146,2.0,10.0,-8.676870748299322,1015.7666666666668,1012.1857142857143,3.5,9.099999999999909,2.258843537415032,11.700000000000001,20.37142857142857,2.3000000000000007,-14.5,-3.730272108843536,0.0,0.31428571428571433,0.0,-0.2,-2.8619047619047615,-3.5,-8.599999999999909,False,1.6,1.7,6,1,1,False,False,False,True,True,False,True,True,False,1,-0.43018337647161053,0
2026-01-05,51,0.4,0.5,51,40,76,91,59,44,13,47,96.0,2700,7200,,,,,,,,,,,,4.2,-3.1,0.4,67,1021.5,13.8,0.1,55.666666666666664,61.0,-4.0,-17.0,-28.0,0.51,0.4914285714285715,-0.13,0.07,0.37496598639455786,0.5833333333333334,0.53,-0.09999999999999998,0.010000000000000009,0.4279109589041096,67.0,71.0,-23.0,-13.0,-24.71088435374149,57.0,60.57142857142857,-42.0,-9.0,-31.82993197278911,74.0,78.71428571428571,16.0,2.0,-8.013605442176868,74.33333333333333,76.71428571428571,5.0,19.0,12.676870748299322,83.66666666666667,84.28571428571429,-34.0,4.0,-26.62925170068027,64.66666666666667,70.71428571428571,-33.0,-22.0,-31.765306122448976,37.333333333333336,49.0,-28.0,-87.0,-48.914965986394556,70.0,72.42857142857143,-27.0,-7.0,-27.721088435374156,97.33333333333333,97.57142857142857,-1.0,-3.0,9.46503496503496,3900.0,5657.142857142857,0.0,-5400.0,-2243.8775510204077,3300.0,2957.1428571428573,4500.0,3600.0,3661.2244897959185,,,,,,,,,,,,,,,,,,,,,,,,,,,,,,,,,,,,,,,,,,,,,,,,,,,,,,,,3.3333333333333335,2.2857142857142856,0.0,2.8000000000000003,-12.521768707482995,-2.9333333333333336,-3.3285714285714287,-0.8999999999999999,0.0,-10.13673469387755,-0.20000000000000182,-0.8571428571428569,0.10000000000000003,1.7999999999999998,-11.257482993197279,59.666666666666664,52.714285714285715,10.0,25.0,1.3231292517006779,1019.2000000000002,1014.9428571428571,1.7000000000000455,10.299999999999955,3.9588435374150777,12.833333333333334,17.514285714285712,0.3000000000000007,3.4000000000000004,-3.4302721088435355,0.03333333333333333,0.08571428571428572,0.1,0.1,-2.7619047619047614,-1.7000000000000455,-5.2000000000000455,False,0.10000000000000003,1.7000000000000002,0,1,1,False,False,False,True,False,True,True,True,False,1,-0.46166502998375875,1
2026-01-06,55,-0.21,0.35,48,54,88,86,16,82,21,25,95.0,900,11700,,,,,,,,,,,,6.7,-0.1,2.9,88,1011.6,8.3,0.0,53.666666666666664,59.42857142857143,4.0,-6.0,-24.0,0.24000000000000007,0.4,-0.61,-0.8099999999999999,-0.23503401360544218,0.48333333333333334,0.5242857142857142,-0.15000000000000002,-0.30000000000000004,0.27791095890410955,57.666666666666664,67.85714285714286,-3.0,-28.0,-27.71088435374149,58.666666666666664,60.42857142857143,14.0,5.0,-17.82993197278911,74.66666666666667,78.42857142857143,12.0,2.0,3.9863945578231323,87.66666666666667,77.42857142857143,-5.0,40.0,7.676870748299322,56.0,73.0,-43.0,-83.0,-69.62925170068027,67.66666666666667,72.71428571428571,38.0,9.0,6.234693877551024,25.0,48.285714285714285,8.0,-37.0,-40.914965986394556,48.666666666666664,65.57142857142857,-22.0,-64.0,-49.721088435374156,96.0,97.57142857142857,-1.0,-4.0,8.46503496503496,2100.0,5271.428571428572,-1800.0,-5400.0,-4043.8775510204077,7200.0,4500.0,4500.0,11700.0,8161.224489795919,,,,,,,,,,,,,,,,,,,,,,,,,,,,,,,,,,,,,,,,,,,,,,,,,,,,,,,,5.033333333333334,3.185714285714286,2.5,5.1,-10.021768707482995,-1.7999999999999998,-2.842857142857143,3.0,3.4,-7.13673469387755,1.1999999999999982,-0.21428571428571416,2.5,4.2,-8.757482993197279,70.66666666666667,58.0,21.0,33.0,22.323129251700678,1017.6333333333333,1014.8142857142857,-9.899999999999977,-4.699999999999932,-5.9411564625849,11.866666666666667,14.757142857142856,-5.5,-2.8999999999999986,-8.930272108843536,0.03333333333333333,0.08571428571428572,-0.1,0.0,-2.8619047619047615,9.899999999999977,8.199999999999932,True,2.5,2.6,1,1,1,False,False,False,False,False,True,True,True,True,1,-0.5046672061850448,1
2026-01-07,67,0.39,0.54,62,66,48,15,95,84,38,65,99.0,900,5400,,,,,,,,,,,,15.4,3.9,8.5,76,1010.0,16.8,0.0,57.666666666666664,58.714285714285715,12.0,12.0,-12.0,0.19333333333333338,0.38,0.6,-0.14,0.36496598639455785,0.4633333333333334,0.5257142857142857,0.19000000000000006,-0.05999999999999994,0.4679109589041096,53.666666666666664,64.14285714285714,14.0,-12.0,-13.710884353741491,53.333333333333336,59.857142857142854,12.0,-16.0,-5.829931972789112,70.66666666666667,72.0,-40.0,-12.0,-36.01360544217687,64.0,66.85714285714286,-71.0,-71.0,-63.32312925170068,56.666666666666664,72.71428571428571,79.0,2.0,9.370748299319729,70.0,72.57142857142857,2.0,7.0,8.234693877551024,24.0,43.0,17.0,-3.0,-23.914965986394556,45.666666666666664,61.57142857142857,40.0,-9.0,-9.721088435374156,96.66666666666667,97.57142857142857,4.0,2.0,12.46503496503496,1500.0,4242.857142857143,0.0,-1800.0,-4043.8775510204077,8100.0,4885.714285714285,-6300.0,2700.0,1861.2244897959185,,,,,,,,,,,,,,,,,,,,,,,,,,,,,,,,,,,,,,,,,,,,,,,,,,,,,,,,8.766666666666667,5.042857142857143,8.7,11.2,-1.3217687074829936,0.2333333333333334,-1.7285714285714282,4.0,6.1,-3.13673469387755,3.9333333333333313,1.142857142857143,5.6,8.2,-3.157482993197279,77.0,61.714285714285715,-12.0,19.0,10.323129251700678,1014.3666666666668,1014.4428571428572,-1.6000000000000227,-9.799999999999955,-7.541156462584922,12.966666666666667,14.571428571428571,8.5,3.3000000000000007,-0.4302721088435355,0.03333333333333333,0.042857142857142864,0.0,0.0,-2.8619047619047615,1.6000000000000227,11.5,False,5.6,8.1,2,1,1,False,False,False,True,False,True,True,True,False,1,-0.4959654841375134,1
2026-01-08,74,0.13,0.25,80,87,90,67,98,90,61,76,97.0,0,4500,,,,,,,,,,,,12.1,0.2,6.0,78,1022.4,10.1,0.0,65.33333333333333,61.57142857142857,7.0,23.0,-5.0,0.10333333333333339,0.31000000000000005,-0.26,-0.27,0.10496598639455783,0.38000000000000006,0.4828571428571428,-0.29000000000000004,-0.25,0.1779109589041096,63.333333333333336,65.0,18.0,29.0,4.289115646258509,69.0,61.0,21.0,47.0,15.170068027210888,75.33333333333333,74.57142857142857,42.0,14.0,5.986394557823132,56.0,66.14285714285714,52.0,-24.0,-11.323129251700678,69.66666666666667,73.57142857142857,3.0,39.0,12.370748299319729,85.33333333333333,73.71428571428571,6.0,46.0,14.234693877551024,40.0,47.42857142857143,23.0,48.0,-0.9149659863945558,55.333333333333336,61.42857142857143,11.0,29.0,1.2789115646258438,97.0,97.42857142857143,-2.0,1.0,10.46503496503496,600.0,3085.714285714286,-900.0,-2700.0,-4943.877551020408,7200.0,5014.285714285715,-900.0,-2700.0,961.2244897959185,,,,,,,,,,,,,,,,,,,,,,,,,,,,,,,,,,,,,,,,,,,,,,,,,,,,,,,,11.4,6.514285714285713,-3.3000000000000007,7.8999999999999995,-4.621768707482994,1.3333333333333333,-1.1285714285714286,-3.6999999999999997,3.3000000000000003,-6.83673469387755,5.799999999999997,2.2,-2.5,5.6,-5.657482993197279,80.66666666666667,66.14285714285714,2.0,11.0,12.323129251700678,1014.6666666666666,1016.1142857142856,12.399999999999977,0.8999999999999773,4.858843537415055,11.733333333333334,12.014285714285714,-6.700000000000001,-3.700000000000001,-7.130272108843537,0.0,0.014285714285714287,0.0,-0.1,-2.8619047619047615,-12.399999999999977,-10.799999999999955,True,2.5,3.1,3,1,1,False,False,False,False,False,False,False,False,False,0,-0.45377338582543325,1
2026-01-09,76,0.49,0.28,81,97,90,91,99,83,21,81,94.0,1800,10800,,,,,,,,,,,,12.1,2.7,7.2,87,1022.1,19.7,3.6,72.33333333333333,62.714285714285715,2.0,21.0,-3.0,0.3366666666666667,0.3328571428571429,0.36,0.7,0.46496598639455783,0.3566666666666667,0.45285714285714285,0.030000000000000027,-0.06999999999999995,0.20791095890410963,74.33333333333333,67.42857142857143,1.0,33.0,5.289115646258509,83.33333333333333,67.85714285714286,10.0,43.0,25.17006802721089,76.0,76.85714285714286,0.0,2.0,5.986394557823132,57.666666666666664,68.85714285714286,24.0,5.0,12.676870748299322,97.33333333333333,79.85714285714286,1.0,83.0,13.370748299319729,85.66666666666667,76.14285714285714,-7.0,1.0,7.234693877551024,40.0,36.142857142857146,-40.0,0.0,-40.914965986394556,74.0,65.28571428571429,5.0,56.0,6.278911564625844,96.66666666666667,96.71428571428571,-3.0,-1.0,7.46503496503496,900.0,2185.714285714286,1800.0,900.0,-3143.8775510204077,6900.0,6042.857142857143,6300.0,-900.0,7261.224489795919,,,,,,,,,,,,,,,,,,,,,,,,,,,,,,,,,,,,,,,,,,,,,,,,,,,,,,,,13.199999999999998,8.042857142857143,0.0,5.3999999999999995,-4.621768707482994,2.266666666666667,-0.29999999999999993,2.5,2.8000000000000003,-4.33673469387755,7.233333333333331,3.4285714285714284,1.2000000000000002,4.300000000000001,-4.457482993197279,80.33333333333333,72.57142857142857,9.0,-1.0,21.323129251700678,1018.1666666666669,1017.6714285714286,-0.2999999999999545,10.5,4.5588435374151,15.533333333333331,13.342857142857143,9.6,11.399999999999999,2.469727891156463,1.2,0.5285714285714286,3.6,3.6,0.7380952380952386,0.2999999999999545,-12.100000000000023,False,1.2000000000000002,1.2999999999999998,4,1,1,False,False,False,True,False,False,False,True,False,0,-0.44126571074711585,0
2026-01-10,49,0.0,0.27,35,45,51,67,11,42,66,14,92.0,13500,900,,,,,,,,,,,,11.4,6.8,8.4,97,1017.7,15.7,29.2,66.33333333333333,61.0,-27.0,-18.0,-30.0,0.2066666666666667,0.2471428571428572,-0.49,-0.39,-0.025034013605442176,0.26666666666666666,0.3985714285714286,-0.010000000000000009,-0.27,0.19791095890410962,65.33333333333333,61.57142857142857,-46.0,-27.0,-40.71088435374149,76.33333333333333,67.28571428571429,-52.0,-21.0,-26.82993197278911,77.0,71.85714285714286,-39.0,3.0,-33.01360544217687,75.0,71.85714285714286,-24.0,52.0,-11.323129251700678,69.33333333333333,67.28571428571429,-88.0,-84.0,-74.62925170068027,71.66666666666667,71.71428571428571,-41.0,-42.0,-33.765306122448976,49.333333333333336,37.285714285714285,45.0,28.0,4.085034013605444,57.0,54.57142857142857,-67.0,-51.0,-60.721088435374156,94.33333333333333,95.71428571428571,-2.0,-7.0,5.46503496503496,5100.0,3214.285714285714,11700.0,12600.0,8556.122448979593,5400.0,6171.428571428572,-9900.0,-4500.0,-2638.7755102040815,,,,,,,,,,,,,,,,,,,,,,,,,,,,,,,,,,,,,,,,,,,,,,,,,,,,,,,,11.866666666666667,9.442857142857141,-0.6999999999999993,-4.0,-5.321768707482994,3.233333333333333,1.1714285714285713,4.1,2.9,-0.2367346938775503,7.199999999999998,4.814285714285715,1.2000000000000002,-0.09999999999999964,-3.2574829931972786,87.33333333333333,78.57142857142857,10.0,21.0,31.323129251700678,1020.7333333333335,1017.8714285714285,-4.399999999999977,7.7000000000000455,0.15884353741512314,15.166666666666666,13.985714285714284,-4.0,-1.1000000000000014,-1.530272108843537,10.933333333333332,4.7,25.599999999999998,29.2,26.33809523809524,4.399999999999977,4.699999999999932,False,1.2000000000000002,2.4000000000000004,5,1,1,False,False,False,False,False,True,True,True,False,1,-0.5541689830965059,1
2026-01-11,82,0.02,0.25,95,95,98,94,100,92,74,99,88.0,5400,11700,,,,,,,,,,,,8.4,0.5,5.5,65,1014.6,31.4,0.1,69.0,64.85714285714286,33.0,8.0,3.0,0.17000000000000004,0.17428571428571432,0.02,-0.11,-0.005034013605442176,0.26666666666666666,0.34857142857142864,-0.020000000000000018,0.0,0.1779109589041096,70.33333333333333,64.57142857142857,60.0,15.0,19.28911564625851,79.0,69.14285714285714,50.0,8.0,23.17006802721089,79.66666666666667,77.28571428571429,47.0,8.0,13.986394557823132,84.0,73.0,27.0,27.0,15.676870748299322,70.0,68.28571428571429,89.0,2.0,14.370748299319729,72.33333333333333,73.85714285714286,50.0,2.0,16.234693877551024,53.666666666666664,42.0,8.0,13.0,12.085034013605444,64.66666666666667,58.142857142857146,85.0,23.0,24.278911564625844,91.33333333333333,94.42857142857143,-4.0,-9.0,1.4650349650349597,6900.0,3600.0,-8100.0,5400.0,456.12244897959226,7800.0,7457.142857142857,10800.0,7200.0,8161.224489795919,,,,,,,,,,,,,,,,,,,,,,,,,,,,,,,,,,,,,,,,,,,,,,,,,,,,,,,,10.633333333333333,10.042857142857143,-3.0,-3.6999999999999993,-8.321768707482994,3.3333333333333335,1.557142857142857,-6.3,0.3,-6.53673469387755,7.033333333333331,5.557142857142858,-2.9000000000000004,-0.5,-6.157482993197279,83.0,79.71428571428571,-32.0,-13.0,-0.6768707482993221,1018.1333333333336,1017.1285714285715,-3.1000000000000227,-7.7999999999999545,-2.9411564625848996,22.266666666666666,16.54285714285714,15.7,21.299999999999997,14.169727891156462,10.966666666666667,4.714285714285714,-29.099999999999998,0.1,-2.7619047619047614,3.1000000000000227,7.5,False,2.9000000000000004,1.7000000000000002,6,1,1,False,False,False,False,False,False,False,True,False,0,-0.4851688052336489,1
2026-01-12,82,0.22,0.36,84,86,79,86,100,82,65,86,81.0,5400,2700,,,,,,,,,,,,7.2,-0.9,2.5,59,1024.3,19.3,0.0,71.0,69.28571428571429,0.0,6.0,3.0,0.08000000000000003,0.1485714285714286,0.2,-0.27,0.1949659863945578,0.29333333333333333,0.3285714285714286,0.10999999999999999,0.07999999999999996,0.28791095890410956,71.33333333333333,69.28571428571429,-11.0,3.0,8.289115646258509,75.33333333333333,75.71428571428571,-9.0,-11.0,14.170068027210888,76.0,77.71428571428571,-19.0,-11.0,-5.013605442176868,82.33333333333333,72.28571428571429,-8.0,-5.0,7.676870748299322,70.33333333333333,74.14285714285714,0.0,1.0,14.370748299319729,72.0,79.28571428571429,-10.0,-1.0,6.234693877551024,68.33333333333333,49.42857142857143,-9.0,44.0,3.085034013605444,66.33333333333333,63.714285714285715,-13.0,5.0,11.278911564625844,87.0,92.28571428571429,-7.0,-13.0,-5.53496503496504,8100.0,3985.714285714286,0.0,3600.0,456.12244897959226,5100.0,6814.285714285715,-9000.0,-8100.0,-838.7755102040815,,,,,,,,,,,,,,,,,,,,,,,,,,,,,,,,,,,,,,,,,,,,,,,,,,,,,,,,9.0,10.471428571428572,-1.2000000000000002,-4.8999999999999995,-9.521768707482995,2.1333333333333333,1.8714285714285717,-1.4,-3.6,-7.9367346938775505,5.466666666666665,5.857142857142857,-3.0,-4.7,-9.157482993197279,73.66666666666667,78.57142857142857,-6.0,-28.0,-6.676870748299322,1018.8666666666668,1017.5285714285716,9.699999999999932,2.199999999999932,6.758843537415032,22.133333333333336,17.32857142857143,-12.099999999999998,-0.3999999999999986,2.0697278911564645,9.766666666666667,4.7,-0.1,-3.6,-2.8619047619047615,-9.699999999999932,-6.599999999999909,True,3.0,5.9,0,1,1,False,False,False,False,False,False,False,True,False,0,-0.4125233536166583,0
2026-01-13,83,0.15,0.13,79,78,88,89,100,81,36,80,70.0,2700,3600,,,,,,,,,,,,9.6,-2.5,3.6,59,1016.7,18.8,0.0,82.33333333333333,73.28571428571429,1.0,34.0,4.0,0.13000000000000003,0.2,-0.07,0.15,0.12496598639455782,0.24666666666666667,0.29714285714285715,-0.22999999999999998,-0.14,0.057910958904109605,86.0,73.71428571428571,-5.0,44.0,3.2891156462585087,86.33333333333333,79.14285714285714,-8.0,33.0,6.170068027210888,88.33333333333333,77.71428571428571,9.0,37.0,3.9863945578231323,89.66666666666667,72.71428571428571,3.0,22.0,10.676870748299322,100.0,86.14285714285714,0.0,89.0,14.370748299319729,85.0,79.14285714285714,-1.0,39.0,5.234693877551024,58.333333333333336,51.57142857142857,-29.0,-30.0,-25.914965986394556,88.33333333333333,71.57142857142857,-6.0,66.0,5.278911564625844,79.66666666666667,88.71428571428571,-11.0,-22.0,-16.53496503496504,4500.0,4242.857142857143,-2700.0,-10800.0,-2243.8775510204077,6000.0,5657.142857142857,900.0,2700.0,61.224489795918544,,,,,,,,,,,,,,,,,,,,,,,,,,,,,,,,,,,,,,,,,,,,,,,,,,,,,,,,8.4,10.885714285714284,2.3999999999999995,-1.8000000000000007,-7.121768707482994,-0.9666666666666667,1.5285714285714287,-1.6,-9.3,-9.53673469387755,3.866666666666664,5.957142857142857,1.1,-4.800000000000001,-8.05748299319728,61.0,74.42857142857143,0.0,-38.0,-6.676870748299322,1018.5333333333334,1018.2571428571429,-7.599999999999909,-1.0,-0.8411564625848769,23.166666666666668,18.82857142857143,-0.5,3.1000000000000014,1.5697278911564645,0.03333333333333333,4.7,0.0,-29.2,-2.8619047619047615,7.599999999999909,-2.1000000000000227,True,1.1,1.9,1,1,1,False,False,False,False,False,False,False,True,True,0,-0.4215176316029427,0
2026-01-14,76,0.15,0.18,62,93,72,81,68,88,18,45,67.0,7200,3600,,,,,,,,,,,,9.9,6.3,7.9,56,1003.0,19.3,0.1,80.33333333333333,74.57142857142857,-7.0,-6.0,-3.0,0.17333333333333334,0.16571428571428576,0.0,0.13,0.12496598639455782,0.2233333333333333,0.24571428571428572,0.04999999999999999,-0.07,0.1079109589041096,75.0,73.71428571428571,-17.0,-33.0,-13.710884353741491,85.66666666666667,83.0,15.0,-2.0,21.17006802721089,79.66666666666667,81.14285714285714,-16.0,-26.0,-12.013605442176868,85.33333333333333,82.14285714285714,-8.0,-13.0,2.676870748299322,89.33333333333333,82.28571428571429,-32.0,-32.0,-17.62925170068027,83.66666666666667,79.71428571428571,7.0,-4.0,12.234693877551024,39.666666666666664,48.714285714285715,-18.0,-56.0,-43.914965986394556,70.33333333333333,68.71428571428571,-35.0,-54.0,-29.721088435374156,72.66666666666667,84.14285714285714,-3.0,-21.0,-19.53496503496504,5100.0,5142.857142857143,4500.0,1800.0,2256.1224489795923,3300.0,5400.0,0.0,-8100.0,61.224489795918544,,,,,,,,,,,,,,,,,,,,,,,,,,,,,,,,,,,,,,,,,,,,,,,,,,,,,,,,8.9,10.1,0.3000000000000007,1.5,-6.821768707482994,0.9666666666666667,1.8714285714285714,8.8,5.8,-0.7367346938775503,4.666666666666664,5.871428571428572,4.300000000000001,2.4000000000000004,-3.7574829931972786,58.0,71.57142857142857,-3.0,-9.0,-9.676870748299322,1014.6666666666666,1017.2571428571429,-13.700000000000045,-11.600000000000023,-14.541156462584922,19.133333333333336,19.185714285714283,0.5,-12.099999999999998,2.0697278911564645,0.03333333333333333,4.714285714285714,0.1,0.0,-2.7619047619047614,13.700000000000045,21.299999999999955,True,4.300000000000001,5.4,2,1,1,False,False,False,False,False,False,False,True,True,1,-0.435819876918868,0
2026-01-15,84,0.03,0.19,85,68,95,97,95,82,77,83,64.0,2700,4500,,,,,,,,,,,,6.3,-5.8,-0.3,53,1002.7,25.2,1.5,81.0,76.0,8.0,2.0,5.0,0.11000000000000003,0.15142857142857147,-0.12,-0.19,0.0049659863945578225,0.16666666666666666,0.23714285714285716,0.010000000000000009,-0.16999999999999998,0.1179109589041096,75.33333333333333,74.42857142857143,23.0,1.0,9.289115646258509,79.66666666666667,80.28571428571429,-25.0,-18.0,-3.8299319727891117,85.0,81.85714285714286,23.0,16.0,10.986394557823132,89.0,86.42857142857143,16.0,11.0,18.676870748299322,87.66666666666667,81.85714285714286,27.0,-5.0,9.370748299319729,83.66666666666667,78.57142857142857,-6.0,0.0,6.234693877551024,43.666666666666664,51.0,59.0,12.0,15.085034013605444,69.33333333333333,69.71428571428571,38.0,-3.0,8.278911564625844,67.0,79.42857142857143,-3.0,-17.0,-22.53496503496504,4200.0,5528.571428571428,-4500.0,-2700.0,-2243.8775510204077,3900.0,5400.0,900.0,1800.0,961.2244897959185,,,,,,,,,,,,,,,,,,,,,,,,,,,,,,,,,,,,,,,,,,,,,,,,,,,,,,,,8.6,9.271428571428572,-3.6000000000000005,-0.9000000000000004,-10.421768707482993,-0.6666666666666666,1.0142857142857145,-12.1,-4.8999999999999995,-12.836734693877549,3.7333333333333307,4.971428571428572,-8.200000000000001,-2.8,-11.95748299319728,56.0,68.0,-3.0,-6.0,-12.676870748299322,1007.4666666666668,1014.4428571428572,-0.2999999999999545,-21.59999999999991,-14.841156462584877,21.099999999999998,21.342857142857145,5.899999999999999,5.899999999999999,7.969727891156463,0.5333333333333333,4.928571428571429,1.4,1.5,-1.3619047619047615,0.2999999999999545,14.0,False,8.200000000000001,3.9,3,1,1,False,False,False,False,False,False,False,True,False,0,-0.4225500414151545,0
2026-01-16,91,-0.01,0.15,89,57,93,97,100,73,81,100,61.0,0,23400,,,,,,,,,,,,1.6,-6.0,-2.4,41,1015.0,22.1,0.0,83.66666666666667,78.14285714285714,7.0,8.0,12.0,0.0566666666666667,0.08000000000000003,-0.04,-0.16,-0.03503401360544218,0.17333333333333334,0.21857142857142858,-0.04000000000000001,0.01999999999999999,0.0779109589041096,78.66666666666667,75.57142857142857,4.0,10.0,13.289115646258509,72.66666666666667,74.57142857142857,-11.0,-21.0,-14.829931972789112,86.66666666666667,82.28571428571429,-2.0,5.0,8.986394557823132,91.66666666666667,87.28571428571429,0.0,8.0,18.676870748299322,87.66666666666667,82.0,5.0,0.0,14.370748299319729,81.0,77.14285714285714,-9.0,-8.0,-2.765306122448976,58.666666666666664,59.57142857142857,4.0,45.0,19.085034013605444,76.0,72.42857142857143,17.0,20.0,25.278911564625844,64.0,74.71428571428571,-3.0,-9.0,-25.53496503496504,3300.0,5271.428571428572,-2700.0,-2700.0,-4943.877551020408,10500.0,7200.0,18900.0,19800.0,19861.224489795917,,,,,,,,,,,,,,,,,,,,,,,,,,,,,,,,,,,,,,,,,,,,,,,,,,,,,,,,5.933333333333334,7.771428571428571,-4.699999999999999,-8.0,-15.121768707482994,-1.8333333333333333,-0.2285714285714285,-0.20000000000000018,-3.5,-13.03673469387755,1.7333333333333314,3.6000000000000005,-2.1,-6.0,-14.05748299319728,50.0,61.42857142857143,-12.0,-18.0,-24.676870748299322,1006.9000000000001,1013.4285714285714,12.299999999999955,-1.7000000000000455,-2.5411564625849223,22.200000000000003,21.685714285714287,-3.099999999999998,3.3000000000000007,4.869727891156465,0.5333333333333333,4.414285714285714,-1.5,0.0,-2.8619047619047615,-12.299999999999955,-12.0,True,2.1,10.3,4,1,1,False,False,False,False,False,False,False,False,False,0,-0.45305318823558133,1
2026-01-17,80,-0.01,0.12,77,69,95,86,93,83,53,70,58.0,10800,3600,,,,,,,,,,,,5.5,-0.2,2.0,63,1017.7,15.7,1.6,85.0,82.57142857142857,-11.0,4.0,1.0,0.00333333333333337,0.0785714285714286,0.0,-0.16,-0.03503401360544218,0.15333333333333332,0.19714285714285712,-0.03,-0.06,0.047910958904109596,83.66666666666667,81.57142857142857,-12.0,15.0,1.2891156462585087,64.66666666666667,78.0,12.0,-24.0,-2.8299319727891117,94.33333333333333,88.57142857142857,2.0,23.0,10.986394557823132,93.33333333333333,90.0,-11.0,5.0,7.676870748299322,96.0,93.71428571428571,-7.0,25.0,7.370748299319729,79.33333333333333,83.0,10.0,-5.0,7.234693877551024,70.33333333333333,57.714285714285715,-28.0,35.0,-8.914965986394556,84.33333333333333,80.42857142857143,-30.0,25.0,-4.721088435374156,61.0,69.85714285714286,-3.0,-9.0,-28.53496503496504,4500.0,4885.714285714285,10800.0,3600.0,5856.122448979592,10500.0,7585.714285714285,-19800.0,0.0,61.224489795918544,,,,,,,,,,,,,,,,,,,,,,,,,,,,,,,,,,,,,,,,,,,,,,,,,,,,,,,,4.466666666666668,6.928571428571429,3.9,-4.4,-11.221768707482994,-4.0,-1.2285714285714284,5.8,-6.5,-7.23673469387755,-0.2333333333333356,2.6857142857142864,4.4,-5.9,-9.657482993197279,52.333333333333336,56.57142857142857,22.0,7.0,-2.676870748299322,1011.8000000000002,1013.4285714285714,2.7000000000000455,14.700000000000045,0.15884353741512314,21.0,21.685714285714283,-6.400000000000002,-3.6000000000000014,-1.530272108843537,1.0333333333333334,0.4714285714285714,1.6,1.5,-1.2619047619047614,-2.7000000000000455,-15.0,False,4.4,2.3,5,1,1,False,False,False,False,False,False,False,True,False,0,-0.4391505317414307,0
2026-01-18,75,-0.04,0.04,65,19,79,72,59,69,100,61,54.0,0,8100,,,,,,,,,,,,2.5,-3.4,0.5,83,1016.0,15.6,4.9,82.0,81.57142857142857,-5.0,-9.0,-4.0,-0.019999999999999962,0.07000000000000003,-0.03,-0.07,-0.06503401360544217,0.10333333333333333,0.16714285714285712,-0.07999999999999999,-0.15,-0.0320890410958904,77.0,77.28571428571429,-12.0,-20.0,-10.710884353741491,48.333333333333336,67.14285714285714,-50.0,-49.0,-52.82993197278911,89.0,85.85714285714286,-16.0,-16.0,-5.013605442176868,85.0,86.85714285714286,-14.0,-25.0,-6.323129251700678,84.0,87.85714285714286,-34.0,-36.0,-26.62925170068027,75.0,79.71428571428571,-14.0,-13.0,-6.765306122448976,78.0,61.42857142857143,47.0,23.0,38.085034013605444,77.0,75.0,-9.0,-22.0,-13.721088435374156,57.666666666666664,65.0,-4.0,-10.0,-32.53496503496504,3600.0,4114.285714285715,-10800.0,-2700.0,-4943.877551020408,11700.0,7071.428571428572,4500.0,3600.0,4561.224489795919,,,,,,,,,,,,,,,,,,,,,,,,,,,,,,,,,,,,,,,,,,,,,,,,,,,,,,,,3.2000000000000006,6.0857142857142845,-3.0,-3.8,-14.221768707482994,-3.1999999999999997,-1.7857142857142858,-3.1999999999999997,2.4,-10.43673469387755,0.03333333333333105,1.971428571428572,-1.5,0.8,-11.157482993197279,62.333333333333336,59.142857142857146,20.0,30.0,17.323129251700678,1016.2333333333335,1013.6285714285714,-1.7000000000000455,13.299999999999955,-1.5411564625849223,17.8,19.428571428571427,-0.09999999999999964,-9.6,-1.6302721088435366,2.1666666666666665,1.157142857142857,3.3000000000000003,3.4000000000000004,2.038095238095239,1.7000000000000455,-1.0,False,1.5,2.9,6,1,1,False,False,False,False,False,False,False,False,False,0,-0.457780349273521,1
2026-01-19,85,0.05,0.06,80,76,86,89,98,82,59,77,56.0,7200,0,,,,,,,,,,,,5.0,-5.8,-1.2,49,1016.5,19.4,0.0,80.0,82.0,10.0,-6.0,6.0,3.700743415417188e-17,0.04571428571428575,0.09,0.060000000000000005,0.024965986394557826,0.07333333333333333,0.12428571428571429,0.019999999999999997,-0.09,-0.012089041095890402,74.0,76.71428571428571,15.0,-9.0,4.289115646258509,54.666666666666664,65.71428571428571,57.0,19.0,4.170068027210888,86.66666666666667,86.85714285714286,7.0,-7.0,1.9863945578231323,82.33333333333333,87.28571428571429,17.0,-8.0,10.676870748299322,83.33333333333333,87.57142857142857,39.0,-2.0,12.370748299319729,78.0,79.71428571428571,13.0,9.0,6.234693877551024,70.66666666666667,60.57142857142857,-41.0,-22.0,-2.914965986394556,69.33333333333333,73.71428571428571,16.0,-23.0,2.2789115646258438,56.0,61.42857142857143,2.0,-5.0,-30.53496503496504,6000.0,4371.428571428572,7200.0,7200.0,2256.1224489795923,3900.0,6685.714285714285,-8100.0,-23400.0,-3538.7755102040815,,,,,,,,,,,,,,,,,,,,,,,,,,,,,,,,,,,,,,,,,,,,,,,,,,,,,,,,4.333333333333335,5.771428571428572,2.5,3.4,-11.721768707482994,-3.1333333333333333,-2.4857142857142853,-2.4,0.20000000000000018,-12.836734693877549,0.43333333333333096,1.4428571428571433,-1.7,1.2,-12.857482993197278,65.0,57.714285714285715,-34.0,8.0,-16.676870748299322,1016.7333333333335,1012.5142857142857,0.5,1.5,-1.0411564625849223,16.900000000000002,19.442857142857143,3.799999999999999,-2.700000000000003,2.1697278911564624,2.1666666666666665,1.157142857142857,-4.9,0.0,-2.8619047619047615,-0.5,1.2000000000000455,False,1.7,3.2,0,1,1,False,False,False,False,False,False,False,True,False,0,-0.4163870333018641,0
2026-01-20,78,0.11,0.08,61,67,60,1,96,52,42,77,71.0,13500,3600,,,,,,,,,,,,-1.0,-7.7,-4.5,29,1028.8,18.7,0.0,79.33333333333333,81.28571428571429,-7.0,-2.0,-1.0,0.040000000000000036,0.040000000000000036,0.06,0.12,0.08496598639455782,0.06,0.11714285714285713,0.020000000000000004,-0.039999999999999994,0.007910958904109602,68.66666666666667,74.14285714285714,-19.0,-16.0,-14.710884353741491,54.0,64.14285714285714,-9.0,-2.0,-4.829931972789112,75.0,82.85714285714286,-26.0,-35.0,-24.013605442176868,54.0,74.71428571428571,-88.0,-85.0,-77.32312925170068,84.33333333333333,87.0,-2.0,3.0,10.370748299319729,67.66666666666667,75.57142857142857,-30.0,-31.0,-23.765306122448976,67.0,61.42857142857143,-17.0,-11.0,-19.914965986394556,71.66666666666667,73.28571428571429,0.0,7.0,2.2789115646258438,60.333333333333336,61.57142857142857,15.0,13.0,-15.53496503496504,6900.0,5914.285714285715,6300.0,2700.0,8556.122448979593,3900.0,6685.714285714285,3600.0,0.0,61.224489795918544,,,,,,,,,,,,,,,,,,,,,,,,,,,,,,,,,,,,,,,,,,,,,,,,,,,,,,,,2.1666666666666674,4.257142857142857,-6.0,-6.5,-17.721768707482994,-5.633333333333334,-3.2285714285714286,-1.9000000000000004,-7.5,-14.736734693877551,-1.7333333333333358,0.28571428571428636,-3.3,-6.5,-16.157482993197277,53.666666666666664,53.42857142857143,-20.0,-34.0,-36.67687074829932,1020.4333333333334,1014.2428571428571,12.299999999999955,11.099999999999909,11.258843537415032,17.9,19.428571428571427,-0.6999999999999993,3.0,1.469727891156463,1.6333333333333335,1.157142857142857,0.0,-1.6,-2.8619047619047615,-12.299999999999955,-12.799999999999955,True,3.3,5.0,1,1,1,False,False,False,False,False,False,False,True,False,0,-0.468984687390248,1
2026-01-21,71,0.02,0.05,61,59,81,83,50,90,19,52,74.0,8100,6300,,,,,,,,,,,,4.7,-8.7,-2.2,38,1030.0,19.7,0.0,78.0,80.57142857142857,-7.0,-4.0,-8.0,0.06000000000000003,0.02142857142857146,-0.09,0.06,-0.005034013605442176,0.06333333333333334,0.09857142857142856,-0.03,0.010000000000000002,-0.022089041095890397,67.33333333333333,74.0,0.0,-4.0,-14.710884353741491,67.33333333333333,59.285714285714285,-8.0,40.0,-12.829931972789112,75.66666666666667,84.14285714285714,21.0,2.0,-3.0136054421768677,57.666666666666664,75.0,82.0,11.0,4.676870748299322,81.33333333333333,84.42857142857143,-46.0,-9.0,-35.62925170068027,74.66666666666667,75.85714285714286,38.0,21.0,14.234693877551024,40.0,61.57142857142857,-23.0,-81.0,-42.914965986394556,68.66666666666667,74.28571428571429,-25.0,-9.0,-22.721088435374156,67.0,62.57142857142857,3.0,20.0,-12.53496503496504,9600.0,6042.857142857143,-5400.0,8100.0,3156.1224489795923,3300.0,7071.428571428572,2700.0,-1800.0,2761.2244897959185,,,,,,,,,,,,,,,,,,,,,,,,,,,,,,,,,,,,,,,,,,,,,,,,,,,,,,,,2.900000000000001,3.514285714285714,5.7,2.2,-12.021768707482995,-7.400000000000001,-5.371428571428572,-0.9999999999999991,-5.299999999999999,-15.73673469387755,-2.633333333333336,-1.1571428571428566,2.3,-2.7,-13.85748299319728,38.666666666666664,50.857142857142854,9.0,-45.0,-27.676870748299322,1025.1000000000001,1018.1,1.2000000000000455,14.0,12.458843537415078,19.266666666666666,19.485714285714284,1.0,4.1,2.469727891156463,0.0,1.1428571428571428,0.0,-4.9,-2.8619047619047615,-1.2000000000000455,-13.5,False,2.3,1.0000000000000002,2,1,1,False,False,False,False,False,False,False,True,False,0,-0.44635315774603684,0
2026-01-22,83,-0.08,0.06,76,70,81,91,97,67,22,84,82.0,16200,0,,,,,,,,,,,,11.7,2.6,5.6,45,1019.3,19.2,0.0,77.33333333333333,80.42857142857143,12.0,-2.0,4.0,0.0166666666666667,0.005714285714285747,-0.1,-0.13,-0.10503401360544218,0.06333333333333334,0.07999999999999999,0.009999999999999995,0.0,-0.012089041095890402,66.0,72.71428571428571,15.0,-4.0,0.2891156462585087,65.33333333333333,59.57142857142857,11.0,-6.0,-1.8299319727891117,74.0,82.14285714285714,0.0,-5.0,-3.0136054421768677,58.333333333333336,74.14285714285714,8.0,2.0,12.676870748299322,81.0,84.71428571428571,47.0,-1.0,11.370748299319729,69.66666666666667,73.71428571428571,-23.0,-15.0,-8.765306122448976,27.666666666666668,53.714285714285715,3.0,-37.0,-39.914965986394556,71.0,74.42857142857143,32.0,7.0,9.278911564625844,75.66666666666667,65.14285714285714,8.0,26.0,-4.53496503496504,12600.0,7971.428571428572,8100.0,9000.0,11256.122448979593,3300.0,6428.571428571428,-6300.0,0.0,-3538.7755102040815,,,,,,,,,,,,,,,,,,,,,,,,,,,,,,,,,,,,,,,,,,,,,,,,,,,,,,,,5.133333333333334,4.285714285714286,6.999999999999999,6.699999999999999,-5.021768707482995,-4.6000000000000005,-4.171428571428572,11.299999999999999,8.4,-4.4367346938775505,-0.3666666666666692,-0.3142857142857138,7.8,6.8,-6.057482993197279,37.333333333333336,49.714285714285715,7.0,-4.0,-20.676870748299322,1026.0333333333335,1020.4714285714286,-10.700000000000045,2.7999999999999545,1.7588435374150322,19.2,18.62857142857143,-0.5,-0.1999999999999993,1.969727891156463,0.0,0.9285714285714286,0.0,0.0,-2.8619047619047615,10.700000000000045,9.5,True,7.8,10.1,3,1,1,False,False,False,False,False,False,False,True,True,0,-0.46398017269394254,1
2026-01-23,70,0.19,0.18,77,89,81,91,93,76,20,81,82.0,5400,9000,,,,,,,,,,,,6.9,-4.8,1.8,42,1023.8,25.3,0.0,74.66666666666667,77.42857142857143,-13.0,-8.0,-9.0,0.04333333333333337,0.03428571428571432,0.27,0.08,0.16496598639455784,0.09666666666666668,0.08428571428571428,0.12,0.09999999999999999,0.1079109589041096,71.33333333333333,71.0,1.0,16.0,1.2891156462585087,72.66666666666667,64.14285714285714,19.0,22.0,17.17006802721089,81.0,80.42857142857143,0.0,21.0,-3.0136054421768677,88.33333333333333,73.28571428571429,0.0,90.0,12.676870748299322,80.0,83.71428571428571,-4.0,-3.0,7.370748299319729,77.66666666666667,74.14285714285714,9.0,24.0,0.2346938775510239,20.333333333333332,45.0,-2.0,-22.0,-41.914965986394556,72.33333333333333,71.71428571428571,-3.0,4.0,6.278911564625844,79.33333333333333,68.14285714285714,0.0,11.0,-4.53496503496504,9900.0,8742.857142857143,-10800.0,-8100.0,456.12244897959226,5100.0,4371.428571428572,9000.0,5400.0,5461.224489795919,,,,,,,,,,,,,,,,,,,,,,,,,,,,,,,,,,,,,,,,,,,,,,,,,,,,,,,,7.766666666666668,5.042857142857143,-4.799999999999999,7.9,-9.821768707482994,-3.633333333333333,-4.0,-7.4,2.9000000000000004,-11.836734693877549,1.7333333333333307,0.2857142857142862,-3.8,6.3,-9.857482993197278,41.666666666666664,49.857142857142854,-3.0,13.0,-23.676870748299322,1024.3666666666666,1021.7285714285715,4.5,-5.0,6.258843537415032,21.400000000000002,19.085714285714285,6.100000000000001,6.600000000000001,8.069727891156464,0.0,0.9285714285714286,0.0,0.0,-2.8619047619047615,-4.5,6.2000000000000455,False,3.8,4.0,4,1,1,False,False,False,False,False,False,False,True,False,0,-0.4185924659206018,0
2026-01-24,83,0.06,0.07,73,89,83,89,88,71,16,73,79.0,15300,3600,,,,,,,,,,,,-6.6,-12.4,-9.0,29,1038.3,23.8,0.1,78.66666666666667,77.85714285714286,13.0,12.0,4.0,0.0566666666666667,0.04428571428571432,-0.13,0.039999999999999994,0.03496598639455782,0.10333333333333335,0.07714285714285715,-0.10999999999999999,0.020000000000000004,-0.0020890410958903927,75.33333333333333,70.42857142857143,-4.0,12.0,-2.7108843537414913,82.66666666666667,67.0,0.0,30.0,17.17006802721089,81.66666666666667,78.71428571428571,2.0,2.0,-1.0136054421768677,90.33333333333333,73.71428571428571,-2.0,6.0,10.676870748299322,92.66666666666667,83.0,-5.0,38.0,2.370748299319729,71.33333333333333,72.42857142857143,-5.0,-19.0,-4.765306122448976,19.333333333333332,39.714285714285715,-4.0,-3.0,-45.914965986394556,79.33333333333333,72.14285714285714,-8.0,21.0,-1.7210884353741562,81.0,71.14285714285714,-3.0,5.0,-7.53496503496504,12300.0,9385.714285714286,9900.0,7200.0,10356.122448979593,4200.0,4371.428571428572,-5400.0,-2700.0,61.224489795918544,,,,,,,,,,,,,,,,,,,,,,,,,,,,,,,,,,,,,,,,,,,,,,,,,,,,,,,,4.000000000000001,3.314285714285714,-13.5,-11.3,-23.321768707482995,-4.866666666666667,-5.742857142857143,-7.6000000000000005,-3.700000000000001,-19.43673469387755,-0.5333333333333359,-1.2857142857142851,-10.8,-6.8,-20.657482993197277,38.666666666666664,45.0,-13.0,-9.0,-36.67687074829932,1027.1333333333334,1024.6714285714286,14.5,8.299999999999955,20.758843537415032,22.76666666666667,20.242857142857144,-1.5,4.100000000000001,6.5697278911564645,0.03333333333333333,0.7142857142857142,0.1,0.1,-2.7619047619047614,-14.5,-19.0,True,10.8,14.6,5,1,1,False,False,False,False,False,False,False,True,False,0,-0.47810579832811695,1
2026-01-25,74,-0.05,0.04,58,85,67,86,50,49,12,59,81.0,7200,900,,,,,,,,,,,,-4.3,-10.0,-7.2,79,1023.4,18.1,41.7,75.66666666666667,77.71428571428571,-9.0,-9.0,-5.0,0.06666666666666671,0.04285714285714289,-0.11,0.03,-0.07503401360544218,0.09666666666666668,0.07714285714285715,-0.030000000000000006,-0.019999999999999997,-0.0320890410958904,69.33333333333333,69.42857142857143,-15.0,-18.0,-17.71088435374149,87.66666666666667,76.42857142857143,-4.0,15.0,13.170068027210888,77.0,77.0,-16.0,-14.0,-17.013605442176868,88.66666666666667,75.71428571428571,-3.0,-5.0,7.676870748299322,77.0,81.71428571428571,-38.0,-47.0,-35.62925170068027,65.33333333333333,69.57142857142857,-22.0,-18.0,-26.765306122448976,16.0,27.142857142857142,-4.0,-10.0,-49.914965986394556,71.0,71.85714285714286,-14.0,-25.0,-15.721088435374156,80.66666666666667,75.0,2.0,-1.0,-5.53496503496504,9300.0,10414.285714285714,-8100.0,-9000.0,2256.1224489795923,4500.0,3342.8571428571427,-2700.0,900.0,-2638.7755102040815,,,,,,,,,,,,,,,,,,,,,,,,,,,,,,,,,,,,,,,,,,,,,,,,,,,,,,,,-1.333333333333332,2.3428571428571425,2.3,-16.0,-21.021768707482995,-9.066666666666668,-6.685714285714286,2.4000000000000004,-12.6,-17.03673469387755,-4.8000000000000025,-2.3857142857142852,1.7999999999999998,-12.8,-18.85748299319728,50.0,44.42857142857143,50.0,34.0,13.323129251700678,1028.5000000000002,1025.7285714285715,-14.899999999999977,4.100000000000023,5.858843537415055,22.400000000000002,20.599999999999998,-5.699999999999999,-1.0999999999999979,0.8697278911564652,13.933333333333335,5.971428571428572,41.6,41.7,38.83809523809524,14.899999999999977,0.39999999999997726,True,1.7999999999999998,9.0,6,1,1,False,False,False,False,False,False,False,True,True,1,-0.4963814635616395,1
2026-01-26,87,-0.36,0.01,78,96,76,75,100,76,21,86,78.0,4500,8100,,,,,,,,,,,,-4.4,-9.0,-6.5,74,1014.1,23.2,0.0,81.33333333333333,78.0,13.0,17.0,8.0,-0.11666666666666663,-0.01571428571428568,-0.31,-0.55,-0.38503401360544215,0.040000000000000015,0.06999999999999999,-0.03,-0.16999999999999998,-0.0620890410958904,69.66666666666667,69.14285714285714,20.0,1.0,2.2891156462585087,90.0,79.28571428571429,11.0,7.0,24.17006802721089,75.33333333333333,75.57142857142857,9.0,-5.0,-8.013605442176868,83.33333333333333,73.71428571428571,-11.0,-16.0,-3.323129251700678,79.33333333333333,82.0,50.0,7.0,14.370748299319729,65.33333333333333,68.71428571428571,27.0,0.0,0.2346938775510239,16.333333333333332,21.714285714285715,9.0,1.0,-40.914965986394556,72.66666666666667,73.14285714285714,27.0,5.0,11.278911564625844,79.33333333333333,78.14285714285714,-3.0,-4.0,-8.53496503496504,9000.0,10028.57142857143,-2700.0,-900.0,-443.87755102040774,4200.0,4500.0,7200.0,-900.0,4561.224489795919,,,,,,,,,,,,,,,,,,,,,,,,,,,,,,,,,,,,,,,,,,,,,,,,,,,,,,,,-5.099999999999999,0.9999999999999999,-0.10000000000000053,-11.3,-21.121768707482993,-10.466666666666667,-7.142857142857143,1.0,-4.2,-16.03673469387755,-7.566666666666669,-3.1428571428571423,0.7000000000000002,-8.3,-18.157482993197277,60.666666666666664,48.0,-5.0,32.0,8.323129251700678,1025.2666666666667,1025.3857142857144,-9.299999999999955,-9.699999999999932,-3.4411564625848996,21.700000000000003,21.142857142857142,5.099999999999998,-2.1000000000000014,5.969727891156463,13.933333333333335,5.971428571428572,-41.7,0.0,-2.8619047619047615,9.299999999999955,24.199999999999932,True,0.7000000000000002,2.5,0,1,1,False,False,False,False,False,False,False,True,True,0,-0.4465117132753908,0
2026-01-27,81,-0.16,0.01,75,69,96,91,96,83,18,73,72.0,5400,4500,,,,,,,,,,,,-4.3,-14.6,-8.9,64,1021.5,20.7,0.0,80.66666666666667,78.42857142857143,-6.0,-2.0,2.0,-0.18999999999999995,-0.05428571428571426,0.19999999999999998,-0.22,-0.1850340136054422,0.020000000000000007,0.060000000000000005,0.0,-0.060000000000000005,-0.0620890410958904,70.33333333333333,71.14285714285714,-3.0,2.0,-0.7108843537414913,83.33333333333333,79.57142857142857,-27.0,-20.0,-2.8299319727891117,79.66666666666667,80.71428571428571,20.0,13.0,11.986394557823132,84.0,86.57142857142857,16.0,2.0,12.676870748299322,82.0,82.0,-4.0,8.0,10.370748299319729,69.33333333333333,73.14285714285714,7.0,12.0,7.234693877551024,17.0,18.285714285714285,-3.0,2.0,-43.914965986394556,72.66666666666667,72.57142857142857,-13.0,0.0,-1.7210884353741562,77.0,78.28571428571429,-6.0,-7.0,-14.53496503496504,5700.0,8871.42857142857,900.0,-9900.0,456.12244897959226,4500.0,4628.571428571428,-3600.0,900.0,961.2244897959185,,,,,,,,,,,,,,,,,,,,,,,,,,,,,,,,,,,,,,,,,,,,,,,,,,,,,,,,-4.333333333333332,0.5285714285714285,0.10000000000000053,2.3,-21.021768707482995,-11.200000000000001,-8.12857142857143,-5.6,-2.1999999999999993,-21.63673469387755,-7.533333333333336,-3.7714285714285714,-2.4000000000000004,0.09999999999999964,-20.55748299319728,72.33333333333333,53.0,-10.0,35.0,-1.6768707482993221,1019.6666666666666,1024.3428571428572,7.399999999999977,-16.799999999999955,3.9588435374150777,20.666666666666668,21.428571428571427,-2.5,-3.1000000000000014,3.469727891156463,13.9,5.971428571428572,0.0,-0.1,-2.8619047619047615,-7.399999999999977,1.8999999999999773,True,2.4000000000000004,1.7000000000000002,1,1,1,False,False,False,False,False,False,False,True,False,0,-0.427940061892914,0
2026-01-28,86,-0.19,-0.1,73,66,86,70,96,79,28,76,76.0,3600,5400,,,,,,,,,,,,-5.4,-12.5,-9.0,61,1022.5,18.6,0.1,84.66666666666667,80.57142857142857,5.0,12.0,7.0,-0.2366666666666666,-0.08428571428571426,-0.03,-0.14,-0.21503401360544216,-0.02666666666666666,0.038571428571428576,-0.11,-0.14,-0.1720890410958904,75.33333333333333,72.85714285714286,-2.0,15.0,-2.7108843537414913,77.0,80.57142857142857,-3.0,-19.0,-5.829931972789112,86.0,81.42857142857143,-10.0,19.0,1.9863945578231323,78.66666666666667,84.71428571428571,-21.0,-16.0,-8.323129251700678,97.33333333333333,88.57142857142857,0.0,46.0,10.370748299319729,79.33333333333333,71.57142857142857,-4.0,30.0,3.234693877551024,22.333333333333332,19.571428571428573,10.0,16.0,-33.914965986394556,78.33333333333333,76.0,3.0,17.0,1.2789115646258438,75.33333333333333,78.57142857142857,4.0,-5.0,-10.53496503496504,4500.0,8228.57142857143,-1800.0,-3600.0,-1343.8775510204077,6000.0,4500.0,900.0,4500.0,1861.2244897959185,,,,,,,,,,,,,,,,,,,,,,,,,,,,,,,,,,,,,,,,,,,,,,,,,,,,,,,,-4.699999999999999,-0.9142857142857145,-1.1000000000000005,-1.1000000000000005,-22.121768707482993,-12.033333333333333,-8.671428571428573,2.0999999999999996,-2.5,-19.53673469387755,-8.133333333333336,-4.742857142857142,-0.09999999999999964,-1.7999999999999998,-20.657482993197277,66.33333333333333,56.285714285714285,-3.0,-18.0,-4.676870748299322,1019.3666666666668,1023.2714285714285,1.0,-0.8999999999999773,4.958843537415078,20.833333333333336,21.271428571428572,-2.099999999999998,0.5,1.3697278911564652,0.03333333333333333,5.985714285714287,0.1,-41.6,-2.7619047619047614,-1.0,-8.399999999999977,False,0.09999999999999964,2.5,2,1,1,False,False,False,False,False,False,False,True,False,0,-0.40152352763813026,0
2026-01-29,89,-0.15,-0.17,81,89,72,81,92,67,42,95,67.0,5400,900,,,,,,,,,,,,-7.9,-13.7,-10.8,65,1024.0,20.1,0.0,85.33333333333333,81.42857142857143,3.0,2.0,10.0,-0.16666666666666663,-0.09428571428571424,0.04000000000000001,0.21,-0.17503401360544218,-0.08666666666666667,0.005714285714285712,-0.07,-0.18000000000000002,-0.2420890410958904,76.33333333333333,73.57142857142857,8.0,3.0,5.289115646258509,74.66666666666667,83.28571428571429,23.0,-7.0,17.17006802721089,84.66666666666667,80.14285714285714,-14.0,-4.0,-12.013605442176868,80.66666666666667,83.28571428571429,11.0,6.0,2.676870748299322,94.66666666666667,87.85714285714286,-4.0,-8.0,6.370748299319729,76.33333333333333,71.57142857142857,-12.0,-9.0,-8.765306122448976,29.333333333333332,22.428571428571427,14.0,21.0,-19.914965986394556,81.33333333333333,77.57142857142857,19.0,9.0,20.278911564625844,71.66666666666667,76.42857142857143,-9.0,-11.0,-19.53496503496504,4800.0,6685.714285714285,1800.0,900.0,456.12244897959226,3600.0,4628.571428571428,-4500.0,-7200.0,-2638.7755102040815,,,,,,,,,,,,,,,,,,,,,,,,,,,,,,,,,,,,,,,,,,,,,,,,,,,,,,,,-5.866666666666666,-3.7142857142857144,-2.5,-3.5,-24.621768707482993,-13.6,-11.0,-1.1999999999999993,-4.699999999999999,-20.73673469387755,-9.56666666666667,-7.0857142857142845,-1.8000000000000007,-4.300000000000001,-22.45748299319728,63.333333333333336,59.142857142857146,4.0,-9.0,-0.6768707482993221,1022.6666666666666,1023.9428571428571,1.5,9.899999999999977,6.458843537415078,19.8,21.400000000000002,1.5,-3.099999999999998,2.869727891156465,0.03333333333333333,5.985714285714287,-0.1,0.0,-2.8619047619047615,-1.5,-2.5,False,1.8000000000000007,1.9000000000000004,3,1,1,False,False,False,False,False,False,False,True,False,0,-0.41767019719113113,0
2026-01-30,85,0.28,0.07,74,67,74,83,99,75,20,82,70.0,900,1800,,,,,,,,,,,,-7.7,-14.6,-11.6,64,1026.1,14.1,0.0,86.66666666666667,83.57142857142857,-4.0,4.0,6.0,-0.019999999999999945,-0.08142857142857138,0.43000000000000005,0.44000000000000006,0.25496598639455786,-0.06666666666666667,-0.01,0.24000000000000002,0.060000000000000005,-0.0020890410958903927,76.0,73.14285714285714,-7.0,-1.0,-1.7108843537414913,74.0,80.14285714285714,-22.0,-2.0,-4.829931972789112,77.33333333333333,79.14285714285714,2.0,-22.0,-10.013605442176868,78.0,82.14285714285714,2.0,-8.0,4.676870748299322,95.66666666666667,88.71428571428571,7.0,3.0,13.370748299319729,73.66666666666667,71.42857142857143,8.0,-8.0,-0.7653061224489761,30.0,22.428571428571427,-22.0,2.0,-41.914965986394556,84.33333333333333,77.71428571428571,-13.0,9.0,7.278911564625844,71.0,74.71428571428571,3.0,-2.0,-16.53496503496504,3300.0,6042.857142857143,-4500.0,-4500.0,-4043.8775510204077,2700.0,3600.0,900.0,-2700.0,-1738.7755102040815,,,,,,,,,,,,,,,,,,,,,,,,,,,,,,,,,,,,,,,,,,,,,,,,,,,,,,,,-6.999999999999999,-5.8,0.20000000000000018,-3.4000000000000004,-24.421768707482993,-13.6,-12.4,-0.9000000000000004,0.0,-21.63673469387755,-10.466666666666669,-8.999999999999998,-0.7999999999999989,-2.6999999999999993,-23.25748299319728,63.333333333333336,62.285714285714285,-1.0,0.0,-1.6768707482993221,1024.2,1024.2714285714285,2.099999999999909,4.599999999999909,8.558843537414987,17.6,19.8,-6.000000000000002,-6.6,-3.1302721088435366,0.03333333333333333,5.985714285714287,0.0,0.0,-2.8619047619047615,-2.099999999999909,-3.599999999999909,False,0.7999999999999989,2.5999999999999996,4,1,1,False,False,False,False,False,False,False,True,False,0,-0.40455697028566995,0
2026-01-31,84,0.13,0.01,75,60,90,81,97,86,22,77,67.0,900,2700,,,,,,,,,,,,-7.1,-14.6,-11.0,67,1023.0,19.3,0.0,86.0,83.71428571428571,-1.0,-2.0,5.0,0.08666666666666671,-0.07142857142857138,-0.15000000000000002,0.32,0.10496598639455783,-0.029999999999999995,-0.018571428571428572,-0.060000000000000005,0.11,-0.0620890410958904,76.66666666666667,73.42857142857143,1.0,2.0,-0.7108843537414913,72.0,76.0,-7.0,-6.0,-11.829931972789112,78.66666666666667,80.14285714285714,16.0,4.0,5.986394557823132,81.66666666666667,81.0,-2.0,11.0,2.676870748299322,96.0,90.0,-2.0,1.0,11.370748299319729,76.0,73.57142857142857,11.0,7.0,10.234693877551024,28.0,23.285714285714285,2.0,-6.0,-39.914965986394556,84.66666666666667,78.28571428571429,-5.0,1.0,2.2789115646258438,68.0,73.0,-3.0,-9.0,-19.53496503496504,2400.0,3985.714285714286,0.0,-2700.0,-4043.8775510204077,1800.0,3471.4285714285716,900.0,-2700.0,-838.7755102040815,,,,,,,,,,,,,,,,,,,,,,,,,,,,,,,,,,,,,,,,,,,,,,,,,,,,,,,,-7.5666666666666655,-5.871428571428572,0.6000000000000005,-1.6999999999999993,-23.821768707482995,-14.299999999999999,-12.714285714285714,0.0,-2.0999999999999996,-21.63673469387755,-11.133333333333335,-9.285714285714286,0.5999999999999996,-2.0,-22.657482993197277,65.33333333333333,67.71428571428571,3.0,6.0,1.3231292517006779,1024.3666666666668,1022.0857142857143,-3.099999999999909,0.5,5.458843537415078,17.833333333333332,19.157142857142862,5.200000000000001,0.6999999999999993,2.0697278911564645,0.0,5.971428571428572,0.0,-0.1,-2.8619047619047615,3.099999999999909,1.0,False,0.5999999999999996,0.1999999999999993,5,1,1,False,False,False,False,False,False,False,True,False,0,-0.40309129748350575,0
2026-02-01,84,0.26,0.16,76,76,95,81,100,81,22,76,68.0,900,1800,,,,,,,,,,,,-5.3,-12.3,-8.8,65,1016.0,26.0,0.0,84.33333333333333,85.14285714285714,0.0,-5.0,5.0,0.22333333333333338,-0.027142857142857104,0.13,0.41000000000000003,0.23496598639455785,0.08000000000000002,-0.0014285714285714299,0.15,0.33,0.0879109589041096,75.0,76.0,1.0,-5.0,0.2891156462585087,67.66666666666667,74.71428571428571,16.0,-13.0,4.170068027210888,86.33333333333333,84.14285714285714,5.0,23.0,10.986394557823132,81.66666666666667,80.28571428571429,0.0,0.0,2.676870748299322,98.66666666666667,97.14285714285714,3.0,8.0,14.370748299319729,80.66666666666667,78.14285714285714,-5.0,14.0,5.234693877551024,21.333333333333332,24.714285714285715,0.0,-20.0,-39.914965986394556,78.33333333333333,80.71428571428571,-1.0,-19.0,1.2789115646258438,68.33333333333333,71.14285714285714,1.0,1.0,-18.53496503496504,900.0,3085.714285714286,0.0,-4500.0,-4043.8775510204077,2100.0,3600.0,-900.0,900.0,-1738.7755102040815,,,,,,,,,,,,,,,,,,,,,,,,,,,,,,,,,,,,,,,,,,,,,,,,,,,,,,,,-6.699999999999998,-6.014285714285714,1.7999999999999998,2.6000000000000005,-22.021768707482995,-13.833333333333334,-13.042857142857143,2.299999999999999,1.3999999999999986,-19.336734693877553,-10.466666666666669,-9.514285714285714,2.1999999999999993,2.0,-20.45748299319728,65.33333333333333,65.71428571428571,-2.0,0.0,-0.6768707482993221,1021.7000000000002,1021.0285714285714,-7.0,-8.0,-1.5411564625849223,19.8,20.285714285714285,6.699999999999999,5.899999999999999,8.769727891156464,0.0,0.014285714285714287,0.0,0.0,-2.8619047619047615,7.0,10.099999999999909,True,2.1999999999999993,2.799999999999999,6,2,1,False,False,False,False,False,False,False,True,True,0,-0.42047783068158745,0
2026-02-02,83,0.14,0.26,71,52,86,91,95,60,38,74,76.0,7200,2700,,,,,,,,,,,,-1.2,-8.9,-6.4,63,1021.6,24.5,0.0,83.66666666666667,84.57142857142857,-1.0,-2.0,4.0,0.17666666666666672,0.044285714285714324,-0.12,-0.14,0.11496598639455784,0.14333333333333334,0.03428571428571429,0.1,0.19,0.1879109589041096,74.0,75.0,-5.0,-3.0,-4.710884353741491,62.666666666666664,68.42857142857143,-24.0,-15.0,-19.82993197278911,90.33333333333333,85.57142857142857,-9.0,12.0,1.9863945578231323,84.33333333333333,82.57142857142857,10.0,8.0,12.676870748299322,97.33333333333333,96.42857142857143,-5.0,-4.0,9.370748299319729,75.66666666666667,75.85714285714286,-21.0,-15.0,-15.765306122448976,27.333333333333332,27.142857142857142,16.0,18.0,-23.914965986394556,75.66666666666667,79.0,-2.0,-8.0,-0.7210884353741562,70.33333333333333,70.85714285714286,8.0,6.0,-10.53496503496504,3000.0,3471.4285714285716,6300.0,6300.0,2256.1224489795923,2400.0,2828.5714285714284,900.0,900.0,-838.7755102040815,,,,,,,,,,,,,,,,,,,,,,,,,,,,,,,,,,,,,,,,,,,,,,,,,,,,,,,,-4.533333333333332,-5.557142857142858,4.1,6.5,-17.921768707482993,-11.933333333333332,-13.028571428571428,3.4000000000000004,5.699999999999999,-15.93673469387755,-8.733333333333336,-9.5,2.4000000000000004,5.199999999999999,-18.05748299319728,65.0,64.14285714285714,-2.0,-1.0,-2.676870748299322,1020.2000000000002,1022.1,5.600000000000023,-4.499999999999886,4.0588435374151,23.26666666666667,20.47142857142857,-1.5,10.4,7.269727891156464,0.0,0.014285714285714287,0.0,0.0,-2.8619047619047615,-5.600000000000023,1.3999999999999773,True,2.4000000000000004,4.6,0,2,1,False,False,False,False,False,False,False,True,False,0,-0.41687923613576017,0
2026-02-03,62,0.1,0.21,58,51,81,75,62,63,23,55,81.0,17100,0,,,,,,,,,,,,2.5,-7.9,-2.3,73,1022.6,11.0,0.0,76.33333333333333,81.85714285714286,-21.0,-22.0,-17.0,0.1666666666666667,0.08142857142857148,-0.04000000000000001,-0.03,0.07496598639455783,0.21,0.06285714285714285,-0.05000000000000002,0.19999999999999998,0.1379109589041096,68.33333333333333,72.57142857142857,-13.0,-17.0,-17.71088435374149,59.666666666666664,65.85714285714286,-1.0,-9.0,-20.82993197278911,87.33333333333333,83.42857142857143,-5.0,-9.0,-3.0136054421768677,82.33333333333333,80.28571428571429,-16.0,-6.0,-3.323129251700678,85.66666666666667,91.57142857142857,-33.0,-35.0,-23.62925170068027,68.0,73.0,3.0,-23.0,-12.765306122448976,27.666666666666668,27.857142857142858,-15.0,1.0,-38.914965986394556,68.33333333333333,76.42857142857143,-19.0,-22.0,-19.721088435374156,75.0,72.14285714285714,5.0,14.0,-5.53496503496504,8400.0,5142.857142857143,9900.0,16200.0,12156.122448979593,1500.0,2185.714285714286,-2700.0,-2700.0,-3538.7755102040815,,,,,,,,,,,,,,,,,,,,,,,,,,,,,,,,,,,,,,,,,,,,,,,,,,,,,,,,-1.3333333333333321,-4.585714285714287,3.7,9.6,-14.221768707482994,-9.700000000000001,-12.071428571428571,1.0,6.699999999999999,-14.93673469387755,-5.833333333333336,-8.557142857142855,4.1000000000000005,8.7,-13.957482993197278,67.0,65.42857142857143,10.0,6.0,7.323129251700678,1020.0666666666667,1022.2571428571429,1.0,-0.39999999999997726,5.0588435374151,20.5,19.08571428571429,-13.5,-8.3,-6.230272108843536,0.0,0.014285714285714287,0.0,0.0,-2.8619047619047615,-1.0,-6.600000000000023,False,4.1000000000000005,6.500000000000001,1,2,1,False,False,False,False,False,False,True,True,False,1,-0.46154260132773045,1
2026-02-04,58,0.39,0.36,63,57,74,91,76,58,22,62,80.0,7200,0,,,,,,,,,,,,1.6,-6.1,-1.5,73,1023.4,11.3,0.0,67.66666666666667,77.85714285714286,-4.0,-26.0,-21.0,0.21000000000000005,0.16428571428571434,0.29000000000000004,0.13,0.36496598639455785,0.27666666666666667,0.12857142857142856,0.15,0.19999999999999998,0.28791095890410956,64.0,71.14285714285714,5.0,-13.0,-12.710884353741491,53.333333333333336,64.57142857142857,6.0,-19.0,-14.829931972789112,80.33333333333333,81.71428571428571,-7.0,-21.0,-10.013605442176868,85.66666666666667,83.28571428571429,16.0,10.0,12.676870748299322,77.66666666666667,88.71428571428571,14.0,-24.0,-9.629251700680271,60.333333333333336,70.0,-5.0,-23.0,-17.765306122448976,27.666666666666668,27.0,-1.0,0.0,-39.914965986394556,63.666666666666664,74.42857142857143,7.0,-14.0,-12.721088435374156,79.0,72.71428571428571,-1.0,12.0,-6.53496503496504,10500.0,5657.142857142857,-9900.0,6300.0,2256.1224489795923,900.0,1414.2857142857142,0.0,-1800.0,-3538.7755102040815,,,,,,,,,,,,,,,,,,,,,,,,,,,,,,,,,,,,,,,,,,,,,,,,,,,,,,,,0.9666666666666678,-3.585714285714286,-0.8999999999999999,6.9,-15.121768707482994,-7.633333333333334,-11.157142857142858,1.8000000000000007,6.200000000000001,-13.13673469387755,-3.400000000000002,-7.485714285714285,0.7999999999999998,7.300000000000001,-13.157482993197279,69.66666666666667,67.14285714285714,0.0,8.0,7.323129251700678,1022.5333333333334,1022.3857142857142,0.7999999999999545,7.399999999999977,5.858843537415055,15.6,18.04285714285714,0.3000000000000007,-14.7,-5.9302721088435355,0.0,0.0,0.0,0.0,-2.8619047619047615,-0.7999999999999545,-1.7999999999999545,False,0.7999999999999998,4.9,2,2,1,False,False,False,True,False,False,True,True,False,1,-0.4272157046140606,0
2026-02-05,57,0.01,0.15,51,45,86,86,49,60,16,40,92.0,13500,900,,,,,,,,,,,,-0.6,-9.2,-5.8,67,1019.6,10.6,0.0,59.0,73.28571428571429,-1.0,-26.0,-22.0,0.1666666666666667,0.18714285714285714,-0.38,-0.13,-0.015034013605442176,0.24,0.17428571428571424,-0.21,-0.11000000000000001,0.0779109589041096,57.333333333333336,66.85714285714286,-12.0,-20.0,-24.71088435374149,51.0,58.285714285714285,-12.0,-7.0,-26.82993197278911,80.33333333333333,83.71428571428571,12.0,0.0,1.9863945578231323,84.0,84.0,-5.0,-5.0,7.676870748299322,62.333333333333336,82.57142857142857,-27.0,-46.0,-36.62925170068027,60.333333333333336,69.0,2.0,0.0,-15.765306122448976,20.333333333333332,23.285714285714285,-6.0,-22.0,-45.914965986394556,52.333333333333336,66.57142857142857,-22.0,-34.0,-34.721088435374156,84.33333333333333,76.28571428571429,12.0,16.0,5.46503496503496,12600.0,6814.285714285715,6300.0,6300.0,8556.122448979593,300.0,1414.2857142857142,900.0,-1800.0,-2638.7755102040815,,,,,,,,,,,,,,,,,,,,,,,,,,,,,,,,,,,,,,,,,,,,,,,,,,,,,,,,1.1666666666666676,-2.542857142857143,-2.2,0.6,-17.321768707482995,-7.733333333333334,-10.514285714285714,-3.0999999999999996,-0.29999999999999893,-16.23673469387755,-3.2000000000000024,-6.771428571428571,-4.3,0.6000000000000005,-17.457482993197278,71.0,67.42857142857143,-6.0,4.0,1.3231292517006779,1021.8666666666668,1021.7571428571429,-3.7999999999999545,-2.0,2.0588435374151004,10.966666666666667,16.685714285714287,-0.7000000000000011,-13.9,-6.630272108843537,0.0,0.0,0.0,0.0,-2.8619047619047615,3.7999999999999545,3.0,False,4.3,3.5,3,2,1,False,False,False,False,False,True,True,True,False,1,-0.46727455311789146,1
2026-02-06,72,0.33,0.32,79,69,97,89,96,69,21,89,97.0,14400,900,,,,,,,,,,,,-1.7,-11.3,-5.9,77,1008.6,11.4,0.8,62.333333333333336,71.42857142857143,15.0,10.0,-7.0,0.2433333333333334,0.19428571428571434,0.32,0.23,0.30496598639455785,0.27666666666666667,0.21,0.17,0.11000000000000001,0.2479109589041096,64.33333333333333,67.57142857142857,28.0,21.0,3.2891156462585087,57.0,58.57142857142857,24.0,18.0,-2.8299319727891117,85.66666666666667,87.0,11.0,16.0,12.986394557823132,88.66666666666667,84.85714285714286,3.0,14.0,10.676870748299322,73.66666666666667,82.14285714285714,47.0,34.0,10.370748299319729,62.333333333333336,68.14285714285714,9.0,6.0,-6.765306122448976,19.666666666666668,23.428571428571427,5.0,-2.0,-40.914965986394556,63.666666666666664,67.57142857142857,49.0,34.0,14.278911564625844,89.66666666666667,80.14285714285714,5.0,16.0,10.46503496503496,11700.0,8742.857142857143,900.0,-2700.0,9456.122448979593,600.0,1285.7142857142858,0.0,900.0,-2638.7755102040815,,,,,,,,,,,,,,,,,,,,,,,,,,,,,,,,,,,,,,,,,,,,,,,,,,,,,,,,-0.2333333333333322,-1.6857142857142862,-1.1,-4.2,-18.421768707482993,-8.866666666666667,-10.042857142857144,-2.1000000000000014,-3.4000000000000004,-18.336734693877553,-4.400000000000002,-5.957142857142856,-0.10000000000000053,-3.6000000000000005,-17.55748299319728,72.33333333333333,69.28571428571429,10.0,4.0,11.323129251700678,1017.2000000000002,1019.2571428571429,-11.0,-14.0,-8.9411564625849,11.1,16.3,0.8000000000000007,0.40000000000000036,-5.830272108843536,0.26666666666666666,0.1142857142857143,0.8,0.8,-2.0619047619047617,11.0,14.799999999999955,True,0.10000000000000053,4.4,4,2,1,False,False,False,True,False,False,False,True,True,1,-0.45840521121736943,1
2026-02-07,45,0.37,0.38,70,92,69,97,85,64,15,70,93.0,4500,4500,,,,,,,,,,,,-1.5,-11.4,-7.5,64,1014.5,39.9,0.2,58.0,65.85714285714286,-27.0,-13.0,-34.0,0.23666666666666672,0.22857142857142862,0.03999999999999998,-0.020000000000000018,0.34496598639455783,0.2833333333333333,0.26285714285714284,0.06,0.020000000000000018,0.3079109589041096,66.66666666666667,66.85714285714286,-9.0,7.0,-5.710884353741491,68.66666666666667,63.142857142857146,23.0,35.0,20.17006802721089,84.0,84.0,-28.0,-5.0,-15.013605442176868,90.66666666666667,87.14285714285714,8.0,6.0,18.676870748299322,76.66666666666667,80.42857142857143,-11.0,9.0,-0.6292517006802711,64.33333333333333,65.0,-5.0,6.0,-11.765306122448976,17.333333333333332,22.428571428571427,-6.0,-7.0,-46.914965986394556,66.33333333333333,66.57142857142857,-19.0,8.0,-4.721088435374156,94.0,83.85714285714286,-4.0,13.0,6.46503496503496,10800.0,9257.142857142857,-9900.0,-2700.0,-443.87755102040774,2100.0,1542.857142857143,3600.0,4500.0,961.2244897959185,,,,,,,,,,,,,,,,,,,,,,,,,,,,,,,,,,,,,,,,,,,,,,,,,,,,,,,,-1.2666666666666655,-0.8857142857142859,0.19999999999999996,-3.1,-18.221768707482994,-10.633333333333333,-9.585714285714287,-0.09999999999999964,-5.300000000000001,-18.43673469387755,-6.400000000000002,-5.457142857142856,-1.5999999999999996,-6.0,-19.157482993197277,69.33333333333333,68.85714285714286,-13.0,-9.0,-1.6768707482993221,1014.2333333333335,1018.0428571428572,5.899999999999977,-8.899999999999977,-3.0411564625849223,20.633333333333336,19.24285714285714,28.5,28.599999999999998,22.669727891156462,0.3333333333333333,0.14285714285714285,-0.6000000000000001,0.2,-2.6619047619047613,-5.899999999999977,5.100000000000023,True,1.5999999999999996,1.7000000000000002,5,2,1,False,False,False,True,False,False,True,True,False,1,-0.4709003845152545,1
2026-02-08,75,0.3,0.25,68,92,72,64,95,76,12,67,96.0,2700,6300,,,,,,,,,,,,-5.4,-12.7,-9.5,61,1027.1,26.1,0.0,64.0,64.57142857142857,30.0,18.0,-4.0,0.3333333333333333,0.2342857142857143,-0.07,0.29,0.2749659863945578,0.31666666666666665,0.2757142857142857,-0.13,0.1,0.1779109589041096,72.33333333333333,65.71428571428571,-2.0,17.0,-7.710884353741491,84.33333333333333,65.42857142857143,0.0,47.0,20.17006802721089,79.33333333333333,80.71428571428571,3.0,-14.0,-12.013605442176868,83.33333333333333,84.71428571428571,-33.0,-22.0,-14.323129251700678,92.0,79.71428571428571,10.0,46.0,9.370748299319729,69.66666666666667,64.28571428571429,12.0,16.0,0.2346938775510239,16.0,21.0,-3.0,-4.0,-49.914965986394556,75.33333333333333,65.28571428571429,-3.0,27.0,-7.721088435374156,95.33333333333333,87.85714285714286,3.0,4.0,9.46503496503496,7200.0,9514.285714285714,-1800.0,-10800.0,-2243.8775510204077,3900.0,2185.714285714286,1800.0,5400.0,2761.2244897959185,,,,,,,,,,,,,,,,,,,,,,,,,,,,,,,,,,,,,,,,,,,,,,,,,,,,,,,,-2.866666666666666,-0.9000000000000002,-3.9000000000000004,-4.800000000000001,-22.121768707482993,-11.800000000000002,-9.642857142857142,-1.299999999999999,-3.5,-19.73673469387755,-7.6333333333333355,-5.557142857142857,-2.0,-3.7,-21.157482993197277,67.33333333333333,68.28571428571429,-3.0,-6.0,-4.676870748299322,1016.7333333333335,1019.6285714285714,12.599999999999909,7.499999999999886,9.558843537414987,25.8,19.25714285714286,-13.799999999999997,15.500000000000002,8.869727891156465,0.3333333333333333,0.14285714285714285,-0.2,0.0,-2.8619047619047615,-12.599999999999909,-18.499999999999886,True,2.0,3.5999999999999996,6,2,1,False,False,False,False,False,True,False,True,False,0,-0.44596207784069924,0
2026-02-09,74,0.0,0.27,73,80,90,62,87,84,23,74,93.0,4500,9900,,,,,,,,,,,,-0.7,-13.5,-7.2,54,1028.0,16.0,0.0,64.66666666666667,63.285714285714285,-1.0,2.0,-5.0,0.22333333333333336,0.21428571428571427,-0.3,-0.33,-0.025034013605442176,0.3,0.27714285714285714,0.020000000000000018,-0.04999999999999999,0.19791095890410962,70.33333333333333,66.0,5.0,-6.0,-2.7108843537414913,88.0,69.42857142857143,-12.0,11.0,8.170068027210888,77.0,81.28571428571429,18.0,-7.0,5.986394557823132,74.33333333333333,80.57142857142857,-2.0,-27.0,-16.323129251700678,89.0,78.57142857142857,-8.0,-9.0,1.3707482993197289,74.66666666666667,67.71428571428571,8.0,15.0,8.234693877551024,16.666666666666668,18.857142857142858,11.0,2.0,-38.914965986394556,70.33333333333333,65.28571428571429,7.0,-15.0,-0.7210884353741562,94.0,90.28571428571429,-3.0,-4.0,6.46503496503496,3900.0,9128.57142857143,1800.0,-9900.0,-443.87755102040774,6900.0,3214.285714285714,3600.0,9000.0,6361.224489795919,,,,,,,,,,,,,,,,,,,,,,,,,,,,,,,,,,,,,,,,,,,,,,,,,,,,,,,,-2.5333333333333328,-0.8285714285714288,4.7,1.0,-17.421768707482993,-12.533333333333333,-10.299999999999999,-0.8000000000000007,-2.1999999999999993,-20.53673469387755,-8.066666666666668,-5.671428571428572,2.3,-1.2999999999999998,-18.85748299319728,59.666666666666664,67.0,-7.0,-23.0,-11.676870748299322,1023.2000000000002,1020.5428571428572,0.900000000000091,19.399999999999977,10.458843537415078,27.333333333333332,18.042857142857144,-10.100000000000001,4.6,-1.2302721088435362,0.06666666666666667,0.14285714285714285,0.0,-0.8,-2.8619047619047615,-0.900000000000091,-13.5,False,2.3,0.2999999999999998,0,2,1,False,False,False,False,False,False,False,True,False,0,-0.4208337040586989,0
2026-02-10,68,0.0,0.28,74,63,93,89,89,78,24,75,93.0,2700,0,,,,,,,,,,,,4.5,-4.8,0.1,60,1017.9,15.1,0.0,72.33333333333333,64.14285714285714,-6.0,23.0,-11.0,0.10000000000000003,0.20000000000000004,0.0,-0.37,-0.025034013605442176,0.26666666666666666,0.2871428571428571,0.010000000000000009,-0.09999999999999998,0.20791095890410963,71.66666666666667,68.28571428571429,1.0,4.0,-1.7108843537414913,78.33333333333333,71.14285714285714,-17.0,-29.0,-8.829931972789112,85.0,83.0,3.0,24.0,8.986394557823132,71.66666666666667,82.57142857142857,27.0,-8.0,10.676870748299322,90.33333333333333,82.42857142857143,2.0,4.0,3.370748299319729,79.33333333333333,69.85714285714286,-6.0,14.0,2.234693877551024,19.666666666666668,19.0,1.0,9.0,-37.914965986394556,72.0,68.14285714285714,1.0,5.0,0.27891156462584377,94.0,92.0,0.0,0.0,6.46503496503496,3300.0,7071.428571428572,-1800.0,-1800.0,-2243.8775510204077,5400.0,3214.285714285714,-9900.0,-4500.0,-3538.7755102040815,,,,,,,,,,,,,,,,,,,,,,,,,,,,,,,,,,,,,,,,,,,,,,,,,,,,,,,,-0.5333333333333327,-0.5428571428571429,5.2,6.0,-12.221768707482994,-10.333333333333334,-9.857142857142858,8.7,6.6000000000000005,-11.836734693877549,-5.533333333333336,-5.328571428571428,7.3,7.6,-11.55748299319728,58.333333333333336,65.14285714285714,6.0,-4.0,-5.676870748299322,1024.3333333333335,1019.8714285714285,-10.100000000000023,3.3999999999999773,0.3588435374150549,19.06666666666667,18.62857142857143,-0.9000000000000004,-24.799999999999997,-2.1302721088435366,0.0,0.14285714285714285,0.0,-0.2,-2.8619047619047615,10.100000000000023,9.199999999999932,True,7.3,9.6,1,2,1,False,False,False,False,False,False,True,True,True,1,-0.4089264845452202,0
2026-02-11,65,0.09,0.23,53,66,62,12,72,75,19,54,95.0,2700,5400,,,,,,,,,,,,7.6,0.5,4.3,71,1011.7,21.1,0.0,69.0,65.14285714285714,-3.0,-10.0,-14.0,0.030000000000000037,0.15714285714285717,0.09,-0.21,0.06496598639455782,0.26,0.26857142857142857,-0.05000000000000002,-0.01999999999999999,0.1579109589041096,66.66666666666667,66.85714285714286,-21.0,-15.0,-22.71088435374149,69.66666666666667,72.42857142857143,3.0,-26.0,-5.829931972789112,81.66666666666667,81.28571428571429,-31.0,-10.0,-22.013605442176868,54.333333333333336,71.28571428571429,-77.0,-52.0,-66.32312925170068,82.66666666666667,81.85714285714286,-17.0,-23.0,-13.629251700680271,79.0,72.28571428571429,-3.0,-1.0,-0.7653061224489761,22.0,18.571428571428573,-5.0,7.0,-42.914965986394556,67.66666666666667,67.0,-21.0,-13.0,-20.721088435374156,93.66666666666667,94.14285714285714,2.0,-1.0,8.46503496503496,3300.0,6428.571428571428,0.0,0.0,-2243.8775510204077,5100.0,3985.714285714286,5400.0,-900.0,1861.2244897959185,,,,,,,,,,,,,,,,,,,,,,,,,,,,,,,,,,,,,,,,,,,,,,,,,,,,,,,,3.8000000000000007,0.31428571428571395,3.0999999999999996,13.0,-9.121768707482994,-5.933333333333334,-8.914285714285715,5.3,13.2,-6.53673469387755,-0.9333333333333359,-4.499999999999999,4.2,13.8,-7.357482993197279,61.666666666666664,64.85714285714286,11.0,10.0,5.323129251700678,1019.2000000000002,1018.2,-6.199999999999932,-15.399999999999864,-5.841156462584877,17.400000000000002,20.028571428571432,6.000000000000002,-5.0,3.869727891156465,0.0,0.14285714285714285,0.0,0.0,-2.8619047619047615,6.199999999999932,16.299999999999955,True,4.2,11.5,2,2,1,False,False,False,False,False,True,True,True,True,1,-0.43828263223700875,0
2026-02-12,72,-0.19,0.0,60,47,79,27,95,69,22,65,93.0,4500,2700,,,,,,,,,,,,1.6,-2.7,-0.4,65,1020.1,24.8,0.0,68.33333333333333,67.28571428571429,7.0,-2.0,-7.0,-0.0333333333333333,0.12857142857142861,-0.28,-0.19,-0.21503401360544216,0.17,0.24714285714285716,-0.23,-0.27,-0.0720890410958904,62.333333333333336,68.14285714285714,7.0,-13.0,-15.710884353741491,58.666666666666664,72.71428571428571,-19.0,-33.0,-24.82993197278911,78.0,80.28571428571429,17.0,-11.0,-5.013605442176868,42.666666666666664,62.857142857142854,15.0,-35.0,-51.32312925170068,85.33333333333333,88.42857142857143,23.0,8.0,9.370748299319729,74.0,73.57142857142857,-6.0,-15.0,-6.765306122448976,21.666666666666668,19.428571428571427,3.0,-1.0,-39.914965986394556,64.66666666666667,70.57142857142857,11.0,-9.0,-9.721088435374156,93.66666666666667,94.28571428571429,-2.0,0.0,6.46503496503496,3300.0,5142.857142857143,1800.0,0.0,-443.87755102040774,2700.0,4242.857142857143,-2700.0,-7200.0,-838.7755102040815,,,,,,,,,,,,,,,,,,,,,,,,,,,,,,,,,,,,,,,,,,,,,,,,,,,,,,,,4.566666666666667,0.6285714285714283,-6.0,2.3,-15.121768707482994,-2.333333333333334,-7.985714285714287,-3.2,10.8,-9.736734693877551,1.3333333333333308,-3.7285714285714278,-4.7,6.8,-12.05748299319728,65.33333333333333,64.57142857142857,-6.0,11.0,-0.6768707482993221,1016.566666666667,1018.2714285714285,8.399999999999977,-7.899999999999977,2.5588435374151004,20.33333333333334,22.057142857142857,3.6999999999999993,8.8,7.5697278911564645,0.0,0.14285714285714285,0.0,0.0,-2.8619047619047615,-8.399999999999977,-2.2000000000000455,True,4.7,0.5,3,2,1,False,False,False,False,False,True,False,True,False,0,-0.42510678758106346,0
2026-02-13,74,-0.06,0.05,74,69,83,83,97,77,17,78,98.0,9900,0,,,,,,,,,,,,1.3,-5.2,-2.3,63,1023.8,15.7,0.0,70.33333333333333,67.57142857142857,2.0,6.0,-5.0,-0.053333333333333295,0.07285714285714288,0.13,-0.06,-0.08503401360544217,0.09333333333333334,0.20857142857142857,0.05,-0.23000000000000004,-0.022089041095890397,62.333333333333336,67.42857142857143,14.0,0.0,-1.7108843537414913,60.666666666666664,72.71428571428571,22.0,6.0,-2.8299319727891117,74.66666666666667,78.28571428571429,4.0,-10.0,-1.0136054421768677,40.666666666666664,62.0,56.0,-6.0,4.676870748299322,88.0,88.57142857142857,2.0,8.0,11.370748299319729,73.66666666666667,74.71428571428571,8.0,-1.0,1.2346938775510239,19.333333333333332,18.857142857142858,-5.0,-7.0,-44.914965986394556,65.66666666666667,69.0,13.0,3.0,3.2789115646258438,95.33333333333333,94.42857142857143,5.0,5.0,11.46503496503496,5700.0,4500.0,5400.0,7200.0,4956.122448979592,2700.0,4114.285714285715,-2700.0,0.0,-3538.7755102040815,,,,,,,,,,,,,,,,,,,,,,,,,,,,,,,,,,,,,,,,,,,,,,,,,,,,,,,,3.5000000000000013,1.0571428571428567,-0.30000000000000004,-3.2,-15.421768707482993,-2.4666666666666672,-7.114285714285715,-2.5,-0.40000000000000036,-12.236734693877551,0.5333333333333309,-3.214285714285714,-1.9,-2.4,-13.957482993197278,66.33333333333333,62.57142857142857,-2.0,3.0,-2.676870748299322,1018.5333333333334,1020.4428571428571,3.699999999999932,5.899999999999977,6.258843537415032,20.533333333333335,22.671428571428574,-9.100000000000001,0.5999999999999996,-1.530272108843537,0.0,0.028571428571428574,0.0,0.0,-2.8619047619047615,-3.699999999999932,-12.099999999999909,False,1.9,6.6,4,2,1,False,False,False,False,False,False,False,True,False,0,-0.4007791068526279,0
2026-02-14,58,-0.29,-0.05,63,73,86,91,60,88,19,49,98.0,2700,0,,,,,,,,,,,,12.5,-5.3,2.0,61,1021.1,11.0,0.0,68.0,69.42857142857143,-16.0,-7.0,-21.0,-0.17999999999999994,-0.02142857142857139,-0.22999999999999998,-0.38,-0.31503401360544214,0.0,0.1471428571428572,-0.1,-0.28,-0.1220890410958904,65.66666666666667,66.42857142857143,-11.0,10.0,-12.710884353741491,63.0,70.0,4.0,7.0,1.1700680272108883,82.66666666666667,80.71428571428571,3.0,24.0,1.9863945578231323,67.0,61.142857142857146,8.0,79.0,12.676870748299322,84.0,85.0,-37.0,-12.0,-25.62925170068027,78.0,78.14285714285714,11.0,13.0,12.234693877551024,19.333333333333332,19.428571428571427,2.0,0.0,-42.914965986394556,64.0,66.0,-29.0,-5.0,-25.721088435374156,96.33333333333333,95.14285714285714,0.0,3.0,11.46503496503496,5700.0,4242.857142857143,-7200.0,0.0,-2243.8775510204077,900.0,3471.4285714285716,0.0,-5400.0,-3538.7755102040815,,,,,,,,,,,,,,,,,,,,,,,,,,,,,,,,,,,,,,,,,,,,,,,,,,,,,,,,5.133333333333334,3.057142857142857,11.2,4.9,-4.221768707482994,-4.400000000000001,-6.242857142857143,-0.09999999999999964,-5.8,-12.336734693877549,-0.23333333333333575,-1.8571428571428565,4.3,-2.3,-9.657482993197279,63.0,62.142857142857146,-2.0,-10.0,-4.676870748299322,1021.6666666666669,1021.3857142857142,-2.699999999999932,9.399999999999977,3.5588435374151004,17.166666666666668,18.542857142857144,-4.699999999999999,-10.100000000000001,-6.230272108843536,0.0,0.0,0.0,0.0,-2.8619047619047615,2.699999999999932,-1.0,False,4.3,2.4,5,2,1,False,False,False,False,False,True,True,True,False,1,-0.4207685698065026,0
2026-02-15,84,-0.23,-0.12,77,62,69,83,98,61,54,88,97.0,900,3600,,,,,,,,,,,,5.3,0.4,2.5,83,1016.8,13.0,11.6,72.0,70.71428571428571,26.0,12.0,5.0,-0.19333333333333327,-0.0971428571428571,0.05999999999999997,-0.04000000000000001,-0.2550340136054422,-0.04,0.09428571428571429,-0.06999999999999999,-0.12,-0.1920890410958904,71.33333333333333,67.71428571428571,14.0,17.0,1.2891156462585087,68.0,65.71428571428571,-11.0,15.0,-9.829931972789112,79.33333333333333,80.28571428571429,-17.0,-10.0,-15.013605442176868,85.66666666666667,63.857142857142854,-8.0,56.0,4.676870748299322,85.0,85.42857142857143,38.0,3.0,12.370748299319729,75.33333333333333,76.0,-27.0,-8.0,-14.765306122448976,30.0,25.428571428571427,35.0,32.0,-7.914965986394556,71.66666666666667,69.0,39.0,23.0,13.278911564625844,97.66666666666667,95.28571428571429,-1.0,4.0,10.46503496503496,4500.0,3985.714285714286,-1800.0,-3600.0,-4043.8775510204077,1200.0,3085.714285714286,3600.0,900.0,61.224489795918544,,,,,,,,,,,,,,,,,,,,,,,,,,,,,,,,,,,,,,,,,,,,,,,,,,,,,,,,6.366666666666667,4.5857142857142845,-7.2,3.6999999999999997,-11.421768707482993,-3.3666666666666676,-4.371428571428572,5.7,3.1,-6.63673469387755,0.7333333333333308,-0.1428571428571424,0.5,2.9,-9.157482993197279,69.0,65.28571428571429,22.0,18.0,17.323129251700678,1020.5666666666667,1019.9142857142857,-4.300000000000068,-3.300000000000068,-0.7411564625849678,13.233333333333334,16.671428571428574,2.0,-11.8,-4.230272108843536,3.8666666666666667,1.657142857142857,11.6,11.6,8.738095238095237,4.300000000000068,7.0,False,0.5,4.8,6,2,1,False,False,False,False,False,False,False,True,False,0,-0.4194719580195941,0
2026-02-16,71,-0.13,-0.07,71,72,96,99,48,87,100,48,96.0,0,7200,,,,,,,,,,,,7.8,0.5,3.5,88,1019.1,16.4,2.1,71.0,70.28571428571429,-13.0,-3.0,-8.0,-0.2166666666666666,-0.11571428571428567,0.1,-0.07,-0.15503401360544217,-0.08,0.04571428571428572,0.04999999999999999,-0.12000000000000001,-0.1420890410958904,70.33333333333333,67.42857142857143,-6.0,-3.0,-4.710884353741491,69.0,64.57142857142857,10.0,3.0,0.17006802721088832,83.66666666666667,81.14285714285714,27.0,13.0,11.986394557823132,91.0,69.14285714285714,16.0,16.0,20.676870748299322,68.66666666666667,79.85714285714286,-50.0,-49.0,-37.62925170068027,78.66666666666667,76.42857142857143,26.0,10.0,11.234693877551024,57.666666666666664,36.42857142857143,46.0,83.0,38.085034013605444,61.666666666666664,65.28571428571429,-40.0,-30.0,-26.721088435374156,97.0,95.71428571428571,-1.0,-2.0,9.46503496503496,1200.0,3342.8571428571427,-900.0,-9900.0,-4943.877551020408,3600.0,2700.0,3600.0,7200.0,3661.2244897959185,,,,,,,,,,,,,,,,,,,,,,,,,,,,,,,,,,,,,,,,,,,,,,,,,,,,,,,,8.533333333333333,5.8,2.5,6.5,-8.921768707482993,-1.466666666666667,-2.3714285714285723,0.09999999999999998,5.7,-6.53673469387755,2.6666666666666643,1.3857142857142861,1.0,5.8,-8.157482993197279,77.33333333333333,70.14285714285714,5.0,25.0,22.323129251700678,1019.0000000000001,1018.6428571428571,2.300000000000068,-4.699999999999932,1.5588435374151004,13.466666666666669,16.72857142857143,3.3999999999999986,0.6999999999999993,-0.8302721088435376,4.566666666666666,1.957142857142857,-9.5,2.1,-0.7619047619047614,-2.300000000000068,2.0,False,1.0,1.5,0,2,1,False,False,False,False,False,False,False,False,False,0,-0.4302994329329946,0
2026-02-17,77,-0.11,-0.15,79,64,90,59,100,72,45,93,99.0,1800,1800,,,,,,,,,,,,10.4,-0.8,3.9,88,1021.3,9.5,0.0,77.33333333333333,71.57142857142857,6.0,19.0,-2.0,-0.15666666666666665,-0.1314285714285714,0.020000000000000004,0.18,-0.13503401360544218,-0.11333333333333333,-0.015714285714285712,-0.07999999999999999,-0.09999999999999999,-0.2220890410958904,75.66666666666667,68.14285714285714,8.0,16.0,3.2891156462585087,66.0,64.71428571428571,-8.0,-9.0,-7.829931972789112,85.0,80.71428571428571,-6.0,4.0,5.986394557823132,80.33333333333333,64.85714285714286,-40.0,-32.0,-19.323129251700678,82.0,81.42857142857143,52.0,40.0,14.370748299319729,73.33333333333333,75.57142857142857,-15.0,-16.0,-3.765306122448976,66.33333333333333,39.42857142857143,-55.0,26.0,-16.914965986394556,76.33333333333333,67.85714285714286,45.0,44.0,18.278911564625844,97.33333333333333,96.57142857142857,3.0,1.0,12.46503496503496,900.0,3214.285714285714,1800.0,-900.0,-3143.8775510204077,4200.0,2957.1428571428573,-5400.0,1800.0,-1738.7755102040815,,,,,,,,,,,,,,,,,,,,,,,,,,,,,,,,,,,,,,,,,,,,,,,,,,,,,,,,7.833333333333333,6.642857142857143,2.6000000000000005,-2.0999999999999996,-6.321768707482994,0.033333333333332736,-1.8000000000000005,-1.3,4.5,-7.83673469387755,3.2999999999999976,1.928571428571429,0.3999999999999999,1.9,-7.757482993197279,86.33333333333333,74.14285714285714,0.0,27.0,22.323129251700678,1019.066666666667,1019.1285714285715,2.199999999999932,0.1999999999999318,3.758843537415032,12.966666666666669,15.928571428571429,-6.899999999999999,-1.5,-7.730272108843536,4.566666666666666,1.957142857142857,-2.1,0.0,-2.8619047619047615,-2.199999999999932,-4.5,False,0.3999999999999999,1.4,1,2,1,False,False,False,False,False,False,False,True,False,0,-0.39995279731938566,0
2026-02-18,75,-0.09,-0.1,67,83,74,86,50,65,31,70,97.0,7200,900,,,,,,,,,,,,13.2,2.9,7.9,84,1011.4,15.0,0.1,74.33333333333333,73.0,-2.0,-9.0,-4.0,-0.10999999999999997,-0.1571428571428571,0.020000000000000004,0.14,-0.11503401360544217,-0.10666666666666667,-0.06285714285714285,0.04999999999999999,0.01999999999999999,-0.1720890410958904,72.33333333333333,70.14285714285714,-12.0,-10.0,-8.710884353741491,73.0,67.14285714285714,19.0,21.0,11.170068027210888,86.66666666666667,82.42857142857143,-16.0,5.0,-10.013605442176868,81.33333333333333,75.42857142857143,27.0,3.0,7.676870748299322,66.0,78.28571428571429,-50.0,-48.0,-35.62925170068027,74.66666666666667,74.14285714285714,-7.0,4.0,-10.765306122448976,58.666666666666664,41.142857142857146,-14.0,-23.0,-30.914965986394556,70.33333333333333,70.14285714285714,-23.0,-18.0,-4.721088435374156,97.33333333333333,96.85714285714286,-2.0,0.0,10.46503496503496,3000.0,3857.1428571428573,5400.0,6300.0,2256.1224489795923,3300.0,2314.285714285714,-900.0,-2700.0,-2638.7755102040815,,,,,,,,,,,,,,,,,,,,,,,,,,,,,,,,,,,,,,,,,,,,,,,,,,,,,,,,10.466666666666667,7.442857142857142,2.799999999999999,7.8999999999999995,-3.5217687074829946,0.8666666666666659,-1.4571428571428577,3.7,2.5,-4.13673469387755,5.099999999999998,2.4428571428571435,4.0,5.4,-3.7574829931972786,86.66666666666667,76.0,-4.0,1.0,18.323129251700678,1017.2666666666668,1019.0857142857142,-9.899999999999977,-5.399999999999977,-6.141156462584945,13.633333333333335,15.057142857142859,5.5,2.0,-2.230272108843536,0.7333333333333334,1.9714285714285713,0.1,-11.5,-2.7619047619047614,9.899999999999977,7.7000000000000455,True,4.0,4.4,2,2,1,False,False,False,False,False,True,False,True,True,1,-0.40501658077441044,0
2026-02-19,67,-0.05,-0.04,60,69,41,24,82,69,42,67,96.0,0,900,,,,,,,,,,,,9.2,2.7,4.5,95,1013.5,18.3,10.1,73.0,72.28571428571429,-8.0,-4.0,-12.0,-0.0833333333333333,-0.1371428571428571,0.039999999999999994,0.08,-0.07503401360544218,-0.09666666666666666,-0.06857142857142857,0.060000000000000005,0.030000000000000006,-0.11208904109589041,68.66666666666667,70.14285714285714,-7.0,-11.0,-15.710884353741491,72.0,70.28571428571429,-14.0,-3.0,-2.8299319727891117,68.33333333333333,77.0,-33.0,-55.0,-43.01360544217687,56.333333333333336,75.0,-62.0,-75.0,-54.32312925170068,77.33333333333333,76.42857142857143,32.0,34.0,-3.629251700680271,68.66666666666667,74.14285714285714,4.0,-18.0,-6.765306122448976,39.333333333333336,44.0,11.0,-58.0,-19.914965986394556,76.66666666666667,70.42857142857143,-3.0,19.0,-7.721088435374156,97.33333333333333,97.28571428571429,-1.0,0.0,9.46503496503496,3000.0,3214.285714285714,-7200.0,0.0,-4943.877551020408,1200.0,2057.1428571428573,0.0,-6300.0,-2638.7755102040815,,,,,,,,,,,,,,,,,,,,,,,,,,,,,,,,,,,,,,,,,,,,,,,,,,,,,,,,10.933333333333335,8.528571428571428,-4.0,1.3999999999999995,-7.521768707482995,1.5999999999999996,-0.6857142857142862,-0.19999999999999973,2.2,-4.33673469387755,5.433333333333331,3.1428571428571432,-3.4000000000000004,1.0,-7.157482993197279,89.0,80.28571428571429,11.0,7.0,29.323129251700678,1015.4000000000001,1018.1428571428571,2.1000000000000227,-5.600000000000023,-4.041156462584922,14.266666666666671,14.128571428571428,3.3000000000000007,1.9000000000000021,1.0697278911564645,3.4,3.414285714285714,10.0,8.0,7.238095238095238,-2.1000000000000227,7.7999999999999545,False,3.4000000000000004,0.6000000000000001,3,2,1,False,False,False,False,False,True,True,False,False,0,-0.4479351815306153,0
2026-02-20,81,0.09,0.01,85,95,67,91,98,81,49,94,98.0,9900,2700,,,,,,,,,,,,14.9,3.2,7.6,87,1006.5,21.2,13.9,74.33333333333333,73.28571428571429,14.0,4.0,2.0,-0.016666666666666635,-0.11571428571428567,0.14,0.2,0.06496598639455782,-0.043333333333333335,-0.07428571428571429,0.05,0.16,-0.0620890410958904,70.66666666666667,71.71428571428571,25.0,6.0,9.289115646258509,82.33333333333333,74.0,26.0,31.0,23.17006802721089,60.666666666666664,74.71428571428571,26.0,-23.0,-17.013605442176868,67.0,76.14285714285714,67.0,32.0,12.676870748299322,76.66666666666667,76.57142857142857,16.0,-2.0,12.370748299319729,71.66666666666667,74.71428571428571,12.0,9.0,5.234693877551024,40.666666666666664,48.57142857142857,7.0,4.0,-12.914965986394556,77.0,72.71428571428571,27.0,1.0,19.278911564625844,97.0,97.28571428571429,2.0,-1.0,11.46503496503496,5700.0,3214.285714285714,9900.0,8100.0,4956.122448979592,1500.0,2442.8571428571427,1800.0,900.0,-838.7755102040815,,,,,,,,,,,,,,,,,,,,,,,,,,,,,,,,,,,,,,,,,,,,,,,,,,,,,,,,12.433333333333332,10.471428571428572,5.700000000000001,4.5,-1.8217687074829936,2.933333333333333,0.5142857142857139,0.5,4.0,-3.83673469387755,6.666666666666664,4.557142857142858,3.0999999999999996,3.6999999999999997,-4.057482993197279,88.66666666666667,83.71428571428571,-8.0,-1.0,21.323129251700678,1010.4666666666668,1015.6714285714286,-7.0,-14.799999999999955,-11.041156462584922,18.166666666666668,14.914285714285713,2.8999999999999986,11.7,3.969727891156463,8.033333333333333,5.3999999999999995,3.8000000000000007,13.9,11.038095238095238,7.0,4.899999999999977,True,3.0999999999999996,0.3000000000000007,4,2,1,False,False,False,False,False,False,False,True,True,0,-0.43881422620520605,0
2026-02-21,77,-0.05,-0.02,65,41,67,37,99,72,24,77,,3600,6300,,,,,,,,,,,,10.8,2.3,6.8,60,1014.6,15.5,0.0,75.0,76.0,-4.0,2.0,-2.0,-0.0033333333333332993,-0.0814285714285714,-0.14,0.039999999999999994,-0.07503401360544218,-0.016666666666666666,-0.06999999999999999,-0.03,0.08,-0.0920890410958904,70.0,72.0,-20.0,-2.0,-10.710884353741491,68.33333333333333,69.42857142857143,-54.0,-42.0,-30.82993197278911,58.333333333333336,72.0,0.0,-7.0,-17.013605442176868,50.666666666666664,68.42857142857143,-54.0,-49.0,-41.32312925170068,93.0,82.14285714285714,1.0,49.0,13.370748299319729,74.0,72.42857142857143,-9.0,7.0,-3.765306122448976,38.333333333333336,49.285714285714285,-25.0,-7.0,-37.914965986394556,79.33333333333333,76.71428571428571,-17.0,7.0,2.2789115646258438,97.0,97.16666666666667,,,,4500.0,3342.8571428571427,-6300.0,-3600.0,-1343.8775510204077,3300.0,3342.8571428571427,3600.0,5400.0,2761.2244897959185,,,,,,,,,,,,,,,,,,,,,,,,,,,,,,,,,,,,,,,,,,,,,,,,,,,,,,,,11.633333333333335,10.228571428571428,-4.1,-2.3999999999999986,-5.921768707482993,2.733333333333333,1.5999999999999994,-0.9000000000000004,-0.6000000000000001,-4.73673469387755,6.299999999999997,5.242857142857143,-0.7999999999999998,-1.1000000000000005,-4.857482993197279,80.66666666666667,83.57142857142857,-27.0,-24.0,-5.676870748299322,1011.5333333333334,1014.7428571428571,8.100000000000023,3.2000000000000455,-2.9411564625848996,18.333333333333336,15.557142857142859,-5.699999999999999,0.5,-1.7302721088435362,8.0,5.3999999999999995,-13.9,-0.1,-2.8619047619047615,-8.100000000000023,-1.1000000000000227,True,0.7999999999999998,2.3,5,2,1,False,False,False,False,False,False,False,True,False,0,-0.42238221510745516,0
2026-02-22,80,-0.05,0.01,69,87,83,81,82,66,34,64,,9900,4500,,,,,,,,,,,,4.1,0.7,2.2,92,1013.7,19.7,20.0,79.33333333333333,75.42857142857143,3.0,13.0,1.0,-0.0033333333333332993,-0.05571428571428568,0.0,0.0,-0.07503401360544218,-5.782411586589357e-19,-0.05142857142857143,0.03,0.05,-0.0620890410958904,73.0,70.85714285714286,4.0,9.0,-6.710884353741491,74.33333333333333,73.0,46.0,18.0,15.170068027210888,72.33333333333333,74.0,16.0,42.0,-1.0136054421768677,69.66666666666667,68.14285714285714,44.0,57.0,2.676870748299322,93.0,79.85714285714286,-17.0,0.0,-3.629251700680271,73.0,73.14285714285714,-6.0,-3.0,-9.765306122448976,35.666666666666664,46.42857142857143,10.0,-8.0,-27.914965986394556,78.33333333333333,73.28571428571429,-13.0,-3.0,-10.721088435374156,98.0,97.2,,,,7800.0,4628.571428571428,6300.0,9900.0,4956.122448979592,4500.0,3471.4285714285716,-1800.0,3600.0,961.2244897959185,,,,,,,,,,,,,,,,,,,,,,,,,,,,,,,,,,,,,,,,,,,,,,,,,,,,,,,,9.933333333333335,10.057142857142859,-6.700000000000001,-5.1,-12.621768707482994,2.066666666666666,1.6428571428571423,-1.5999999999999999,-2.0,-6.33673469387755,5.533333333333331,5.200000000000001,-4.6,-2.3,-9.457482993197278,79.66666666666667,84.85714285714286,32.0,-3.0,26.323129251700678,1011.6,1014.3000000000001,-0.8999999999999773,0.20000000000004547,-3.841156462584877,18.8,16.514285714285716,4.199999999999999,1.3999999999999986,2.469727891156463,11.300000000000002,6.6,20.0,9.9,17.13809523809524,0.8999999999999773,-7.2000000000000455,False,4.6,5.3999999999999995,6,2,1,False,False,False,False,False,False,False,True,False,0,-0.4116567388395488,0
2026-02-23,82,0.04,0.07,73,72,72,97,77,61,48,78,,4500,4500,,,,,,,,,,,,3.3,-0.8,0.9,77,1009.9,35.8,4.6,79.66666666666667,77.0,2.0,1.0,3.0,-0.019999999999999966,-0.0314285714285714,0.09,-0.049999999999999996,0.014965986394557824,0.02,-0.03142857142857143,0.060000000000000005,0.060000000000000005,-0.0020890410958903927,69.0,71.14285714285714,4.0,-12.0,-2.7108843537414913,66.66666666666667,73.0,-15.0,-23.0,0.17006802721088832,74.0,70.57142857142857,-11.0,5.0,-12.013605442176868,71.66666666666667,67.85714285714286,16.0,6.0,18.676870748299322,86.0,84.0,-5.0,-21.0,-8.629251700680271,66.33333333333333,69.42857142857143,-5.0,-20.0,-14.765306122448976,35.333333333333336,39.0,14.0,-1.0,-13.914965986394556,73.0,77.57142857142857,14.0,-16.0,3.2789115646258438,,97.5,,,,6000.0,5271.428571428572,-5400.0,-5400.0,-443.87755102040774,5100.0,3085.714285714286,0.0,1800.0,961.2244897959185,,,,,,,,,,,,,,,,,,,,,,,,,,,,,,,,,,,,,,,,,,,,,,,,,,,,,,,,6.066666666666667,9.414285714285713,-0.7999999999999998,-11.600000000000001,-13.421768707482993,0.7333333333333328,1.4571428571428566,-1.5,-4.0,-7.83673469387755,3.2999999999999976,4.828571428571429,-1.3000000000000003,-6.699999999999999,-10.757482993197279,76.33333333333333,83.28571428571429,-15.0,-10.0,11.323129251700678,1012.7333333333335,1012.9857142857143,-3.800000000000068,3.3999999999999773,-7.641156462584945,23.666666666666668,19.285714285714285,16.099999999999998,14.599999999999998,18.56972789115646,8.200000000000001,6.957142857142856,-15.4,-9.3,1.7380952380952381,3.800000000000068,4.7000000000000455,False,1.3000000000000003,5.8999999999999995,0,2,1,False,False,False,False,False,False,False,True,False,0,-0.4015291993318701,0
2026-02-24,81,-0.4,-0.15,69,79,72,86,63,56,52,72,,5400,0,,,,,,,,,,,,3.4,-4.9,-1.2,58,1016.4,24.5,0.0,81.0,77.57142857142857,-1.0,4.0,2.0,-0.13666666666666663,-0.07285714285714283,-0.44,-0.35000000000000003,-0.4250340136054422,-0.02333333333333333,-0.03142857142857143,-0.22,-0.13,-0.2220890410958904,70.33333333333333,69.71428571428571,-4.0,4.0,-6.710884353741491,79.33333333333333,75.14285714285714,7.0,38.0,7.170068027210888,75.66666666666667,68.0,0.0,5.0,-12.013605442176868,88.0,71.71428571428571,-11.0,49.0,7.676870748299322,74.0,78.71428571428571,-14.0,-36.0,-22.62925170068027,61.0,67.14285714285714,-5.0,-16.0,-19.765306122448976,44.666666666666664,40.0,4.0,28.0,-9.914965986394556,71.33333333333333,74.57142857142857,-6.0,-5.0,-2.7210884353741562,,97.0,,,,6600.0,5785.714285714285,900.0,1800.0,456.12244897959226,3000.0,2828.5714285714284,-4500.0,-6300.0,-3538.7755102040815,,,,,,,,,,,,,,,,,,,,,,,,,,,,,,,,,,,,,,,,,,,,,,,,,,,,,,,,3.6,8.414285714285715,0.10000000000000009,-7.4,-13.321768707482994,-1.6666666666666672,0.8714285714285709,-4.1000000000000005,-7.2,-11.93673469387755,0.6333333333333311,4.1000000000000005,-2.1,-8.0,-12.857482993197278,75.66666666666667,79.0,-19.0,-2.0,-7.676870748299322,1013.3333333333335,1012.2857142857143,6.5,1.7999999999999545,-1.141156462584945,26.666666666666668,21.428571428571427,-11.299999999999997,9.0,7.269727891156464,8.200000000000001,6.957142857142856,-4.6,0.0,-2.8619047619047615,-6.5,-2.699999999999932,True,2.1,3.4000000000000004,1,2,1,False,False,False,False,False,False,False,True,False,0,-0.4174244934804834,0
2026-02-25,80,-0.24,-0.06,73,74,76,86,78,58,47,82,98.0,9900,1800,,,,,,,,,,,,12.6,-1.4,5.3,58,1006.8,21.0,0.7,81.0,78.28571428571429,-1.0,0.0,1.0,-0.19999999999999996,-0.09428571428571426,0.16000000000000003,-0.19,-0.26503401360544215,-0.04666666666666666,-0.025714285714285714,0.09,-0.06999999999999999,-0.1320890410958904,71.66666666666667,70.57142857142857,4.0,4.0,-2.7108843537414913,75.0,73.85714285714286,-5.0,-13.0,2.1700680272108883,73.33333333333333,68.28571428571429,4.0,-7.0,-8.013605442176868,89.66666666666667,71.71428571428571,0.0,5.0,7.676870748299322,72.66666666666667,82.71428571428571,15.0,-4.0,-7.629251700680271,58.333333333333336,66.14285714285714,2.0,-8.0,-17.765306122448976,49.0,42.285714285714285,-5.0,13.0,-14.914965986394556,77.33333333333333,76.28571428571429,10.0,18.0,7.278911564625844,98.0,97.33333333333333,,,11.46503496503496,6600.0,6171.428571428572,4500.0,0.0,4956.122448979592,2100.0,2957.1428571428573,1800.0,-2700.0,-1738.7755102040815,,,,,,,,,,,,,,,,,,,,,,,,,,,,,,,,,,,,,,,,,,,,,,,,,,,,,,,,6.433333333333334,8.32857142857143,9.2,8.5,-4.121768707482994,-2.366666666666667,0.25714285714285656,3.5000000000000004,-2.0999999999999996,-8.43673469387755,1.6666666666666643,3.7285714285714286,6.5,3.0999999999999996,-6.357482993197279,64.33333333333333,75.28571428571429,0.0,-34.0,-7.676870748299322,1011.0333333333334,1011.6285714285714,-9.600000000000023,-6.900000000000091,-10.741156462584968,27.100000000000005,22.285714285714285,-3.5,1.3000000000000007,3.769727891156464,1.7666666666666677,7.042857142857143,0.7,-19.3,-2.1619047619047613,9.600000000000023,3.1000000000000227,True,6.5,4.3999999999999995,2,2,1,False,False,False,False,False,False,False,True,True,0,-0.40930278780123713,0
2026-02-26,74,-0.37,-0.17,72,95,81,97,65,65,33,71,97.0,2700,2700,,,,,,,,,,,,10.5,2.7,5.7,75,1011.5,10.9,2.3,78.33333333333333,79.28571428571429,-6.0,-8.0,-5.0,-0.33666666666666667,-0.13999999999999996,-0.13,-0.41,-0.39503401360544216,-0.12666666666666668,-0.04428571428571428,-0.11000000000000001,-0.24000000000000002,-0.2420890410958904,71.33333333333333,72.28571428571429,-1.0,-1.0,-3.7108843537414913,82.66666666666667,77.57142857142857,21.0,23.0,23.17006802721089,76.33333333333333,74.0,5.0,9.0,-3.0136054421768677,89.66666666666667,82.14285714285714,11.0,0.0,18.676870748299322,68.66666666666667,80.28571428571429,-13.0,-12.0,-20.62925170068027,59.666666666666664,65.57142857142857,7.0,4.0,-10.765306122448976,44.0,41.0,-14.0,-15.0,-28.914965986394556,75.0,76.85714285714286,-11.0,-7.0,-3.7210884353741562,97.5,97.66666666666667,-1.0,,10.46503496503496,6000.0,6557.142857142857,-7200.0,-1800.0,-2243.8775510204077,1500.0,3214.285714285714,900.0,-1800.0,-838.7755102040815,,,,,,,,,,,,,,,,,,,,,,,,,,,,,,,,,,,,,,,,,,,,,,,,,,,,,,,,8.833333333333334,8.514285714285714,-2.0999999999999996,7.2,-6.221768707482994,-1.2000000000000004,0.25714285714285656,4.1,3.5,-4.33673469387755,3.2666666666666644,3.900000000000001,0.40000000000000036,4.8,-5.957482993197279,63.666666666666664,72.42857142857143,17.0,-2.0,9.323129251700678,1011.5666666666667,1011.342857142857,4.7000000000000455,1.6000000000000227,-6.041156462584922,18.8,21.228571428571428,-10.1,-24.9,-6.330272108843536,1.000000000000001,5.928571428571429,1.5999999999999999,-2.3,-0.5619047619047617,-4.7000000000000455,4.899999999999977,False,0.40000000000000036,6.9,3,2,1,False,False,False,False,False,False,False,True,False,0,-0.417885116880251,0
2026-02-27,84,-0.11,-0.21,70,64,65,75,68,54,43,86,96.0,3600,900,,,,,,,,,,,,11.3,-1.2,4.7,76,1018.4,8.3,0.0,79.33333333333333,79.71428571428571,10.0,3.0,5.0,-0.23999999999999996,-0.16857142857142857,0.26,0.29000000000000004,-0.13503401360544218,-0.14666666666666667,-0.07571428571428572,-0.03999999999999998,-0.06,-0.2820890410958904,71.66666666666667,70.14285714285714,-2.0,1.0,-5.710884353741491,77.66666666666667,73.14285714285714,-31.0,-15.0,-7.829931972789112,74.0,73.71428571428571,-16.0,-7.0,-19.013605442176868,86.0,79.85714285714286,-22.0,-11.0,-3.323129251700678,70.33333333333333,76.0,3.0,5.0,-17.62925170068027,59.0,61.714285714285715,-11.0,-2.0,-21.765306122448976,41.0,40.142857142857146,10.0,-9.0,-18.914965986394556,79.66666666666667,75.71428571428571,15.0,14.0,11.278911564625844,97.0,97.0,-1.0,,9.46503496503496,5400.0,5657.142857142857,900.0,-1800.0,-1343.8775510204077,1800.0,2957.1428571428573,-1800.0,900.0,-2638.7755102040815,,,,,,,,,,,,,,,,,,,,,,,,,,,,,,,,,,,,,,,,,,,,,,,,,,,,,,,,11.466666666666669,8.0,0.8000000000000007,7.9,-5.421768707482993,0.03333333333333314,-0.371428571428572,-3.9000000000000004,3.7,-8.23673469387755,5.233333333333331,3.4857142857142867,-1.0,5.9,-6.957482993197279,69.66666666666667,70.85714285714286,1.0,18.0,10.323129251700678,1012.2333333333335,1013.0428571428572,6.899999999999977,2.0,0.8588435374150549,13.400000000000004,19.385714285714283,-2.5999999999999996,-16.2,-8.930272108843536,1.000000000000001,3.942857142857143,-2.3,0.0,-2.8619047619047615,-6.899999999999977,-11.600000000000023,True,1.0,0.5999999999999996,4,2,1,False,False,False,False,False,False,False,True,False,0,-0.40806910594324,0
2026-02-28,77,0.09,-0.09,66,71,69,86,70,56,16,74,92.0,900,900,,,,,,,,,,,,15.7,0.6,7.3,66,1018.2,9.0,0.0,78.33333333333333,79.71428571428571,-7.0,-3.0,-2.0,-0.12999999999999998,-0.14857142857142855,0.2,0.32999999999999996,0.06496598639455782,-0.15666666666666665,-0.08571428571428572,0.12,-0.03,-0.1620890410958904,69.33333333333333,70.28571428571429,-4.0,-7.0,-9.710884353741491,76.66666666666667,77.42857142857143,7.0,-3.0,-0.8299319727891117,71.66666666666667,74.0,4.0,-7.0,-15.013605442176868,86.0,86.85714285714286,11.0,0.0,7.676870748299322,67.66666666666667,71.85714285714286,2.0,-8.0,-15.629251700680271,58.333333333333336,59.42857142857143,2.0,-2.0,-19.765306122448976,30.666666666666668,39.0,-27.0,-31.0,-45.914965986394556,77.0,75.28571428571429,-12.0,-8.0,-0.7210884353741562,95.0,95.75,-4.0,-6.0,5.46503496503496,2400.0,5271.428571428572,-2700.0,-9000.0,-4043.8775510204077,1500.0,2185.714285714286,0.0,-900.0,-2638.7755102040815,,,,,,,,,,,,,,,,,,,,,,,,,,,,,,,,,,,,,,,,,,,,,,,,,,,,,,,,12.5,8.7,4.399999999999999,3.0999999999999996,-1.0217687074829946,0.6999999999999997,-0.6142857142857149,1.7999999999999998,2.0,-6.4367346938775505,5.899999999999998,3.557142857142858,2.5999999999999996,2.0,-4.357482993197279,72.33333333333333,71.71428571428571,-10.0,8.0,0.32312925170067786,1016.0333333333334,1013.5571428571428,-0.1999999999999318,11.400000000000091,0.6588435374151231,9.400000000000004,18.457142857142856,0.6999999999999993,-12.0,-8.230272108843536,0.7666666666666678,3.942857142857143,0.0,-0.7,-2.8619047619047615,0.1999999999999318,-6.7000000000000455,False,2.5999999999999996,1.5999999999999996,5,2,1,False,False,False,False,False,True,False,True,False,0,-0.4106737160953145,0
2026-03-01,84,-0.16,-0.19,73,83,74,99,93,62,23,77,94.0,6300,0,,,,,,,,,,,,11.7,2.5,6.6,65,1021.5,16.2,0.0,81.66666666666667,80.28571428571429,7.0,10.0,5.0,-0.05999999999999996,-0.16428571428571423,-0.25,0.21,-0.1850340136054422,-0.16333333333333333,-0.1142857142857143,-0.1,-0.01999999999999999,-0.2620890410958904,69.66666666666667,70.85714285714286,7.0,1.0,-2.7108843537414913,72.66666666666667,76.85714285714286,12.0,-12.0,11.170068027210888,69.33333333333333,72.71428571428571,5.0,-7.0,-10.013605442176868,86.66666666666667,89.42857142857143,13.0,2.0,20.676870748299322,77.0,73.42857142857143,23.0,28.0,7.370748299319729,57.333333333333336,58.857142857142854,6.0,-3.0,-13.765306122448976,27.333333333333332,37.42857142857143,7.0,-10.0,-38.914965986394556,79.0,77.14285714285714,3.0,6.0,2.2789115646258438,94.0,95.4,2.0,-3.0,7.46503496503496,3600.0,4757.142857142857,5400.0,3600.0,1356.1224489795923,600.0,1542.857142857143,-900.0,-2700.0,-3538.7755102040815,,,,,,,,,,,,,,,,,,,,,,,,,,,,,,,,,,,,,,,,,,,,,,,,,,,,,,,,12.9,9.785714285714286,-4.0,1.1999999999999993,-5.021768707482995,0.633333333333333,-0.35714285714285776,1.9,-0.20000000000000018,-4.53673469387755,6.199999999999998,4.185714285714286,-0.7000000000000002,0.8999999999999995,-5.057482993197279,69.0,67.85714285714286,-1.0,-10.0,-0.6768707482993221,1019.3666666666668,1014.6714285714286,3.2999999999999545,10.0,3.9588435374150777,11.16666666666667,17.957142857142856,7.199999999999999,5.299999999999999,-1.030272108843537,0.0,1.0857142857142856,0.0,-2.3,-2.8619047619047615,-3.2999999999999545,-3.1000000000000227,False,0.7000000000000002,1.8999999999999995,6,3,2,False,False,False,False,False,False,False,True,False,0,-0.39951742656281924,0
2026-03-02,78,-0.03,0.0,61,70,46,22,92,65,54,65,98.0,5400,0,,,,,,,,,,,,1.6,-2.3,-0.6,66,1035.6,11.3,2.6,79.66666666666667,79.71428571428571,-6.0,-6.0,-1.0,-0.03333333333333329,-0.17428571428571424,0.13,0.08,-0.055034013605442175,-0.09333333333333334,-0.1242857142857143,0.19,0.21,-0.0720890410958904,66.66666666666667,69.14285714285714,-12.0,-9.0,-14.710884353741491,74.66666666666667,76.57142857142857,-13.0,6.0,-1.8299319727891117,63.0,69.0,-28.0,-19.0,-38.01360544217687,69.0,78.71428571428571,-77.0,-53.0,-56.32312925170068,85.0,75.57142857142857,-1.0,24.0,6.370748299319729,61.0,59.42857142857143,3.0,11.0,-10.765306122448976,31.0,38.285714285714285,31.0,11.0,-7.914965986394556,72.0,75.28571428571429,-12.0,-21.0,-9.721088435374156,94.66666666666667,95.83333333333333,4.0,2.0,11.46503496503496,4200.0,4885.714285714285,-900.0,1800.0,456.12244897959226,300.0,900.0,0.0,-900.0,-3538.7755102040815,,,,,,,,,,,,,,,,,,,,,,,,,,,,,,,,,,,,,,,,,,,,,,,,,,,,,,,,9.666666666666668,9.542857142857143,-10.1,-9.700000000000001,-15.121768707482994,0.26666666666666633,-0.571428571428572,-4.8,-1.0999999999999999,-9.336734693877549,4.433333333333331,3.971428571428572,-7.199999999999999,-5.3,-12.257482993197279,65.66666666666667,66.28571428571429,1.0,-10.0,0.32312925170067786,1025.1000000000001,1018.342857142857,14.099999999999909,17.199999999999932,18.058843537414987,12.166666666666666,14.457142857142857,-4.899999999999999,3.0,-5.9302721088435355,0.8666666666666679,0.7999999999999999,2.6,2.6,-0.2619047619047614,-14.099999999999909,-17.399999999999864,True,7.199999999999999,7.8999999999999995,0,3,2,False,False,False,False,False,True,False,True,False,0,-0.446107253191731,0
2026-03-03,77,-0.23,-0.04,81,57,90,78,100,68,100,81,91.0,4500,900,,,,,,,,,,,,5.0,-0.8,1.5,95,1031.1,15.0,8.2,79.66666666666667,79.14285714285714,-1.0,0.0,-2.0,-0.13999999999999999,-0.14999999999999997,-0.2,-0.32,-0.2550340136054422,-0.07666666666666667,-0.10857142857142857,-0.04,0.049999999999999996,-0.11208904109589041,71.66666666666667,70.85714285714286,20.0,15.0,5.289115646258509,70.0,73.42857142857143,-13.0,-14.0,-14.829931972789112,70.0,71.57142857142857,44.0,21.0,5.986394557823132,66.33333333333333,77.57142857142857,56.0,-8.0,-0.32312925170067786,95.0,80.85714285714286,8.0,30.0,14.370748299319729,65.0,61.142857142857146,3.0,12.0,-7.765306122448976,59.0,45.142857142857146,46.0,84.0,38.085034013605444,74.33333333333333,76.57142857142857,16.0,7.0,6.278911564625844,94.33333333333333,95.14285714285714,-7.0,-1.0,4.46503496503496,5400.0,4757.142857142857,-900.0,3600.0,-443.87755102040774,300.0,1028.5714285714287,900.0,0.0,-2638.7755102040815,,,,,,,,,,,,,,,,,,,,,,,,,,,,,,,,,,,,,,,,,,,,,,,,,,,,,,,,6.1000000000000005,9.771428571428572,3.4,-10.7,-11.721768707482994,-0.2000000000000003,0.01428571428571376,1.4999999999999998,-1.4,-7.83673469387755,2.499999999999998,4.3571428571428585,2.1,-5.8,-10.157482993197279,75.33333333333333,71.57142857142857,29.0,29.0,29.323129251700678,1029.4,1020.4428571428571,-4.5,12.899999999999864,13.558843537414987,14.166666666666666,13.1,3.6999999999999993,6.0,-2.230272108843536,3.600000000000001,1.9714285714285713,5.6,8.2,5.338095238095238,4.5,-9.599999999999909,False,2.1,5.1,1,3,2,False,False,False,False,False,False,False,True,False,0,-0.40841409503167003,0
2026-03-04,68,0.11,0.01,73,64,74,83,95,62,91,67,90.0,10800,900,,,,,,,,,,,,12.6,5.1,8.0,94,1024.0,14.0,0.8,74.33333333333333,77.42857142857143,-9.0,-16.0,-11.0,-0.049999999999999954,-0.09999999999999996,0.34,0.27,0.08496598639455782,-0.01,-0.09857142857142856,0.05,0.2,-0.0620890410958904,71.66666666666667,70.85714285714286,-8.0,0.0,-2.7108843537414913,63.666666666666664,72.0,7.0,-19.0,-7.829931972789112,70.0,71.28571428571429,-16.0,0.0,-10.013605442176868,61.0,77.14285714285714,5.0,-16.0,4.676870748299322,95.66666666666667,83.28571428571429,-5.0,2.0,9.370748299319729,65.0,61.714285714285715,-6.0,0.0,-13.765306122448976,81.66666666666667,51.42857142857143,-9.0,68.0,29.085034013605444,71.0,74.42857142857143,-14.0,-10.0,-7.721088435374156,93.0,94.0,-1.0,-4.0,3.4650349650349597,6900.0,4885.714285714285,6300.0,4500.0,5856.122448979592,600.0,900.0,0.0,900.0,-2638.7755102040815,,,,,,,,,,,,,,,,,,,,,,,,,,,,,,,,,,,,,,,,,,,,,,,,,,,,,,,,6.400000000000001,9.77142857142857,7.6,0.9000000000000004,-4.121768707482994,0.6666666666666662,0.9428571428571423,5.8999999999999995,2.5999999999999996,-1.9367346938775505,2.9666666666666646,4.742857142857143,6.5,1.4000000000000004,-3.657482993197279,85.0,76.71428571428571,-1.0,29.0,28.323129251700678,1030.2333333333333,1022.8999999999999,-7.099999999999909,2.5,6.458843537415078,13.433333333333337,12.1,-1.0,-2.1999999999999993,-3.230272108843536,3.8666666666666676,1.9857142857142858,-7.3999999999999995,0.8,-2.0619047619047617,7.099999999999909,11.599999999999909,True,6.5,8.6,2,3,2,False,False,False,False,False,False,True,True,True,1,-0.40413485718706826,0
2026-03-05,76,0.21,0.06,76,60,86,59,100,62,91,78,85.0,5400,2700,,,,,,,,,,,,14.2,6.6,9.5,92,1021.6,11.4,5.4,73.66666666666667,77.71428571428571,8.0,-2.0,-3.0,0.030000000000000037,-0.01714285714285711,0.09999999999999999,0.24,0.1849659863945578,0.01,-0.06571428571428573,0.049999999999999996,0.06,-0.012089041095890402,76.66666666666667,71.42857142857143,3.0,15.0,0.2891156462585087,60.333333333333336,67.0,-4.0,-10.0,-11.829931972789112,83.33333333333333,72.0,12.0,40.0,1.9863945578231323,73.33333333333333,71.71428571428571,-24.0,37.0,-19.323129251700678,98.33333333333333,88.28571428571429,5.0,8.0,14.370748299319729,64.0,61.285714285714285,0.0,-3.0,-13.765306122448976,94.0,59.714285714285715,0.0,37.0,29.085034013605444,75.33333333333333,75.42857142857143,11.0,13.0,3.2789115646258438,88.66666666666667,92.28571428571429,-5.0,-13.0,-1.5349650349650403,6900.0,5271.428571428572,-5400.0,0.0,456.12244897959226,1500.0,900.0,1800.0,2700.0,-838.7755102040815,,,,,,,,,,,,,,,,,,,,,,,,,,,,,,,,,,,,,,,,,,,,,,,,,,,,,,,,10.6,10.299999999999999,1.5999999999999996,12.6,-2.5217687074829946,3.633333333333333,1.4999999999999996,1.5,8.899999999999999,-0.4367346938775505,6.333333333333331,5.285714285714286,1.5,10.1,-2.157482993197279,93.66666666666667,79.14285714285714,-2.0,26.0,26.323129251700678,1025.5666666666668,1024.3428571428572,-2.3999999999999773,-13.999999999999886,4.0588435374151,13.466666666666669,12.171428571428569,-2.5999999999999996,0.09999999999999964,-5.830272108843536,4.800000000000001,2.4285714285714284,4.6000000000000005,2.8000000000000003,2.538095238095239,2.3999999999999773,9.499999999999886,False,1.5,8.0,3,3,2,False,False,False,False,False,False,False,True,False,0,-0.4107653453580317,0
2026-03-06,67,0.21,0.05,71,64,86,83,82,66,100,57,87.0,1800,900,,,,,,,,,,,,12.1,6.5,8.8,91,1025.1,13.3,3.4,70.33333333333333,75.28571428571429,-9.0,-10.0,-12.0,0.17666666666666672,0.028571428571428605,0.0,0.44,0.1849659863945578,0.04,-0.028571428571428564,-0.009999999999999995,0.09,-0.022089041095890397,73.33333333333333,71.57142857142857,-5.0,-10.0,-4.710884353741491,62.666666666666664,67.0,4.0,7.0,-7.829931972789112,82.0,75.0,0.0,-4.0,1.9863945578231323,75.0,72.85714285714286,24.0,5.0,4.676870748299322,92.33333333333333,90.28571428571429,-18.0,-18.0,-3.629251700680271,63.333333333333336,63.0,4.0,-2.0,-9.765306122448976,94.0,67.85714285714286,9.0,0.0,38.085034013605444,67.33333333333333,71.28571428571429,-21.0,-24.0,-17.721088435374156,87.33333333333333,91.0,2.0,-4.0,0.46503496503495967,6000.0,5014.285714285715,-3600.0,-2700.0,-3143.8775510204077,1500.0,900.0,-1800.0,0.0,-2638.7755102040815,,,,,,,,,,,,,,,,,,,,,,,,,,,,,,,,,,,,,,,,,,,,,,,,,,,,,,,,12.966666666666667,10.414285714285715,-2.0999999999999996,7.1,-4.621768707482994,6.0666666666666655,2.599999999999999,-0.09999999999999964,7.3,-0.5367346938775501,8.766666666666664,5.871428571428573,-0.6999999999999993,7.300000000000001,-2.8574829931972783,92.33333333333333,81.28571428571429,-1.0,-4.0,25.323129251700678,1023.5666666666667,1025.3,3.4999999999998863,-6.0,7.558843537414987,12.900000000000004,12.885714285714286,1.9000000000000004,-1.6999999999999993,-3.9302721088435355,3.200000000000001,2.914285714285714,-2.0000000000000004,-4.799999999999999,0.5380952380952384,-3.4999999999998863,-1.099999999999909,False,0.6999999999999993,0.8000000000000007,4,3,2,False,False,False,False,False,False,True,True,False,0,-0.4096351947202087,0
2026-03-07,72,0.12,0.17,74,42,83,70,93,69,100,71,92.0,2700,1800,,,,,,,,,,,,19.5,4.3,10.7,85,1020.8,20.1,0.1,71.66666666666667,74.57142857142857,5.0,4.0,-7.0,0.18000000000000005,0.03285714285714288,-0.09,0.009999999999999995,0.09496598639455782,0.09333333333333334,0.008571428571428572,0.12000000000000001,0.16,0.09791095890410961,73.66666666666667,72.71428571428571,3.0,1.0,-1.7108843537414913,55.333333333333336,62.857142857142854,-22.0,-22.0,-29.82993197278911,85.0,77.0,-3.0,9.0,-1.0136054421768677,70.66666666666667,70.57142857142857,-13.0,-13.0,-8.323129251700678,91.66666666666667,93.57142857142857,11.0,-2.0,7.370748299319729,65.66666666666667,64.85714285714286,3.0,7.0,-6.765306122448976,97.0,79.85714285714286,0.0,9.0,38.085034013605444,68.66666666666667,70.85714285714286,14.0,4.0,-3.7210884353741562,88.0,91.0,5.0,2.0,5.46503496503496,3300.0,5271.428571428572,900.0,-8100.0,-2243.8775510204077,1800.0,1028.5714285714287,900.0,900.0,-1738.7755102040815,,,,,,,,,,,,,,,,,,,,,,,,,,,,,,,,,,,,,,,,,,,,,,,,,,,,,,,,15.266666666666666,10.957142857142856,7.4,6.9,2.778231292517006,5.8,3.1285714285714286,-2.2,-0.7999999999999998,-2.7367346938775503,9.666666666666664,6.357142857142857,1.8999999999999986,2.6999999999999993,-0.9574829931972797,89.33333333333333,84.0,-6.0,-9.0,19.323129251700678,1022.5,1025.6714285714286,-4.2999999999999545,-3.2000000000000455,3.258843537415032,14.933333333333337,14.471428571428572,6.800000000000001,6.100000000000001,2.869727891156465,2.9666666666666672,2.9285714285714284,-3.3,-0.7000000000000001,-2.7619047619047614,4.2999999999999545,0.8000000000000682,False,1.8999999999999986,1.1999999999999993,5,3,2,False,False,False,False,False,False,False,True,False,0,-0.3928837841376131,0
2026-03-08,67,0.46,0.35,68,53,58,75,88,57,81,68,97.0,1800,1800,,,,,,,,,,,,22.2,13.2,17.8,73,1011.3,20.7,0.7,68.66666666666667,72.14285714285714,-5.0,-9.0,-12.0,0.26333333333333336,0.12142857142857147,0.34,0.25,0.43496598639455786,0.19000000000000003,0.08571428571428572,0.17999999999999997,0.29,0.27791095890410955,71.0,72.0,-6.0,-8.0,-7.710884353741491,53.0,58.57142857142857,11.0,-7.0,-18.82993197278911,75.66666666666667,74.71428571428571,-25.0,-28.0,-26.013605442176868,76.0,67.14285714285714,5.0,16.0,-3.323129251700678,87.66666666666667,92.85714285714286,-5.0,-12.0,2.370748299319729,64.0,64.14285714285714,-12.0,-5.0,-18.765306122448976,93.66666666666667,88.14285714285714,-19.0,-10.0,19.085034013605444,65.33333333333333,69.57142857142857,-3.0,-10.0,-6.721088435374156,92.0,91.42857142857143,5.0,12.0,10.46503496503496,2100.0,4628.571428571428,-900.0,-3600.0,-3143.8775510204077,1500.0,1285.7142857142858,0.0,-900.0,-1738.7755102040815,,,,,,,,,,,,,,,,,,,,,,,,,,,,,,,,,,,,,,,,,,,,,,,,,,,,,,,,17.933333333333334,12.457142857142856,2.6999999999999993,8.0,5.478231292517005,7.999999999999999,4.657142857142857,8.899999999999999,6.6,6.163265306122449,12.433333333333332,7.957142857142858,7.100000000000001,8.3,6.142517006802722,83.0,85.14285714285714,-12.0,-19.0,7.323129251700678,1019.0666666666667,1024.2142857142858,-9.5,-10.300000000000068,-6.241156462584968,18.033333333333335,15.114285714285714,0.5999999999999979,9.299999999999999,3.469727891156463,1.4000000000000012,3.0285714285714285,0.6,-4.7,-2.1619047619047613,9.5,13.799999999999955,True,7.100000000000001,9.0,6,3,2,False,False,False,True,False,True,True,True,True,1,-0.4364898001971072,0
2026-03-09,54,0.19,0.22,65,30,79,23,92,77,91,63,95.0,10800,0,,,,,,,,,,,,23.0,5.6,14.5,60,1016.4,9.9,0.0,64.33333333333333,68.71428571428571,-13.0,-13.0,-25.0,0.2566666666666667,0.15285714285714289,-0.27,-0.01999999999999999,0.16496598639455784,0.24666666666666667,0.11714285714285713,-0.12999999999999998,0.16999999999999998,0.1479109589041096,69.0,72.57142857142857,-3.0,-6.0,-10.710884353741491,41.666666666666664,52.857142857142854,-23.0,-34.0,-41.82993197278911,73.33333333333333,79.42857142857143,21.0,-7.0,-5.013605442176868,56.0,67.28571428571429,-52.0,-60.0,-55.32312925170068,91.0,92.85714285714286,4.0,10.0,6.370748299319729,67.66666666666667,65.85714285714286,20.0,11.0,1.2346938775510239,90.66666666666667,93.42857142857143,10.0,-9.0,29.085034013605444,67.33333333333333,69.28571428571429,-5.0,6.0,-11.721088435374156,94.66666666666667,91.0,-2.0,8.0,8.46503496503496,5100.0,5400.0,9000.0,9000.0,5856.122448979592,1200.0,1285.7142857142858,-1800.0,-900.0,-3538.7755102040815,,,,,,,,,,,,,,,,,,,,,,,,,,,,,,,,,,,,,,,,,,,,,,,,,,,,,,,,21.566666666666666,15.514285714285714,0.8000000000000007,10.9,6.278231292517006,7.699999999999998,5.785714285714285,-7.6,-0.9000000000000004,-1.4367346938775505,14.33333333333333,10.114285714285716,-3.3000000000000007,5.699999999999999,2.842517006802721,72.66666666666667,84.28571428571429,-13.0,-31.0,-5.676870748299322,1016.1666666666669,1021.4714285714284,5.100000000000023,-8.699999999999932,-1.141156462584945,16.900000000000002,14.914285714285713,-10.799999999999999,-3.4000000000000004,-7.330272108843536,0.26666666666666783,2.657142857142857,-0.7,-3.4,-2.8619047619047615,-5.100000000000023,4.399999999999977,True,3.3000000000000007,3.8000000000000007,0,3,2,False,False,False,False,False,True,True,True,False,1,-0.42675953706179354,0
2026-03-10,53,0.25,0.27,57,42,81,72,32,70,100,39,94.0,6300,900,,,,,,,,,,,,27.2,7.6,16.9,63,1016.3,9.6,0.0,58.0,65.28571428571429,-1.0,-19.0,-26.0,0.30000000000000004,0.22142857142857147,0.06,0.13,0.22496598639455784,0.28,0.16142857142857142,0.05000000000000002,0.1,0.19791095890410962,63.333333333333336,69.14285714285714,-8.0,-17.0,-18.71088435374149,41.666666666666664,50.714285714285715,12.0,0.0,-29.82993197278911,72.66666666666667,78.14285714285714,2.0,-2.0,-3.0136054421768677,56.666666666666664,66.42857142857143,49.0,2.0,-6.323129251700678,70.66666666666667,83.14285714285714,-60.0,-61.0,-53.62925170068027,68.0,66.14285714285714,-7.0,1.0,-5.765306122448976,90.66666666666667,93.42857142857143,9.0,0.0,38.085034013605444,56.666666666666664,63.285714285714285,-24.0,-32.0,-35.721088435374156,95.33333333333333,91.42857142857143,-1.0,2.0,7.46503496503496,6300.0,5657.142857142857,-4500.0,3600.0,1356.1224489795923,900.0,1285.7142857142858,900.0,-900.0,-2638.7755102040815,,,,,,,,,,,,,,,,,,,,,,,,,,,,,,,,,,,,,,,,,,,,,,,,,,,,,,,,24.133333333333336,18.685714285714287,4.199999999999999,7.699999999999999,10.478231292517005,8.799999999999999,6.985714285714286,2.0,3.3,0.5632653061224495,16.4,12.314285714285715,2.3999999999999986,6.199999999999999,5.24251700680272,65.33333333333333,79.71428571428571,3.0,-22.0,-2.676870748299322,1014.6666666666669,1019.3571428571429,-0.10000000000002274,-4.5,-1.2411564625849678,13.4,14.142857142857142,-0.3000000000000007,-10.500000000000002,-7.630272108843537,0.2333333333333345,1.4857142857142858,0.0,-0.1,-2.8619047619047615,0.10000000000002274,-5.0,False,2.3999999999999986,0.9000000000000021,1,3,2,False,False,False,False,False,True,True,True,False,1,-0.4409620575514518,0
2026-03-11,73,-0.11,0.22,74,65,74,83,81,77,100,63,98.0,1800,1800,,,,,,,,,,,,26.5,14.5,19.8,70,1010.7,21.3,4.0,60.0,66.0,20.0,6.0,-6.0,0.11000000000000003,0.19,-0.36,-0.5700000000000001,-0.13503401360544218,0.2366666666666667,0.19142857142857145,-0.05000000000000002,-0.12999999999999998,0.1479109589041096,65.33333333333333,69.28571428571429,17.0,6.0,-1.7108843537414913,45.666666666666664,50.857142857142854,23.0,12.0,-6.829931972789112,78.0,78.14285714285714,-7.0,16.0,-10.013605442176868,59.333333333333336,66.42857142857143,11.0,8.0,4.676870748299322,68.33333333333333,81.14285714285714,49.0,-7.0,-4.629251700680271,74.66666666666667,68.28571428571429,7.0,20.0,1.2346938775510239,97.0,94.71428571428571,0.0,19.0,38.085034013605444,55.0,62.714285714285715,24.0,-5.0,-11.721088435374156,95.66666666666667,92.57142857142857,4.0,1.0,11.46503496503496,6300.0,4371.428571428572,-4500.0,0.0,-3143.8775510204077,900.0,1414.2857142857142,900.0,0.0,-1738.7755102040815,,,,,,,,,,,,,,,,,,,,,,,,,,,,,,,,,,,,,,,,,,,,,,,,,,,,,,,,25.566666666666663,20.67142857142857,-0.6999999999999993,4.300000000000001,9.778231292517006,9.233333333333333,8.328571428571427,6.9,1.3000000000000007,7.46326530612245,17.066666666666663,14.0,2.900000000000002,2.0,8.142517006802722,64.33333333333333,76.28571428571429,7.0,-3.0,4.323129251700678,1014.4666666666668,1017.4571428571428,-5.599999999999909,-0.599999999999909,-6.841156462584877,13.600000000000003,15.185714285714285,11.700000000000001,0.6000000000000014,4.0697278911564645,1.3333333333333346,1.9428571428571428,4.0,3.3,1.1380952380952385,5.599999999999909,5.699999999999932,True,2.900000000000002,5.300000000000001,2,3,2,False,False,False,False,False,False,False,True,True,0,-0.4131966986244945,0
2026-03-12,76,0.07,0.19,83,70,81,83,96,78,100,80,98.0,7200,900,,,,,,,,,,,,23.0,-1.4,8.0,77,1011.7,29.6,17.6,67.33333333333333,66.0,3.0,22.0,-3.0,0.07000000000000002,0.17,0.18,-0.12,0.04496598639455783,0.22666666666666668,0.21,-0.03,-0.03,0.1179109589041096,71.33333333333333,70.28571428571429,9.0,18.0,7.289115646258509,59.0,52.285714285714285,5.0,40.0,-1.8299319727891117,78.66666666666667,77.42857142857143,7.0,2.0,-3.0136054421768677,79.33333333333333,69.85714285714286,0.0,60.0,4.676870748299322,69.66666666666667,80.57142857142857,15.0,4.0,10.370748299319729,75.0,70.57142857142857,1.0,1.0,2.234693877551024,100.0,96.0,0.0,9.0,38.085034013605444,60.666666666666664,63.0,17.0,17.0,5.278911564625844,96.66666666666667,94.42857142857143,0.0,3.0,11.46503496503496,5100.0,4628.571428571428,5400.0,-3600.0,2256.1224489795923,1200.0,1157.142857142857,-900.0,900.0,-2638.7755102040815,,,,,,,,,,,,,,,,,,,,,,,,,,,,,,,,,,,,,,,,,,,,,,,,,,,,,,,,25.566666666666663,21.928571428571427,-3.5,0.0,6.278231292517006,6.899999999999999,7.185714285714285,-15.9,-7.0,-8.43673469387755,14.899999999999997,13.785714285714286,-11.8,-6.5,-3.657482993197279,70.0,74.14285714285714,7.0,17.0,11.323129251700678,1012.9000000000001,1016.0428571428571,1.0,-4.699999999999932,-5.841156462584877,20.16666666666667,17.785714285714285,8.3,19.700000000000003,12.369727891156465,7.200000000000002,3.685714285714286,13.600000000000001,17.6,14.73809523809524,-1.0,4.599999999999909,False,11.8,8.899999999999999,3,3,2,False,False,False,False,False,False,False,True,False,0,-0.4217804981767474,0
2026-03-14,54,0.36,0.15,71,49,90,72,77,71,84,66,93.0,14400,3600,,,,,,,,,,,,13.9,6.0,9.7,43,1018.3,20.0,0.0,67.66666666666667,64.14285714285714,-22.0,1.0,-25.0,0.10666666666666669,0.19142857142857148,0.29,0.10999999999999999,0.3349659863945578,0.18666666666666668,0.22428571428571425,-0.04000000000000001,-0.12000000000000002,0.0779109589041096,76.0,70.28571428571429,-12.0,14.0,-4.710884353741491,61.333333333333336,50.142857142857146,-21.0,7.0,-22.82993197278911,81.66666666666667,78.0,9.0,9.0,5.986394557823132,79.33333333333333,68.28571428571429,-11.0,0.0,-6.323129251700678,84.66666666666667,79.85714285714286,-19.0,45.0,-8.629251700680271,75.33333333333333,71.28571428571429,-7.0,1.0,-4.765306122448976,94.66666666666667,93.71428571428571,-16.0,-16.0,22.085034013605444,69.66666666666667,64.28571428571429,-14.0,27.0,-8.721088435374156,96.33333333333333,95.28571428571429,-5.0,-1.0,6.46503496503496,7800.0,6428.571428571428,7200.0,8100.0,9456.122448979593,2100.0,1542.857142857143,2700.0,2700.0,61.224489795918544,,,,,,,,,,,,,,,,,,,,,,,,,,,,,,,,,,,,,,,,,,,,,,,,,,,,,,,,21.133333333333333,22.185714285714283,-9.1,-13.299999999999999,-2.8217687074829936,6.366666666666666,7.114285714285714,7.4,-1.5999999999999996,-1.0367346938775501,12.499999999999998,13.914285714285715,1.6999999999999993,-7.199999999999999,-1.9574829931972797,63.333333333333336,67.28571428571429,-34.0,-20.0,-22.676870748299322,1013.566666666667,1015.0714285714286,6.599999999999909,2.0,0.7588435374150322,23.633333333333336,18.74285714285714,-9.600000000000001,10.4,2.769727891156464,7.200000000000002,3.2,-17.6,0.0,-2.8619047619047615,-6.599999999999909,-7.599999999999909,True,1.6999999999999993,10.100000000000001,5,3,2,False,False,False,True,False,False,True,True,False,1,-0.4376897627105903,0
2026-03-15,59,0.05,0.06,58,49,90,91,31,95,61,32,94.0,1800,0,,,,,,,,,,,,12.1,4.8,8.3,63,1024.1,16.7,1.0,63.0,62.285714285714285,5.0,-14.0,-20.0,0.16,0.1814285714285715,-0.31,0.16,0.024965986394557826,0.13333333333333336,0.20857142857142857,-0.09,-0.16,-0.012089041095890402,70.66666666666667,68.0,-13.0,-16.0,-17.71088435374149,56.0,51.142857142857146,0.0,-16.0,-22.82993197278911,87.0,79.0,0.0,16.0,5.986394557823132,82.0,71.28571428571429,19.0,8.0,12.676870748299322,68.0,71.0,-46.0,-50.0,-54.62925170068027,81.33333333333333,75.0,24.0,18.0,19.234693877551024,81.66666666666667,88.14285714285714,-23.0,-39.0,-0.9149659863945558,59.333333333333336,58.714285714285715,-34.0,-31.0,-42.721088435374156,95.0,95.57142857142857,1.0,-4.0,7.46503496503496,7800.0,6300.0,-12600.0,0.0,-3143.8775510204077,1500.0,1285.7142857142858,-3600.0,-1800.0,-3538.7755102040815,,,,,,,,,,,,,,,,,,,,,,,,,,,,,,,,,,,,,,,,,,,,,,,,,,,,,,,,16.333333333333332,21.128571428571426,-1.8000000000000007,-14.4,-4.621768707482994,3.133333333333333,7.185714285714285,-1.2000000000000002,-9.7,-2.2367346938775503,8.666666666666664,13.571428571428571,-1.3999999999999986,-11.5,-3.3574829931972783,61.0,64.14285714285714,20.0,-7.0,-2.676870748299322,1018.0333333333334,1015.5428571428571,5.7999999999999545,13.399999999999864,6.558843537414987,22.100000000000005,18.257142857142856,-3.3000000000000007,-4.600000000000001,-0.5302721088435369,6.200000000000002,3.3285714285714287,1.0,-3.0,-1.8619047619047615,-5.7999999999999545,-12.399999999999864,True,1.3999999999999986,0.3000000000000007,6,3,2,False,False,False,False,False,True,True,True,False,1,-0.46091226400829766,1
2026-03-16,68,0.17,0.13,87,69,93,97,99,85,100,82,89.0,3600,3600,,,,,,,,,,,,20.3,3.2,15.7,91,1001.5,31.2,21.1,60.333333333333336,62.42857142857143,9.0,-8.0,-11.0,0.19333333333333336,0.14000000000000004,0.12000000000000001,0.1,0.14496598639455782,0.11333333333333336,0.1771428571428571,0.07,-0.06,0.057910958904109605,72.0,70.71428571428571,29.0,4.0,11.289115646258509,55.666666666666664,53.42857142857143,20.0,-1.0,-2.8299319727891117,91.0,84.0,3.0,12.0,8.986394557823132,86.66666666666667,74.42857142857143,6.0,14.0,18.676870748299322,69.0,72.57142857142857,68.0,3.0,13.370748299319729,83.66666666666667,79.0,-10.0,7.0,9.234693877551024,81.66666666666667,90.85714285714286,39.0,0.0,38.085034013605444,60.0,60.714285714285715,50.0,2.0,7.278911564625844,92.0,94.42857142857143,-5.0,-9.0,2.4650349650349597,6600.0,6557.142857142857,1800.0,-3600.0,-1343.8775510204077,2400.0,1542.857142857143,3600.0,2700.0,61.224489795918544,,,,,,,,,,,,,,,,,,,,,,,,,,,,,,,,,,,,,,,,,,,,,,,,,,,,,,,,15.433333333333332,20.857142857142858,8.200000000000001,-2.6999999999999993,3.578231292517007,4.666666666666666,5.757142857142857,-1.5999999999999996,4.6,-3.83673469387755,11.233333333333329,13.271428571428572,7.399999999999999,7.699999999999999,4.04251700680272,65.66666666666667,66.71428571428571,28.0,14.0,25.323129251700678,1014.6333333333336,1014.1428571428571,-22.59999999999991,-10.200000000000045,-16.041156462584922,22.633333333333336,19.75714285714286,14.5,1.5999999999999979,13.969727891156463,7.366666666666668,6.242857142857143,20.1,3.5,18.23809523809524,22.59999999999991,16.799999999999955,True,7.399999999999999,6.0,0,3,2,False,False,False,False,False,False,True,True,True,1,-0.4559395205898576,1
2026-03-17,68,0.12,0.23,67,70,83,83,61,88,73,49,99.0,0,1800,,,,,,,,,,,,4.3,-1.9,1.4,50,1014.8,25.5,0.2,65.0,64.42857142857143,0.0,14.0,-11.0,0.11333333333333336,0.13000000000000003,-0.05000000000000002,-0.24,0.09496598639455782,0.14,0.17857142857142858,0.1,0.08000000000000002,0.1579109589041096,70.66666666666667,71.0,-20.0,-4.0,-8.710884353741491,62.666666666666664,59.142857142857146,1.0,21.0,-1.8299319727891117,88.66666666666667,84.57142857142857,-10.0,-7.0,-1.0136054421768677,90.33333333333333,83.0,-14.0,11.0,4.676870748299322,63.666666666666664,68.14285714285714,-38.0,-16.0,-24.62925170068027,89.33333333333333,80.57142857142857,3.0,17.0,12.234693877551024,78.0,88.28571428571429,-27.0,-11.0,11.085034013605444,54.333333333333336,58.714285714285715,-33.0,-17.0,-25.721088435374156,94.0,95.0,10.0,6.0,12.46503496503496,1800.0,5014.285714285715,-3600.0,-14400.0,-4943.877551020408,1800.0,1800.0,-1800.0,-1800.0,-1738.7755102040815,,,,,,,,,,,,,,,,,,,,,,,,,,,,,,,,,,,,,,,,,,,,,,,,,,,,,,,,12.233333333333334,18.185714285714287,-16.0,-9.600000000000001,-12.421768707482993,2.0333333333333328,4.685714285714285,-5.1,-7.9,-8.93673469387755,8.466666666666663,11.400000000000002,-14.299999999999999,-8.299999999999999,-10.257482993197279,68.0,65.28571428571429,-41.0,7.0,-15.676870748299322,1013.4666666666668,1013.9142857142857,13.299999999999955,-3.5,-2.741156462584968,24.46666666666667,21.985714285714284,-5.699999999999999,5.5,8.269727891156464,7.4333333333333345,6.271428571428572,-20.900000000000002,0.2,-2.6619047619047613,-13.299999999999955,9.299999999999955,True,14.299999999999999,6.9,1,3,2,False,False,False,False,False,True,True,False,False,1,-0.4497358560310335,1
2026-03-18,61,-0.27,-0.01,65,58,86,94,71,75,50,52,99.0,0,3600,,,,,,,,,,,,4.1,-4.2,-0.4,53,1028.7,14.0,0.0,65.66666666666667,65.57142857142857,-7.0,2.0,-18.0,0.006666666666666691,0.055714285714285765,-0.39,-0.32,-0.2950340136054422,0.1166666666666667,0.13857142857142857,-0.24000000000000002,-0.06999999999999999,-0.0820890410958904,73.0,72.14285714285714,-2.0,7.0,-10.710884353741491,65.66666666666667,61.42857142857143,-12.0,9.0,-13.829931972789112,87.33333333333333,85.28571428571429,3.0,-4.0,1.9863945578231323,91.33333333333333,86.14285714285714,11.0,3.0,15.676870748299322,77.0,73.71428571428571,10.0,40.0,-14.629251700680271,82.66666666666667,81.28571428571429,-13.0,-20.0,-0.7653061224489761,74.33333333333333,81.14285714285714,-23.0,-11.0,-11.914965986394556,61.0,60.57142857142857,3.0,20.0,-22.721088435374156,95.66666666666667,95.71428571428571,0.0,5.0,12.46503496503496,1200.0,4114.285714285715,0.0,-1800.0,-4943.877551020408,3000.0,2185.714285714286,1800.0,3600.0,61.224489795918544,,,,,,,,,,,,,,,,,,,,,,,,,,,,,,,,,,,,,,,,,,,,,,,,,,,,,,,,9.566666666666666,14.885714285714286,-0.20000000000000018,-8.0,-12.621768707482994,-0.9666666666666671,3.0,-2.3000000000000003,-9.0,-11.236734693877551,5.566666666666664,8.928571428571429,-1.7999999999999998,-8.700000000000001,-12.05748299319728,64.66666666666667,63.857142857142854,3.0,-10.0,-12.676870748299322,1015.0000000000001,1015.6857142857142,13.900000000000091,4.600000000000136,11.158843537415123,23.566666666666666,22.614285714285717,-11.5,-2.6999999999999993,-3.230272108843536,7.100000000000001,6.271428571428572,-0.2,-1.0,-2.8619047619047615,-13.900000000000091,-27.200000000000045,True,1.7999999999999998,16.099999999999998,2,3,2,False,False,False,False,False,True,True,False,False,0,-0.4216028085974696,0
2026-03-19,70,-0.15,0.06,84,97,95,91,95,90,85,70,99.0,1800,900,,,,,,,,,,,,12.9,-0.4,5.6,65,1024.2,10.6,0.0,66.33333333333333,65.14285714285714,9.0,2.0,-9.0,-0.09999999999999998,0.050000000000000044,0.12000000000000002,-0.32,-0.17503401360544218,0.09333333333333337,0.11571428571428573,0.06999999999999999,-0.07,-0.012089041095890402,72.0,73.57142857142857,19.0,-3.0,8.289115646258509,75.0,66.0,39.0,28.0,25.17006802721089,88.0,88.28571428571429,9.0,2.0,10.986394557823132,89.33333333333333,87.28571428571429,-3.0,-6.0,12.676870748299322,75.66666666666667,75.71428571428571,24.0,-4.0,9.370748299319729,84.33333333333333,83.14285714285714,15.0,5.0,14.234693877551024,69.33333333333333,79.0,35.0,-15.0,23.085034013605444,57.0,61.57142857142857,18.0,-12.0,-4.721088435374156,99.0,95.85714285714286,0.0,10.0,12.46503496503496,600.0,4114.285714285715,1800.0,-1800.0,-3143.8775510204077,2100.0,2057.1428571428573,-2700.0,-2700.0,-2638.7755102040815,,,,,,,,,,,,,,,,,,,,,,,,,,,,,,,,,,,,,,,,,,,,,,,,,,,,,,,,7.1000000000000005,12.942857142857141,8.8,-7.4,-3.8217687074829936,-2.1666666666666674,0.8714285714285709,3.8000000000000003,-3.6,-7.4367346938775505,2.1999999999999975,6.9,6.0,-10.1,-6.057482993197279,56.0,63.142857142857146,12.0,-26.0,-0.6768707482993221,1022.566666666667,1017.6142857142858,-4.5,22.700000000000045,6.658843537415123,16.7,21.085714285714285,-3.4000000000000004,-20.6,-6.630272108843537,0.06666666666666786,5.700000000000001,0.0,-21.1,-2.8619047619047615,4.5,-9.400000000000091,False,6.0,4.199999999999999,3,3,2,False,False,False,False,False,False,False,True,False,0,-0.41676168515000306,0
2026-03-20,71,-0.07,0.0,72,96,88,78,58,72,97,57,95.0,1800,900,,,,,,,,,,,,21.5,3.4,11.1,67,1015.8,17.7,3.0,67.33333333333333,64.42857142857143,1.0,3.0,-8.0,-0.16333333333333333,0.030000000000000037,0.07999999999999999,-0.19,-0.09503401360544218,0.016666666666666684,0.08857142857142856,-0.06,-0.23,-0.0720890410958904,73.66666666666667,72.0,-12.0,5.0,-3.7108843537414913,83.66666666666667,69.71428571428571,-1.0,26.0,24.17006802721089,89.66666666666667,89.28571428571429,-7.0,5.0,3.9863945578231323,87.66666666666667,86.57142857142857,-13.0,-5.0,-0.32312925170067786,74.66666666666667,70.28571428571429,-37.0,-3.0,-27.62925170068027,79.0,82.28571428571429,-18.0,-16.0,-3.765306122448976,77.33333333333333,78.57142857142857,12.0,24.0,35.085034013605444,59.666666666666664,58.285714285714285,-13.0,8.0,-17.721088435374156,97.66666666666667,95.42857142857143,-4.0,-4.0,8.46503496503496,1200.0,3342.8571428571427,0.0,1800.0,-3143.8775510204077,1800.0,2057.1428571428573,0.0,-900.0,-2638.7755102040815,,,,,,,,,,,,,,,,,,,,,,,,,,,,,,,,,,,,,,,,,,,,,,,,,,,,,,,,12.833333333333334,12.728571428571428,8.6,17.2,4.778231292517006,-0.40000000000000036,1.5571428571428567,3.8,5.3,-3.63673469387755,5.43333333333333,7.342857142857143,5.5,9.7,-0.5574829931972793,61.666666666666664,61.714285714285715,2.0,17.0,1.3231292517006779,1022.9000000000001,1018.1999999999999,-8.400000000000091,1.0,-1.7411564625849678,14.100000000000003,19.385714285714283,7.1,-7.800000000000001,0.4697278911564631,1.000000000000001,3.6142857142857143,3.0,2.8,0.1380952380952385,8.400000000000091,12.900000000000091,True,5.5,11.5,4,3,2,False,False,False,False,False,False,False,True,True,0,-0.40952386538970076,0
2026-03-21,74,-0.31,-0.22,76,74,93,81,84,86,54,69,86.0,1800,7200,,,,,,,,,,,,18.9,9.7,14.0,75,1011.3,13.8,3.9,71.66666666666667,67.28571428571429,3.0,13.0,-5.0,-0.17666666666666664,-0.06571428571428568,-0.24,-0.03999999999999998,-0.33503401360544216,-0.053333333333333316,0.03571428571428571,-0.22,-0.21,-0.2920890410958904,77.33333333333333,72.71428571428571,4.0,11.0,0.2891156462585087,89.0,73.28571428571429,-22.0,16.0,2.1700680272108883,92.0,89.71428571428571,5.0,7.0,8.986394557823132,83.33333333333333,87.85714285714286,3.0,-13.0,2.676870748299322,79.0,71.28571428571429,26.0,13.0,-1.6292517006802711,82.66666666666667,84.42857142857143,14.0,11.0,10.234693877551024,78.66666666666667,74.28571428571429,-43.0,4.0,-7.914965986394556,65.33333333333333,58.714285714285715,12.0,17.0,-5.721088435374156,93.33333333333333,94.42857142857143,-9.0,-13.0,-0.5349650349650403,1800.0,1542.857142857143,0.0,1800.0,-3143.8775510204077,3000.0,2571.4285714285716,6300.0,3600.0,3661.2244897959185,,,,,,,,,,,,,,,,,,,,,,,,,,,,,,,,,,,,,,,,,,,,,,,,,,,,,,,,17.766666666666666,13.442857142857141,-2.6000000000000014,14.799999999999999,2.1782312925170046,4.2333333333333325,2.085714285714285,6.299999999999999,13.899999999999999,2.663265306122449,10.233333333333333,7.957142857142857,2.9000000000000004,14.4,2.342517006802721,69.0,66.28571428571429,8.0,22.0,9.323129251700678,1017.1,1017.1999999999999,-4.5,-17.40000000000009,-6.241156462584968,14.033333333333337,18.5,-3.8999999999999986,-0.1999999999999993,-3.4302721088435355,2.300000000000001,4.171428571428572,0.8999999999999999,3.9,1.0380952380952384,4.5,12.900000000000091,False,2.9000000000000004,8.4,5,3,2,False,False,False,False,False,False,False,True,False,0,-0.426700035950911,0
2026-03-22,51,1.03,0.36,52,70,30,75,57,29,30,61,97.0,10800,900,,,,,,,,,,,,27.4,8.2,16.8,68,1008.3,17.8,0.0,65.33333333333333,66.14285714285714,-23.0,-19.0,-28.0,0.2166666666666667,0.07428571428571432,1.34,1.18,1.004965986394558,0.04666666666666668,0.07857142857142858,0.58,0.3,0.28791095890410956,66.66666666666667,71.85714285714286,-24.0,-32.0,-23.71088435374149,80.0,76.28571428571429,-4.0,-27.0,-1.8299319727891117,70.33333333333333,81.14285714285714,-63.0,-65.0,-54.01360544217687,78.0,85.57142857142857,-6.0,-16.0,-3.323129251700678,66.33333333333333,75.0,-27.0,-38.0,-28.62925170068027,62.333333333333336,75.0,-57.0,-61.0,-46.765306122448976,60.333333333333336,69.85714285714286,-24.0,-55.0,-31.914965986394556,62.333333333333336,62.857142857142854,-8.0,-9.0,-13.721088435374156,92.66666666666667,94.85714285714286,11.0,-2.0,10.46503496503496,4800.0,2828.5714285714284,9000.0,9000.0,5856.122448979592,3000.0,2700.0,-6300.0,0.0,-2638.7755102040815,,,,,,,,,,,,,,,,,,,,,,,,,,,,,,,,,,,,,,,,,,,,,,,,,,,,,,,,22.599999999999998,15.62857142857143,8.5,14.499999999999998,10.678231292517005,7.099999999999999,2.5714285714285707,-1.5,8.6,1.1632653061224492,13.966666666666663,9.171428571428574,2.8000000000000007,11.200000000000001,5.142517006802722,70.0,67.0,-7.0,3.0,2.323129251700678,1011.8000000000002,1014.9428571428571,-3.0,-15.900000000000091,-9.241156462584968,16.433333333333337,18.657142857142855,4.0,7.200000000000001,0.5697278911564645,2.300000000000001,4.028571428571429,-3.9,0.0,-2.8619047619047615,3.0,7.5,False,2.8000000000000007,5.700000000000001,6,3,2,False,False,False,True,True,True,True,True,False,1,-0.5128479607292857,1
2026-03-23,44,1.4,0.49,68,23,46,81,100,51,1,100,79.0,900,7200,,,,,,,,,,,,18.4,5.3,13.2,68,1011.7,30.2,2.0,56.333333333333336,62.714285714285715,-7.0,-27.0,-35.0,0.7066666666666667,0.25000000000000006,0.3699999999999999,1.47,1.3749659863945578,0.21,0.12999999999999998,0.13,0.49,0.41791095890410956,65.33333333333333,69.14285714285714,16.0,-4.0,-7.710884353741491,55.666666666666664,69.71428571428571,-47.0,-73.0,-48.82993197278911,56.333333333333336,74.42857142857143,16.0,-42.0,-38.01360544217687,79.0,83.28571428571429,6.0,3.0,2.676870748299322,80.33333333333333,75.14285714285714,43.0,42.0,14.370748299319729,55.333333333333336,70.14285714285714,22.0,-21.0,-24.765306122448976,28.333333333333332,55.714285714285715,-29.0,-96.0,-60.914965986394556,76.66666666666667,65.42857142857143,39.0,43.0,25.278911564625844,87.33333333333333,93.42857142857143,-18.0,-16.0,-7.53496503496504,4500.0,2442.8571428571427,-9900.0,-900.0,-4043.8775510204077,5100.0,3214.285714285714,6300.0,6300.0,3661.2244897959185,,,,,,,,,,,,,,,,,,,,,,,,,,,,,,,,,,,,,,,,,,,,,,,,,,,,,,,,21.566666666666663,15.357142857142858,-9.0,-3.1000000000000014,1.6782312925170046,7.733333333333333,2.8714285714285706,-2.8999999999999995,1.9,-1.7367346938775503,14.666666666666663,8.814285714285715,-3.6000000000000014,2.0999999999999996,1.5425170068027203,70.33333333333333,63.714285714285715,0.0,1.0,2.323129251700678,1010.4333333333334,1016.4,3.400000000000091,-4.099999999999909,-5.841156462584877,20.600000000000005,18.514285714285712,12.399999999999999,12.5,12.969727891156463,1.966666666666668,1.3,2.0,-1.0,-0.8619047619047615,-3.400000000000091,-0.40000000000009095,False,3.6000000000000014,0.8000000000000007,0,3,2,False,False,False,True,True,False,True,True,False,1,-0.5029964279292537,1
2026-03-24,79,-0.1,0.06,79,72,95,83,100,83,40,79,89.0,1800,10800,,,,,,,,,,,,9.7,-0.5,4.9,52,1029.2,20.3,0.0,58.0,64.28571428571429,35.0,5.0,0.0,0.7766666666666667,0.2185714285714286,-1.5,0.21,-0.1250340136054422,0.3033333333333333,0.10571428571428572,-0.43,0.28,-0.012089041095890402,66.33333333333333,70.85714285714286,11.0,3.0,3.2891156462585087,55.0,70.0,49.0,-2.0,0.17006802721088832,57.0,76.14285714285714,49.0,2.0,10.986394557823132,79.66666666666667,83.28571428571429,2.0,2.0,4.676870748299322,85.66666666666667,80.71428571428571,0.0,16.0,14.370748299319729,54.333333333333336,69.42857142857143,32.0,-3.0,7.234693877551024,23.666666666666668,51.0,39.0,-14.0,-21.914965986394556,80.0,69.71428571428571,-21.0,10.0,4.278911564625844,88.33333333333333,92.0,10.0,3.0,2.4650349650349597,4500.0,2700.0,900.0,0.0,-3143.8775510204077,6300.0,4500.0,3600.0,3600.0,7261.224489795919,,,,,,,,,,,,,,,,,,,,,,,,,,,,,,,,,,,,,,,,,,,,,,,,,,,,,,,,18.5,16.12857142857143,-8.7,-9.2,-7.021768707482995,4.333333333333332,3.0714285714285703,-5.8,-10.2,-7.53673469387755,11.633333333333331,9.314285714285715,-8.299999999999999,-9.1,-6.757482993197279,62.666666666666664,64.0,-16.0,-23.0,-13.676870748299322,1016.4000000000002,1018.4571428571429,17.5,17.90000000000009,11.658843537415123,22.76666666666667,17.771428571428572,-9.899999999999999,6.5,3.0697278911564645,0.6666666666666679,1.2714285714285716,-2.0,-3.9,-2.8619047619047615,-17.5,-20.90000000000009,True,8.299999999999999,11.9,1,3,2,False,False,False,False,False,False,False,True,False,0,-0.4532443401217342,1
2026-03-25,87,-0.09,0.68,87,62,90,86,89,80,97,93,93.0,0,2700,,,,,,,,,,,,14.0,2.5,7.9,57,1026.1,16.4,0.0,70.0,68.0,8.0,36.0,8.0,0.4033333333333334,0.24428571428571436,0.010000000000000009,-1.12,-0.11503401360544217,0.41,0.20428571428571432,0.6200000000000001,0.32000000000000006,0.6079109589041096,78.0,74.0,8.0,35.0,11.289115646258509,52.333333333333336,70.57142857142857,-10.0,-8.0,-9.829931972789112,77.0,76.71428571428571,-5.0,60.0,5.986394557823132,83.33333333333333,82.14285714285714,3.0,11.0,7.676870748299322,96.33333333333333,83.28571428571429,-11.0,32.0,3.370748299319729,71.33333333333333,70.14285714285714,-3.0,51.0,4.234693877551024,46.0,57.714285714285715,57.0,67.0,35.085034013605444,90.66666666666667,75.57142857142857,14.0,32.0,18.278911564625844,87.0,91.14285714285714,4.0,-4.0,6.46503496503496,900.0,2700.0,-1800.0,-10800.0,-4943.877551020408,6900.0,4371.428571428572,-8100.0,1800.0,-838.7755102040815,,,,,,,,,,,,,,,,,,,,,,,,,,,,,,,,,,,,,,,,,,,,,,,,,,,,,,,,14.033333333333331,17.54285714285714,4.300000000000001,-13.399999999999999,-2.721768707482994,2.4333333333333327,4.028571428571428,3.0,-5.699999999999999,-4.53673469387755,8.666666666666664,10.500000000000002,3.0,-8.9,-3.7574829931972786,59.0,64.57142857142857,5.0,-11.0,-8.676870748299322,1022.3333333333335,1018.0857142857142,-3.1000000000001364,17.799999999999955,8.558843537414987,22.3,18.114285714285714,-3.900000000000002,-1.4000000000000021,-0.8302721088435376,0.6666666666666679,1.2714285714285716,0.0,0.0,-2.8619047619047615,3.1000000000001364,-14.399999999999864,False,3.0,5.299999999999999,2,3,2,False,False,False,False,False,False,False,False,False,0,-0.44560296404399735,0
2026-03-26,87,-0.14,0.51,86,66,90,97,98,69,98,89,93.0,900,7200,,,,,,,,,,,,26.3,9.5,17.7,52,1013.6,22.4,0.0,84.33333333333333,70.42857142857143,0.0,43.0,8.0,-0.10999999999999993,0.24571428571428575,-0.05000000000000002,-1.54,-0.16503401360544218,0.4166666666666667,0.26857142857142857,-0.17000000000000004,0.020000000000000018,0.4379109589041096,84.0,74.28571428571429,-1.0,18.0,10.289115646258509,66.66666666666667,66.14285714285714,4.0,43.0,-5.829931972789112,91.66666666666667,76.0,0.0,44.0,5.986394557823132,88.66666666666667,83.0,11.0,16.0,18.676870748299322,95.66666666666667,83.71428571428571,9.0,-2.0,12.370748299319729,77.33333333333333,67.14285714285714,-11.0,18.0,-6.765306122448976,78.33333333333333,59.57142857142857,1.0,97.0,36.085034013605444,87.0,78.28571428571429,-4.0,-11.0,14.278911564625844,91.66666666666667,90.28571428571429,0.0,14.0,6.46503496503496,900.0,2571.4285714285716,900.0,0.0,-4043.8775510204077,6900.0,5271.428571428572,4500.0,0.0,3661.2244897959185,,,,,,,,,,,,,,,,,,,,,,,,,,,,,,,,,,,,,,,,,,,,,,,,,,,,,,,,16.666666666666668,19.457142857142856,12.3,7.900000000000002,9.578231292517007,3.8333333333333326,5.442857142857142,7.0,4.2,2.46326530612245,10.166666666666664,12.22857142857143,9.799999999999999,4.5,6.04251700680272,53.666666666666664,62.714285714285715,-5.0,-16.0,-13.676870748299322,1022.9666666666667,1016.5714285714286,-12.499999999999886,1.8999999999999773,-3.9411564625848996,19.700000000000003,19.8,6.0,-7.800000000000001,5.169727891156462,0.0,1.2714285714285716,0.0,-2.0,-2.8619047619047615,12.499999999999886,15.600000000000023,True,9.799999999999999,12.799999999999999,3,3,2,False,False,False,False,False,False,False,True,True,0,-0.43954386804930545,0
2026-03-27,90,-0.34,-0.16,86,64,86,75,99,79,80,95,88.0,900,9900,,,,,,,,,,,,22.3,4.0,13.1,76,1014.6,21.8,10.3,88.0,73.14285714285714,3.0,11.0,11.0,-0.18999999999999995,0.20714285714285716,-0.2,-0.24000000000000002,-0.3650340136054422,0.3433333333333333,0.24571428571428572,-0.67,-0.22,-0.2320890410958904,86.33333333333333,76.28571428571429,0.0,7.0,10.289115646258509,64.0,61.57142857142857,-2.0,-8.0,-7.829931972789112,88.66666666666667,75.71428571428571,-4.0,-9.0,1.9863945578231323,86.0,82.57142857142857,-22.0,-8.0,-3.323129251700678,95.33333333333333,89.57142857142857,1.0,-1.0,13.370748299319729,76.0,68.14285714285714,10.0,-4.0,3.234693877551024,91.66666666666667,57.142857142857146,-18.0,40.0,18.085034013605444,92.33333333333333,83.71428571428571,6.0,16.0,20.278911564625844,91.33333333333333,89.28571428571429,-5.0,-1.0,1.4650349650349597,600.0,2442.8571428571427,0.0,-900.0,-4043.8775510204077,6600.0,6557.142857142857,2700.0,-900.0,6361.224489795919,,,,,,,,,,,,,,,,,,,,,,,,,,,,,,,,,,,,,,,,,,,,,,,,,,,,,,,,20.866666666666664,19.571428571428573,-4.0,12.600000000000001,5.578231292517007,5.333333333333333,5.528571428571428,-5.5,4.5,-3.03673469387755,12.899999999999999,12.514285714285716,-4.6,8.2,1.4425170068027207,61.666666666666664,64.0,24.0,24.0,10.323129251700678,1018.1,1016.4,1.0,-14.600000000000023,-2.9411564625848996,20.200000000000003,20.385714285714283,-0.5999999999999979,1.5,4.5697278911564645,3.433333333333335,2.314285714285714,10.3,10.3,7.438095238095239,-1.0,11.499999999999886,False,4.6,5.199999999999999,4,3,2,False,False,False,False,False,False,False,True,False,0,-0.41587349435396864,0
2026-03-28,93,-0.42,-0.19,90,80,83,89,100,80,79,100,88.0,900,1800,,,,,,,,,,,,8.8,0.4,4.7,50,1031.0,22.3,0.0,90.0,75.85714285714286,3.0,6.0,14.0,-0.29999999999999993,0.19142857142857148,-0.07999999999999996,-0.32999999999999996,-0.44503401360544215,0.05333333333333337,0.25,-0.03,-0.8700000000000001,-0.2620890410958904,87.33333333333333,78.28571428571429,4.0,3.0,14.289115646258509,70.0,62.42857142857143,16.0,18.0,8.170068027210888,86.33333333333333,74.28571428571429,-3.0,-7.0,-1.0136054421768677,87.0,83.71428571428571,14.0,3.0,10.676870748299322,99.0,91.85714285714286,1.0,11.0,14.370748299319729,76.0,67.28571428571429,1.0,0.0,4.234693877551024,85.66666666666667,60.714285714285715,-1.0,-18.0,17.085034013605444,94.66666666666667,88.14285714285714,5.0,7.0,25.278911564625844,89.66666666666667,89.57142857142857,0.0,-5.0,1.4650349650349597,900.0,2314.285714285714,0.0,900.0,-4043.8775510204077,6300.0,5785.714285714285,-8100.0,-900.0,-1738.7755102040815,,,,,,,,,,,,,,,,,,,,,,,,,,,,,,,,,,,,,,,,,,,,,,,,,,,,,,,,19.133333333333333,18.12857142857143,-13.5,-5.199999999999999,-7.921768707482993,4.633333333333333,4.199999999999998,-3.6,-2.1,-6.63673469387755,11.83333333333333,11.185714285714287,-8.399999999999999,-3.2,-6.957482993197279,59.333333333333336,60.42857142857143,-26.0,-7.0,-15.676870748299322,1019.7333333333336,1019.2142857142857,16.399999999999977,4.900000000000091,13.458843537415078,22.16666666666667,21.599999999999998,0.5,5.900000000000002,5.0697278911564645,3.433333333333335,1.757142857142857,-10.3,0.0,-2.8619047619047615,-16.399999999999977,-17.399999999999977,True,8.399999999999999,13.0,5,3,2,False,False,False,False,False,False,False,True,False,0,-0.4470612574510294,0
2026-03-29,85,-0.37,-0.24,69,81,48,62,75,65,83,70,85.0,900,9900,,,,,,,,,,,,15.6,-0.8,7.8,47,1032.6,20.4,0.0,89.33333333333333,80.71428571428571,-8.0,-2.0,6.0,-0.37666666666666665,-0.008571428571428555,0.04999999999999999,-0.22999999999999998,-0.39503401360544216,-0.19666666666666663,0.1642857142857143,-0.04999999999999999,-0.75,-0.3120890410958904,81.66666666666667,80.71428571428571,-21.0,-17.0,-6.710884353741491,75.0,64.0,1.0,15.0,9.170068027210888,72.33333333333333,76.85714285714286,-35.0,-42.0,-36.01360544217687,75.33333333333333,81.85714285714286,-27.0,-35.0,-16.323129251700678,91.33333333333333,94.42857142857143,-25.0,-23.0,-10.629251700680271,74.66666666666667,72.42857142857143,-15.0,-4.0,-10.765306122448976,80.66666666666667,68.28571428571429,4.0,-15.0,21.085034013605444,88.33333333333333,89.42857142857143,-30.0,-19.0,-4.721088435374156,87.0,87.85714285714286,-3.0,-8.0,-1.5349650349650403,900.0,900.0,0.0,0.0,-4043.8775510204077,7200.0,7071.428571428572,8100.0,2700.0,6361.224489795919,,,,,,,,,,,,,,,,,,,,,,,,,,,,,,,,,,,,,,,,,,,,,,,,,,,,,,,,15.566666666666668,16.442857142857143,6.799999999999999,-10.700000000000001,-1.1217687074829943,1.1999999999999995,2.914285714285714,-1.2000000000000002,-10.3,-7.83673469387755,8.533333333333331,9.900000000000002,3.0999999999999996,-9.899999999999999,-3.857482993197279,57.666666666666664,57.42857142857143,-3.0,-5.0,-18.676870748299322,1026.0666666666668,1022.6857142857143,1.599999999999909,18.999999999999886,15.058843537414987,21.500000000000004,21.97142857142857,-1.9000000000000021,-2.0,3.1697278911564624,3.433333333333335,1.757142857142857,0.0,0.0,-2.8619047619047615,-1.599999999999909,-17.999999999999886,False,3.0999999999999996,5.3,6,3,2,False,False,False,False,False,False,False,True,False,0,-0.42391713248607116,0
2026-03-30,81,-0.26,-0.29,79,71,97,70,79,70,100,76,85.0,900,9000,,,,,,,,,,,,20.8,10.4,14.9,59,1023.9,19.7,1.7,86.33333333333333,86.0,-4.0,-9.0,2.0,-0.3499999999999999,-0.2457142857142857,0.10999999999999999,0.08000000000000002,-0.28503401360544217,-0.2399999999999999,0.05285714285714287,-0.04999999999999999,-0.12999999999999998,-0.36208904109589035,79.33333333333333,82.28571428571429,10.0,-7.0,3.2891156462585087,77.33333333333333,70.85714285714286,-10.0,7.0,-0.8299319727891117,76.0,84.14285714285714,49.0,11.0,12.986394557823132,73.66666666666667,80.28571428571429,8.0,-5.0,-8.323129251700678,84.66666666666667,91.42857142857143,4.0,-20.0,-6.629251700680271,71.66666666666667,75.14285714285714,5.0,-9.0,-5.765306122448976,87.33333333333333,82.42857142857143,17.0,20.0,38.085034013605444,82.0,86.0,6.0,-19.0,1.2789115646258438,86.0,88.71428571428571,0.0,-3.0,-1.5349650349650403,900.0,900.0,0.0,0.0,-4043.8775510204077,6900.0,7328.571428571428,-900.0,-900.0,5461.224489795919,,,,,,,,,,,,,,,,,,,,,,,,,,,,,,,,,,,,,,,,,,,,,,,,,,,,,,,,15.066666666666668,16.785714285714285,5.200000000000001,-1.5,4.078231292517007,3.3333333333333326,3.6428571428571423,11.200000000000001,6.4,3.3632653061224502,9.133333333333331,10.142857142857142,7.1000000000000005,1.8000000000000007,3.2425170068027214,52.0,56.142857142857146,12.0,-17.0,-6.676870748299322,1029.1666666666667,1024.4285714285713,-8.699999999999932,9.299999999999955,6.358843537415055,20.800000000000004,20.47142857142857,-0.6999999999999993,-2.1000000000000014,2.469727891156463,0.5666666666666679,1.714285714285714,1.7,-8.600000000000001,-1.1619047619047616,8.699999999999932,7.100000000000023,True,7.1000000000000005,10.2,0,3,2,False,False,False,False,False,False,False,True,True,0,-0.4111515382708162,0
2026-03-31,92,-0.13,-0.26,89,71,97,86,96,85,100,89,77.0,0,9000,,,,,,,,,,,,28.5,15.7,21.9,51,1017.8,22.2,0.0,86.0,87.85714285714286,11.0,-1.0,13.0,-0.25333333333333324,-0.24999999999999994,0.13,0.29,-0.15503401360544217,-0.26333333333333325,0.00714285714285715,0.02999999999999997,-0.07,-0.33208904109589044,79.0,83.71428571428571,10.0,-1.0,13.289115646258509,74.33333333333333,70.71428571428571,0.0,-9.0,-0.8299319727891117,80.66666666666667,84.42857142857143,0.0,14.0,12.986394557823132,72.66666666666667,80.71428571428571,16.0,-3.0,7.676870748299322,83.33333333333333,90.85714285714286,17.0,-4.0,10.370748299319729,73.33333333333333,75.42857142857143,15.0,5.0,9.234693877551024,94.33333333333333,91.0,0.0,21.0,38.085034013605444,78.33333333333333,87.42857142857143,13.0,-11.0,14.278911564625844,82.33333333333333,87.0,-8.0,-11.0,-9.53496503496504,600.0,642.8571428571429,-900.0,-900.0,-4943.877551020408,9300.0,7071.428571428572,0.0,7200.0,5461.224489795919,,,,,,,,,,,,,,,,,,,,,,,,,,,,,,,,,,,,,,,,,,,,,,,,,,,,,,,,21.633333333333336,19.47142857142857,7.699999999999999,19.7,11.778231292517006,8.433333333333332,5.957142857142856,5.299999999999999,15.299999999999999,8.66326530612245,14.866666666666665,12.571428571428573,6.999999999999998,17.2,10.24251700680272,52.333333333333336,56.0,-8.0,1.0,-14.676870748299322,1024.7666666666667,1022.8,-6.100000000000023,-13.200000000000045,0.2588435374150322,20.76666666666667,20.74285714285714,2.5,-0.10000000000000142,4.969727891156463,0.5666666666666679,1.714285714285714,-1.7,0.0,-2.8619047619047615,6.100000000000023,14.799999999999955,True,6.999999999999998,14.099999999999998,1,3,2,False,False,False,False,False,False,False,False,True,0,-0.4341819888284674,0
2026-04-01,95,-0.21,-0.25,94,95,96,91,96,91,92,95,83.0,3600,3600,,,,,,,,,,,,30.1,18.6,23.6,55,1017.1,21.2,0.9,89.33333333333333,89.0,3.0,10.0,16.0,-0.19999999999999993,-0.2671428571428571,-0.07999999999999999,0.16,-0.23503401360544218,-0.2666666666666666,-0.12571428571428572,0.010000000000000009,-0.010000000000000009,-0.3220890410958904,87.33333333333333,84.71428571428571,5.0,25.0,18.28911564625851,79.0,75.42857142857143,24.0,14.0,23.17006802721089,96.66666666666667,85.28571428571429,-1.0,48.0,11.986394557823132,82.33333333333333,81.42857142857143,5.0,29.0,12.676870748299322,90.33333333333333,91.85714285714286,0.0,21.0,10.370748299319729,82.0,77.0,6.0,26.0,15.234693877551024,97.33333333333333,90.28571428571429,-8.0,9.0,30.085034013605444,86.66666666666667,87.71428571428571,6.0,25.0,20.278911564625844,81.66666666666667,85.57142857142857,6.0,-2.0,-3.5349650349650403,1500.0,1157.142857142857,3600.0,2700.0,-1343.8775510204077,7200.0,7200.0,-5400.0,-6300.0,61.224489795918544,,,,,,,,,,,,,,,,,,,,,,,,,,,,,,,,,,,,,,,,,,,,,,,,,,,,,,,,26.46666666666667,21.771428571428572,1.6000000000000014,14.500000000000002,13.378231292517007,14.9,8.257142857142856,2.900000000000002,19.400000000000002,11.563265306122451,20.13333333333333,14.814285714285715,1.7000000000000028,15.8,11.942517006802722,55.0,55.714285714285715,4.0,8.0,-10.676870748299322,1019.6,1021.5142857142857,-0.6999999999999318,-15.499999999999886,-0.4411564625848996,21.033333333333335,21.428571428571427,-1.0,0.8000000000000007,3.969727891156463,0.8666666666666679,1.8428571428571427,0.9,0.9,-1.9619047619047616,0.6999999999999318,6.7999999999999545,False,1.7000000000000028,8.700000000000001,2,4,2,False,False,False,False,False,False,False,True,False,0,-0.4330393349631397,0
2026-04-02,92,-0.27,-0.21,86,67,79,35,100,89,100,100,80.0,0,9000,,,,,,,,,,,,18.6,8.8,13.6,87,1024.6,17.7,0.5,93.0,89.71428571428571,-3.0,11.0,13.0,-0.20333333333333325,-0.28571428571428564,-0.060000000000000026,-0.010000000000000009,-0.2950340136054422,-0.23999999999999996,-0.2285714285714286,0.04000000000000001,0.07999999999999999,-0.2820890410958904,89.66666666666667,84.71428571428571,-8.0,7.0,10.289115646258509,77.66666666666667,75.57142857142857,-28.0,-4.0,-4.829931972789112,90.66666666666667,83.71428571428571,-17.0,-18.0,-5.013605442176868,70.66666666666667,72.57142857142857,-56.0,-35.0,-43.32312925170068,97.33333333333333,92.14285714285714,4.0,21.0,14.370748299319729,88.33333333333333,79.85714285714286,-2.0,19.0,13.234693877551024,97.33333333333333,90.57142857142857,8.0,0.0,38.085034013605444,94.66666666666667,89.28571428571429,5.0,24.0,25.278911564625844,80.0,83.71428571428571,-3.0,-5.0,-6.53496503496504,1200.0,1028.5714285714287,-3600.0,-900.0,-4943.877551020408,7200.0,7457.142857142857,5400.0,0.0,5461.224489795919,,,,,,,,,,,,,,,,,,,,,,,,,,,,,,,,,,,,,,,,,,,,,,,,,,,,,,,,25.733333333333334,20.67142857142857,-11.5,-2.1999999999999993,1.8782312925170075,14.366666666666667,8.157142857142857,-9.8,-1.5999999999999996,1.7632653061224506,19.699999999999996,14.22857142857143,-10.000000000000002,-1.3000000000000007,1.9425170068027207,64.33333333333333,60.714285714285715,32.0,28.0,21.323129251700678,1019.8333333333334,1023.0857142857142,7.499999999999886,0.6999999999999318,7.058843537414987,20.36666666666667,20.75714285714286,-3.5,-2.0,0.4697278911564631,0.46666666666666784,1.9142857142857141,-0.4,-1.2,-2.3619047619047615,-7.499999999999886,-6.7999999999999545,True,10.000000000000002,8.299999999999999,3,4,2,False,False,False,False,False,False,False,False,False,0,-0.43486090082180445,0
2026-04-03,94,0.0,-0.07,83,58,90,83,90,78,100,85,76.0,900,6300,,,,,,,,,,,,27.9,7.8,17.3,70,1023.9,15.2,0.1,93.66666666666667,90.28571428571429,2.0,2.0,15.0,-0.15999999999999992,-0.2371428571428571,0.27,0.13,-0.025034013605442176,-0.1766666666666666,-0.21571428571428572,0.13999999999999999,0.19,-0.1420890410958904,87.66666666666667,84.28571428571429,-3.0,-6.0,7.289115646258509,73.33333333333333,74.71428571428571,-9.0,-13.0,-13.829931972789112,88.33333333333333,84.28571428571429,11.0,-7.0,5.986394557823132,69.66666666666667,73.71428571428571,48.0,-3.0,4.676870748299322,95.33333333333333,90.85714285714286,-10.0,-6.0,4.370748299319729,86.0,79.71428571428571,-11.0,-7.0,2.234693877551024,97.33333333333333,93.42857142857143,0.0,0.0,38.085034013605444,93.33333333333333,87.85714285714286,-15.0,-4.0,10.278911564625844,79.66666666666667,82.0,-4.0,-1.0,-10.53496503496504,1500.0,1028.5714285714287,900.0,900.0,-4043.8775510204077,6300.0,6942.857142857143,-2700.0,-2700.0,2761.2244897959185,,,,,,,,,,,,,,,,,,,,,,,,,,,,,,,,,,,,,,,,,,,,,,,,,,,,,,,,25.53333333333333,21.47142857142857,9.299999999999997,-0.6000000000000014,11.178231292517005,11.733333333333333,8.7,-1.0000000000000009,-7.8999999999999995,0.7632653061224497,18.166666666666664,14.828571428571431,3.700000000000001,-4.599999999999998,5.642517006802722,70.66666666666667,59.857142857142854,-17.0,19.0,4.323129251700678,1021.8666666666668,1024.4142857142856,-0.6999999999999318,6.100000000000023,6.358843537415055,18.033333333333335,19.814285714285713,-2.5,-7.0,-2.030272108843537,0.5000000000000012,0.4571428571428569,-0.4,0.1,-2.7619047619047614,0.6999999999999318,-6.7999999999999545,False,3.700000000000001,6.300000000000001,4,4,2,False,False,False,False,False,False,False,True,False,0,-0.4002500751361123,0
2026-04-04,95,-0.12,-0.16,86,96,93,91,95,78,100,77,84.0,4500,6300,,,,,,,,,,,,30.0,17.5,23.9,56,1018.9,19.3,0.0,93.66666666666667,90.57142857142857,1.0,0.0,16.0,-0.12999999999999992,-0.19428571428571423,-0.12,0.09,-0.14503401360544216,-0.1466666666666666,-0.21142857142857144,-0.09,0.09,-0.2320890410958904,85.0,83.71428571428571,3.0,-8.0,10.289115646258509,73.66666666666667,77.0,38.0,1.0,24.17006802721089,87.33333333333333,85.71428571428571,3.0,-3.0,8.986394557823132,69.66666666666667,74.0,8.0,0.0,12.676870748299322,95.0,90.14285714285714,5.0,-1.0,9.370748299319729,81.66666666666667,79.42857142857143,0.0,-13.0,2.234693877551024,100.0,96.42857142857143,0.0,8.0,38.085034013605444,87.33333333333333,84.57142857142857,-8.0,-18.0,2.2789115646258438,80.0,81.42857142857143,8.0,1.0,-2.5349650349650403,1800.0,1542.857142857143,3600.0,900.0,-443.87755102040774,7200.0,7585.714285714285,0.0,2700.0,2761.2244897959185,,,,,,,,,,,,,,,,,,,,,,,,,,,,,,,,,,,,,,,,,,,,,,,,,,,,,,,,25.5,24.5,2.1000000000000014,-0.10000000000000142,13.278231292517006,11.366666666666665,11.142857142857142,9.7,-1.1000000000000014,10.46326530612245,18.266666666666662,17.571428571428573,6.599999999999998,0.29999999999999716,12.24251700680272,71.0,60.714285714285715,-14.0,1.0,-9.676870748299322,1022.4666666666667,1022.6857142857143,-5.0,1.7999999999999545,1.358843537415055,17.400000000000002,19.385714285714283,4.100000000000001,-1.8999999999999986,2.0697278911564645,0.20000000000000118,0.4571428571428569,-0.1,-0.9,-2.8619047619047615,5.0,5.699999999999932,False,6.599999999999998,10.299999999999999,5,4,2,False,False,False,False,False,False,False,True,False,0,-0.41800280631228265,0
2026-04-05,93,-0.3,-0.2,85,85,76,81,96,84,65,91,85.0,900,4500,,,,,,,,,,,,23.2,10.6,18.0,67,1012.7,26.8,15.1,94.0,91.71428571428571,-2.0,1.0,14.0,-0.13999999999999993,-0.18428571428571425,-0.18,-0.02999999999999997,-0.32503401360544215,-0.14333333333333328,-0.2057142857142857,-0.04000000000000001,0.009999999999999981,-0.2720890410958904,84.66666666666667,86.0,-1.0,-1.0,9.289115646258509,79.66666666666667,77.57142857142857,-11.0,18.0,13.170068027210888,86.33333333333333,89.71428571428571,-17.0,-3.0,-8.013605442176868,85.0,76.71428571428571,-10.0,46.0,2.676870748299322,93.66666666666667,93.14285714285714,1.0,-4.0,10.370748299319729,80.0,82.14285714285714,6.0,-5.0,8.234693877551024,88.33333333333333,93.85714285714286,-35.0,-35.0,3.085034013605444,84.33333333333333,87.57142857142857,14.0,-9.0,16.278911564625844,81.66666666666667,81.42857142857143,1.0,5.0,-1.5349650349650403,2100.0,1542.857142857143,-3600.0,900.0,-4043.8775510204077,5700.0,6814.285714285715,-1800.0,-4500.0,961.2244897959185,,,,,,,,,,,,,,,,,,,,,,,,,,,,,,,,,,,,,,,,,,,,,,,,,,,,,,,,27.03333333333333,25.585714285714285,-6.800000000000001,4.599999999999998,6.478231292517005,11.966666666666667,12.77142857142857,-6.9,1.799999999999999,3.5632653061224495,19.73333333333333,19.028571428571432,-5.899999999999999,4.4,6.342517006802721,64.33333333333333,63.57142857142857,11.0,-20.0,1.3231292517006779,1018.5000000000001,1019.842857142857,-6.199999999999932,-11.899999999999864,-4.841156462584877,20.433333333333337,20.3,7.5,9.100000000000001,9.569727891156464,5.066666666666667,2.614285714285714,15.1,14.6,12.238095238095237,6.199999999999932,11.199999999999932,True,5.899999999999999,0.6999999999999993,6,4,2,False,False,False,False,False,False,False,True,True,0,-0.42381201510961325,0
2026-04-06,90,-0.17,-0.07,91,83,93,75,88,91,100,94,87.0,0,18900,,,,,,,,,,,,15.6,6.0,11.0,48,1018.9,19.9,0.0,92.66666666666667,93.0,-3.0,-4.0,11.0,-0.19666666666666657,-0.1714285714285714,0.12999999999999998,-0.17,-0.1950340136054422,-0.14333333333333328,-0.1742857142857143,0.13,0.0,-0.1420890410958904,87.33333333333333,87.71428571428571,6.0,8.0,15.289115646258509,88.0,79.28571428571429,-2.0,25.0,11.170068027210888,87.33333333333333,89.14285714285714,17.0,3.0,8.986394557823132,82.33333333333333,77.42857142857143,-6.0,-8.0,-3.323129251700678,93.0,94.42857142857143,-8.0,-2.0,2.370748299319729,84.33333333333333,85.14285714285714,7.0,13.0,15.234693877551024,88.33333333333333,93.85714285714286,35.0,0.0,38.085034013605444,87.33333333333333,90.14285714285714,3.0,9.0,19.278911564625844,85.33333333333333,81.71428571428571,2.0,11.0,0.46503496503495967,1800.0,1414.2857142857142,-900.0,-900.0,-4943.877551020408,9900.0,8228.57142857143,14400.0,12600.0,15361.224489795919,,,,,,,,,,,,,,,,,,,,,,,,,,,,,,,,,,,,,,,,,,,,,,,,,,,,,,,,22.933333333333334,24.842857142857145,-7.6,-12.299999999999999,-1.1217687074829943,11.366666666666665,12.142857142857142,-4.6,-1.7999999999999998,-1.0367346938775501,17.63333333333333,18.47142857142857,-7.0,-6.300000000000001,-0.657482993197279,57.0,62.0,-19.0,-22.0,-17.676870748299322,1016.8333333333335,1019.1285714285714,6.199999999999932,-5.0,1.358843537415055,22.0,20.32857142857143,-6.900000000000002,4.699999999999999,2.6697278911564624,5.033333333333334,2.3714285714285714,-15.1,-0.1,-2.8619047619047615,-6.199999999999932,-0.0,True,7.0,12.899999999999999,0,4,2,False,False,False,False,False,False,False,False,False,0,-0.4501851103446079,1
2026-04-07,84,-0.08,-0.11,72,81,88,22,71,75,92,73,85.0,0,2700,,,,,,,,,,,,12.7,5.0,9.3,46,1024.9,21.5,0.0,89.0,91.85714285714286,-6.0,-11.0,5.0,-0.18333333333333326,-0.16428571428571423,0.09000000000000001,0.039999999999999994,-0.10503401360544218,-0.12666666666666662,-0.15285714285714286,-0.039999999999999994,0.05,-0.1820890410958904,82.66666666666667,85.28571428571429,-19.0,-14.0,-3.7108843537414913,83.0,80.71428571428571,-2.0,-15.0,9.170068027210888,85.66666666666667,87.85714285714286,-5.0,-5.0,3.9863945578231323,59.333333333333336,68.28571428571429,-53.0,-69.0,-56.32312925170068,85.0,90.85714285714286,-17.0,-24.0,-14.629251700680271,83.33333333333333,83.71428571428571,-16.0,-3.0,-0.7653061224489761,85.66666666666667,92.71428571428571,-8.0,-8.0,30.085034013605444,86.0,87.85714285714286,-21.0,-4.0,-1.7210884353741562,85.66666666666667,82.85714285714286,-2.0,1.0,-1.5349650349650403,300.0,1414.2857142857142,0.0,-4500.0,-4943.877551020408,8700.0,7328.571428571428,-16200.0,-3600.0,-838.7755102040815,,,,,,,,,,,,,,,,,,,,,,,,,,,,,,,,,,,,,,,,,,,,,,,,,,,,,,,,17.166666666666664,22.585714285714285,-2.9000000000000004,-17.3,-4.021768707482995,7.199999999999998,10.614285714285714,-1.0,-12.5,-2.03673469387755,12.766666666666666,16.671428571428574,-1.6999999999999993,-14.599999999999998,-2.3574829931972783,53.666666666666664,61.285714285714285,-2.0,-10.0,-19.676870748299322,1018.8333333333336,1020.1428571428571,6.000000000000114,6.000000000000114,7.358843537415169,22.733333333333338,20.228571428571428,1.6000000000000014,2.1999999999999993,4.269727891156464,5.033333333333334,2.3714285714285714,0.0,0.0,-2.8619047619047615,-6.000000000000114,-12.200000000000045,True,1.6999999999999993,8.7,1,4,2,False,False,False,False,False,False,False,False,False,0,-0.4398153102696124,0
2026-04-08,87,-0.74,-0.42,76,83,93,89,72,86,84,59,79.0,3600,7200,,,,,,,,,,,,11.4,-0.1,5.6,42,1034.9,12.2,0.0,87.0,90.71428571428571,3.0,-6.0,8.0,-0.3299999999999999,-0.23999999999999996,-0.66,-0.44,-0.7650340136054422,-0.19999999999999996,-0.17714285714285713,-0.31,-0.21999999999999997,-0.49208904109589036,79.66666666666667,82.71428571428571,4.0,-9.0,0.2891156462585087,82.33333333333333,79.0,2.0,-2.0,11.170068027210888,91.33333333333333,87.42857142857143,5.0,17.0,8.986394557823132,62.0,68.0,67.0,8.0,10.676870748299322,77.0,87.42857142857143,1.0,-24.0,-13.629251700680271,84.0,83.0,11.0,2.0,10.234693877551024,92.0,91.57142857142857,-8.0,19.0,22.085034013605444,75.33333333333333,82.71428571428571,-14.0,-32.0,-15.721088435374156,83.66666666666667,82.28571428571429,-6.0,-6.0,-7.53496503496504,1200.0,1414.2857142857142,3600.0,2700.0,-1343.8775510204077,9600.0,7842.857142857143,4500.0,2700.0,3661.2244897959185,,,,,,,,,,,,,,,,,,,,,,,,,,,,,,,,,,,,,,,,,,,,,,,,,,,,,,,,13.233333333333333,19.91428571428571,-1.299999999999999,-11.799999999999999,-5.321768707482994,3.6333333333333324,7.942857142857142,-5.1,-10.7,-7.13673469387755,8.633333333333331,14.1,-3.700000000000001,-12.4,-6.057482993197279,45.333333333333336,59.42857142857143,-4.0,-25.0,-23.676870748299322,1026.2333333333336,1022.6857142857142,10.0,22.200000000000045,17.35884353741517,17.86666666666667,18.942857142857143,-9.3,-14.600000000000001,-5.030272108843537,0.0,2.242857142857143,0.0,-15.1,-2.8619047619047615,-10.0,-16.000000000000114,True,3.700000000000001,5.4,2,4,2,False,False,False,False,False,False,False,True,False,0,-0.4485804831713606,0
2026-04-09,88,-0.02,-0.07,93,77,96,78,100,88,100,100,90.0,0,2700,,,,,,,,,,,,16.5,0.8,8.4,59,1033.4,11.5,0.0,86.33333333333333,90.14285714285714,1.0,-2.0,9.0,-0.2799999999999999,-0.20428571428571424,0.72,0.15000000000000002,-0.04503401360544218,-0.19999999999999993,-0.15714285714285717,0.35,0.0,-0.1420890410958904,80.33333333333333,83.71428571428571,17.0,2.0,17.28911564625851,80.33333333333333,80.42857142857143,-6.0,-6.0,5.170068027210888,92.33333333333333,89.85714285714286,3.0,3.0,11.986394557823132,63.0,74.14285714285714,-11.0,3.0,-0.32312925170067786,81.0,87.42857142857143,28.0,12.0,14.370748299319729,83.0,82.85714285714286,2.0,-3.0,12.234693877551024,92.0,91.57142857142857,16.0,0.0,38.085034013605444,77.33333333333333,82.71428571428571,41.0,6.0,25.278911564625844,84.66666666666667,83.71428571428571,11.0,3.0,3.4650349650349597,1200.0,1414.2857142857142,-3600.0,0.0,-4943.877551020408,4200.0,6942.857142857143,-4500.0,-16200.0,-838.7755102040815,,,,,,,,,,,,,,,,,,,,,,,,,,,,,,,,,,,,,,,,,,,,,,,,,,,,,,,,13.533333333333331,19.614285714285717,5.1,0.9000000000000004,-0.22176870748299393,1.8999999999999988,6.799999999999999,0.9,-5.2,-6.23673469387755,7.766666666666665,13.35714285714286,2.8000000000000007,-2.5999999999999996,-3.2574829931972786,49.0,55.42857142857143,17.0,11.0,-6.676870748299322,1031.0666666666668,1023.9428571428572,-1.5,14.500000000000114,15.858843537415169,15.066666666666668,18.057142857142857,-0.6999999999999993,-8.399999999999999,-5.730272108843536,0.0,2.1714285714285713,0.0,0.0,-2.8619047619047615,1.5,-8.5,False,2.8000000000000007,0.9000000000000004,3,4,2,False,False,False,False,False,False,False,False,False,0,-0.42131477972967557,0
2026-04-10,92,0.08,-0.13,91,82,90,94,96,82,100,93,90.0,0,6300,,,,,,,,,,,,24.5,5.1,14.4,60,1025.5,17.3,0.0,89.0,89.85714285714286,4.0,8.0,13.0,-0.22666666666666657,-0.1928571428571428,0.1,0.16,0.054965986394557825,-0.20666666666666664,-0.1657142857142857,-0.06,-0.020000000000000004,-0.2020890410958904,86.66666666666667,84.85714285714286,-2.0,19.0,15.289115646258509,80.66666666666667,83.85714285714286,5.0,1.0,10.170068027210888,93.0,89.85714285714286,-6.0,2.0,5.986394557823132,87.0,75.71428571428571,16.0,72.0,15.676870748299322,89.33333333333333,88.28571428571429,-4.0,25.0,10.370748299319729,85.33333333333333,83.42857142857143,-6.0,7.0,6.234693877551024,94.66666666666667,91.57142857142857,0.0,8.0,38.085034013605444,84.0,83.85714285714286,-7.0,20.0,18.278911564625844,86.33333333333333,85.71428571428571,0.0,5.0,3.4650349650349597,1200.0,1285.7142857142858,0.0,0.0,-4943.877551020408,5400.0,6942.857142857143,3600.0,3600.0,2761.2244897959185,,,,,,,,,,,,,,,,,,,,,,,,,,,,,,,,,,,,,,,,,,,,,,,,,,,,,,,,17.466666666666665,19.128571428571426,8.0,11.8,7.778231292517006,1.933333333333332,6.414285714285714,4.3,0.09999999999999964,-1.9367346938775505,9.466666666666663,12.942857142857145,6.0,5.1,2.7425170068027214,53.666666666666664,54.0,1.0,14.0,-5.676870748299322,1031.2666666666669,1024.1714285714286,-7.900000000000091,0.599999999999909,7.958843537415078,13.666666666666671,18.357142857142858,5.800000000000001,-4.199999999999999,0.0697278911564645,0.0,2.157142857142857,0.0,0.0,-2.8619047619047615,7.900000000000091,9.400000000000091,True,6.0,8.8,4,4,2,False,False,False,False,False,False,False,False,True,0,-0.42616805241019345,0
2026-04-11,89,-0.45,-0.45,81,76,90,91,79,75,100,74,88.0,2700,1800,,,,,,,,,,,,21.6,13.9,17.7,46,1024.1,16.9,0.0,89.66666666666667,89.0,-3.0,2.0,10.0,-0.12999999999999992,-0.23999999999999996,-0.53,0.29,-0.4750340136054422,-0.21666666666666665,-0.20714285714285716,-0.32,-0.030000000000000027,-0.5220890410958904,88.33333333333333,84.14285714285714,-10.0,5.0,5.289115646258509,78.33333333333333,81.0,-6.0,-7.0,4.170068027210888,92.0,89.42857142857143,0.0,-3.0,5.986394557823132,87.66666666666667,75.71428571428571,-3.0,2.0,12.676870748299322,91.66666666666667,86.0,-17.0,7.0,-6.629251700680271,81.66666666666667,83.0,-7.0,-11.0,-0.7653061224489761,100.0,91.57142857142857,0.0,16.0,38.085034013605444,89.0,83.42857142857143,-19.0,15.0,-0.7210884353741562,89.33333333333333,86.28571428571429,-2.0,9.0,1.4650349650349597,900.0,1028.5714285714287,2700.0,-900.0,-2243.8775510204077,3600.0,6300.0,-4500.0,-5400.0,-1738.7755102040815,,,,,,,,,,,,,,,,,,,,,,,,,,,,,,,,,,,,,,,,,,,,,,,,,,,,,,,,20.866666666666667,17.928571428571427,-2.8999999999999986,10.200000000000001,4.8782312925170075,6.599999999999999,5.8999999999999995,8.8,14.0,6.86326530612245,13.499999999999998,12.057142857142859,3.299999999999999,12.1,6.04251700680272,55.0,52.57142857142857,-14.0,4.0,-19.676870748299322,1027.6666666666667,1024.9142857142856,-1.400000000000091,-10.800000000000182,6.558843537414987,15.233333333333336,18.014285714285712,-0.40000000000000213,4.699999999999999,-0.33027210884353764,0.0,2.157142857142857,0.0,0.0,-2.8619047619047615,1.400000000000091,9.300000000000182,False,3.299999999999999,9.299999999999999,5,4,2,False,False,False,False,False,False,False,True,False,0,-0.4210009147273774,0
2026-04-12,87,0.06,0.04,80,56,81,81,95,60,100,84,88.0,900,4500,,,,,,,,,,,,22.3,8.4,15.6,48,1028.4,19.0,0.0,89.33333333333333,88.14285714285714,-2.0,-1.0,8.0,-0.10333333333333326,-0.18857142857142856,0.51,0.08,0.03496598639455782,-0.17999999999999994,-0.17285714285714285,0.49,0.11000000000000001,-0.0320890410958904,84.0,83.42857142857143,-1.0,-13.0,4.289115646258509,71.33333333333333,76.85714285714286,-20.0,-21.0,-15.829931972789112,87.0,90.14285714285714,-9.0,-15.0,-3.0136054421768677,88.66666666666667,75.71428571428571,-10.0,3.0,2.676870748299322,90.0,85.85714285714286,16.0,-5.0,9.370748299319729,72.33333333333333,79.57142857142857,-15.0,-28.0,-15.765306122448976,100.0,96.57142857142857,0.0,0.0,38.085034013605444,83.66666666666667,82.42857142857143,10.0,-16.0,9.278911564625844,88.66666666666667,86.71428571428571,0.0,-2.0,1.4650349650349597,1200.0,1028.5714285714287,-1800.0,900.0,-4043.8775510204077,4200.0,6300.0,2700.0,1800.0,961.2244897959185,,,,,,,,,,,,,,,,,,,,,,,,,,,,,,,,,,,,,,,,,,,,,,,,,,,,,,,,22.799999999999997,17.8,0.6999999999999993,5.800000000000001,5.578231292517007,9.133333333333331,5.5857142857142845,-5.5,7.6000000000000005,1.3632653061224502,15.899999999999999,11.714285714285714,-2.0999999999999996,7.199999999999999,3.9425170068027207,51.333333333333336,49.857142857142854,2.0,-11.0,-17.676870748299322,1026.0000000000002,1027.1571428571428,4.300000000000182,-5.0,10.858843537415169,17.733333333333338,16.9,2.1000000000000014,7.5,1.7697278911564638,0.0,0.0,0.0,0.0,-2.8619047619047615,-4.300000000000182,-2.900000000000091,False,2.0999999999999996,1.1999999999999993,6,4,2,False,False,False,False,False,False,False,True,False,0,-0.41550542375084515,0
2026-04-13,90,-0.21,-0.12,77,76,81,51,86,72,100,77,86.0,2700,900,,,,,,,,,,,,26.9,14.5,21.6,55,1019.9,24.0,0.4,88.66666666666667,88.14285714285714,3.0,-2.0,11.0,-0.19999999999999993,-0.19428571428571423,-0.27,-0.29,-0.23503401360544218,-0.1766666666666666,-0.18,-0.16,0.010000000000000009,-0.1920890410958904,79.33333333333333,81.42857142857143,-3.0,-14.0,1.2891156462585087,69.33333333333333,75.85714285714286,20.0,-6.0,4.170068027210888,84.0,88.42857142857143,0.0,-9.0,-3.0136054421768677,74.33333333333333,72.28571428571429,-30.0,-43.0,-27.323129251700678,86.66666666666667,85.57142857142857,-9.0,-10.0,0.37074829931972886,69.0,76.85714285714286,12.0,-10.0,-3.765306122448976,100.0,96.57142857142857,0.0,0.0,38.085034013605444,78.33333333333333,80.0,-7.0,-16.0,2.2789115646258438,87.33333333333333,86.57142857142857,-2.0,-4.0,-0.5349650349650403,2100.0,1414.2857142857142,1800.0,2700.0,-2243.8775510204077,2400.0,3728.5714285714284,-3600.0,-5400.0,-2638.7755102040815,,,,,,,,,,,,,,,,,,,,,,,,,,,,,,,,,,,,,,,,,,,,,,,,,,,,,,,,23.599999999999998,19.414285714285715,4.599999999999998,2.3999999999999986,10.178231292517005,12.266666666666666,6.799999999999999,6.1,9.4,7.46326530612245,18.3,13.22857142857143,6.000000000000002,7.200000000000001,9.942517006802722,49.666666666666664,50.857142857142854,7.0,-5.0,-10.676870748299322,1024.1333333333334,1027.3,-8.500000000000114,-5.600000000000023,2.358843537415055,19.96666666666667,17.485714285714288,5.0,6.699999999999999,6.769727891156464,0.13333333333333452,0.05714285714285715,0.4,0.4,-2.4619047619047616,8.500000000000114,4.199999999999932,True,6.000000000000002,3.900000000000002,0,4,2,False,False,False,False,False,False,False,True,True,0,-0.4121019680343566,0
2026-04-14,82,-0.18,-0.21,78,73,95,97,75,70,93,68,89.0,1800,900,,,,,,,,,,,,30.7,15.8,23.9,50,1016.1,17.4,0.2,86.33333333333333,87.85714285714286,-8.0,-7.0,3.0,-0.10999999999999992,-0.20857142857142855,0.03,0.27,-0.20503401360544216,-0.09666666666666661,-0.19428571428571426,-0.09,0.24000000000000002,-0.2820890410958904,78.33333333333333,82.28571428571429,1.0,-3.0,2.2891156462585087,68.33333333333333,74.71428571428571,-3.0,-3.0,1.1700680272108883,85.66666666666667,89.42857142857143,14.0,5.0,10.986394557823132,76.33333333333333,83.0,46.0,6.0,18.676870748299322,85.33333333333333,86.14285714285714,-11.0,-4.0,-10.629251700680271,67.33333333333333,76.14285714285714,-2.0,-5.0,-5.765306122448976,97.66666666666667,96.71428571428571,-7.0,-7.0,31.085034013605444,76.33333333333333,79.28571428571429,-9.0,-6.0,-6.721088435374156,87.66666666666667,87.14285714285714,3.0,1.0,2.4650349650349597,1800.0,1671.4285714285713,-900.0,-900.0,-3143.8775510204077,2100.0,3471.4285714285716,0.0,-900.0,-2638.7755102040815,,,,,,,,,,,,,,,,,,,,,,,,,,,,,,,,,,,,,,,,,,,,,,,,,,,,,,,,26.633333333333336,21.985714285714288,3.8000000000000007,9.099999999999998,13.978231292517005,12.899999999999999,8.342857142857143,1.3000000000000007,1.9000000000000004,8.76326530612245,20.366666666666664,15.314285714285717,2.299999999999997,6.199999999999999,12.24251700680272,51.0,51.42857142857143,-5.0,4.0,-15.676870748299322,1021.4666666666668,1026.0428571428572,-3.7999999999999545,-7.999999999999886,-1.4411564625848996,20.133333333333336,16.9,-6.600000000000001,0.5,0.16972789115646236,0.2000000000000012,0.08571428571428573,-0.2,0.2,-2.6619047619047613,3.7999999999999545,12.300000000000068,False,2.299999999999997,8.299999999999999,1,4,2,False,False,False,False,False,False,False,True,False,0,-0.3961012603801496,0
2026-04-15,82,-0.12,-0.04,79,85,95,83,71,67,100,73,94.0,3600,900,,,,,,,,,,,,32.9,17.0,25.3,54,1014.0,14.4,0.1,84.66666666666667,87.14285714285714,0.0,-5.0,3.0,-0.16999999999999993,-0.11999999999999995,0.06,-0.18,-0.14503401360544216,-0.12333333333333325,-0.13999999999999999,0.16999999999999998,-0.08,-0.11208904109589041,78.0,82.71428571428571,1.0,-1.0,3.2891156462585087,78.0,75.0,12.0,29.0,13.170068027210888,90.33333333333333,89.71428571428571,0.0,14.0,10.986394557823132,77.0,82.14285714285714,-14.0,2.0,4.676870748299322,77.33333333333333,86.0,-4.0,-24.0,-14.629251700680271,69.66666666666667,73.42857142857143,-3.0,7.0,-8.765306122448976,97.66666666666667,99.0,7.0,0.0,38.085034013605444,72.66666666666667,81.28571428571429,5.0,-11.0,-1.7210884353741562,89.66666666666667,89.28571428571429,5.0,6.0,7.46503496503496,2700.0,1671.4285714285713,1800.0,2700.0,-1343.8775510204077,900.0,2571.4285714285716,0.0,-3600.0,-2638.7755102040815,,,,,,,,,,,,,,,,,,,,,,,,,,,,,,,,,,,,,,,,,,,,,,,,,,,,,,,,30.166666666666668,25.057142857142857,2.1999999999999993,10.599999999999998,16.178231292517005,15.766666666666666,10.785714285714286,1.1999999999999993,8.6,9.96326530612245,23.599999999999998,18.12857142857143,1.4000000000000021,9.700000000000001,13.642517006802722,53.0,53.142857142857146,4.0,6.0,-11.676870748299322,1016.6666666666669,1023.0571428571428,-2.1000000000000227,-14.400000000000091,-3.5411564625849223,18.6,17.214285714285715,-2.9999999999999982,-4.6,-2.830272108843536,0.23333333333333453,0.1,-0.1,0.1,-2.7619047619047614,2.1000000000000227,5.899999999999977,False,1.4000000000000021,3.6999999999999993,2,4,2,False,False,False,False,False,False,False,True,False,0,-0.4038553178770564,0
2026-04-16,90,-0.01,-0.1,82,96,86,15,97,81,90,89,89.0,5400,0,,,,,,,,,,,,34.0,19.0,26.7,42,1010.9,20.0,0.0,84.66666666666667,87.42857142857143,8.0,0.0,11.0,-0.10333333333333326,-0.11857142857142852,0.11,0.19999999999999998,-0.03503401360544218,-0.11666666666666663,-0.1442857142857143,-0.060000000000000005,0.01999999999999999,-0.1720890410958904,79.66666666666667,81.14285714285714,3.0,5.0,6.289115646258509,84.66666666666667,77.71428571428571,11.0,20.0,24.17006802721089,92.0,88.28571428571429,-9.0,5.0,1.9863945578231323,65.0,73.14285714285714,-68.0,-36.0,-63.32312925170068,81.0,85.57142857142857,26.0,11.0,11.370748299319729,72.66666666666667,72.42857142857143,14.0,9.0,5.234693877551024,94.33333333333333,97.57142857142857,-10.0,-10.0,28.085034013605444,76.66666666666667,79.71428571428571,16.0,12.0,14.278911564625844,90.66666666666667,89.14285714285714,-5.0,3.0,2.4650349650349597,3600.0,2442.8571428571427,1800.0,2700.0,456.12244897959226,600.0,2185.714285714286,-900.0,-900.0,-3538.7755102040815,,,,,,,,,,,,,,,,,,,,,,,,,,,,,,,,,,,,,,,,,,,,,,,,,,,,,,,,32.53333333333333,27.557142857142857,1.1000000000000014,7.100000000000001,17.278231292517006,17.266666666666666,13.385714285714286,2.0,4.5,11.96326530612245,25.299999999999997,20.742857142857144,1.3999999999999986,5.099999999999998,15.04251700680272,48.666666666666664,50.714285714285715,-12.0,-13.0,-23.676870748299322,1013.6666666666669,1019.842857142857,-3.1000000000000227,-9.0,-6.641156462584945,17.26666666666667,18.428571428571427,5.6,-4.0,2.769727891156464,0.1000000000000012,0.1,-0.1,-0.4,-2.8619047619047615,3.1000000000000227,5.2000000000000455,False,1.3999999999999986,2.8000000000000007,3,4,2,False,False,False,False,False,False,False,True,False,0,-0.4211672379274034,0
2026-04-17,90,-0.27,-0.17,85,70,96,83,96,69,93,88,94.0,2700,0,,,,,,,,,,,,26.9,19.3,23.3,51,1012.5,22.4,0.3,87.33333333333333,87.14285714285714,0.0,8.0,11.0,-0.13333333333333328,-0.16857142857142854,-0.26,-0.09000000000000002,-0.2950340136054422,-0.10333333333333328,-0.15,-0.07,0.03999999999999998,-0.2420890410958904,82.0,80.28571428571429,3.0,7.0,9.289115646258509,83.66666666666667,76.0,-26.0,-3.0,-1.8299319727891117,92.33333333333333,89.14285714285714,10.0,1.0,11.986394557823132,60.333333333333336,71.57142857142857,68.0,-14.0,4.676870748299322,88.0,85.57142857142857,-1.0,21.0,10.370748299319729,72.33333333333333,70.57142857142857,-12.0,-1.0,-6.765306122448976,94.33333333333333,96.57142857142857,3.0,0.0,31.085034013605444,83.33333333333333,79.0,-1.0,20.0,13.278911564625844,92.33333333333333,89.71428571428571,5.0,5.0,7.46503496503496,3900.0,2828.5714285714284,-2700.0,900.0,-2243.8775510204077,300.0,1285.7142857142858,0.0,-900.0,-3538.7755102040815,,,,,,,,,,,,,,,,,,,,,,,,,,,,,,,,,,,,,,,,,,,,,,,,,,,,,,,,31.266666666666662,27.900000000000002,-7.100000000000001,-3.8000000000000007,10.178231292517005,18.433333333333334,15.414285714285713,0.3000000000000007,3.5,12.26326530612245,25.099999999999998,22.014285714285712,-3.3999999999999986,-0.5999999999999979,11.642517006802722,49.0,49.42857142857143,9.0,1.0,-14.676870748299322,1012.4666666666668,1017.9857142857143,1.6000000000000227,-3.6000000000000227,-5.041156462584922,18.933333333333337,19.157142857142855,2.3999999999999986,5.0,5.169727891156462,0.1333333333333345,0.14285714285714285,0.3,0.09999999999999998,-2.5619047619047617,-1.6000000000000227,1.5,False,3.3999999999999986,2.0,4,4,2,False,False,False,False,False,False,False,True,False,0,-0.4072722904971585,0
2026-04-18,76,-0.04,-0.04,72,65,86,27,89,83,72,73,93.0,7200,1800,,,,,,,,,,,,26.6,15.5,20.8,64,1013.3,20.3,0.0,85.33333333333333,85.28571428571429,-14.0,-6.0,-3.0,-0.10666666666666659,-0.10999999999999996,0.23,0.07999999999999999,-0.06503401360544217,-0.10333333333333329,-0.09142857142857143,0.13,0.0,-0.11208904109589041,79.66666666666667,79.0,-13.0,-7.0,-3.7108843537414913,77.0,74.42857142857143,-5.0,-20.0,-6.829931972789112,89.33333333333333,88.57142857142857,-10.0,-9.0,1.9863945578231323,41.666666666666664,62.42857142857143,-56.0,-56.0,-51.32312925170068,94.0,87.0,-7.0,18.0,3.370748299319729,77.66666666666667,71.71428571428571,14.0,16.0,7.234693877551024,85.0,92.57142857142857,-21.0,-28.0,10.085034013605444,83.33333333333333,78.85714285714286,-15.0,0.0,-1.7210884353741562,92.0,90.42857142857143,-1.0,-1.0,6.46503496503496,5100.0,3471.4285714285716,4500.0,3600.0,2256.1224489795923,600.0,1285.7142857142858,1800.0,900.0,-1738.7755102040815,,,,,,,,,,,,,,,,,,,,,,,,,,,,,,,,,,,,,,,,,,,,,,,,,,,,,,,,29.166666666666668,28.614285714285717,-0.29999999999999716,-6.299999999999997,9.878231292517007,17.933333333333334,15.642857142857142,-3.8000000000000007,-1.5,8.46326530612245,23.599999999999998,22.45714285714286,-2.5,-4.5,9.142517006802722,52.333333333333336,52.0,13.0,10.0,-1.6768707482993221,1012.2333333333335,1016.4428571428571,0.7999999999999545,-0.7000000000000455,-4.241156462584968,20.900000000000002,19.642857142857142,-2.099999999999998,5.9,3.0697278911564645,0.10000000000000116,0.14285714285714285,-0.3,-0.1,-2.8619047619047615,-0.7999999999999545,-2.3999999999999773,False,2.5,5.899999999999999,5,4,2,False,False,False,False,False,False,False,True,False,0,-0.40197590337369254,0
2026-04-19,84,-0.26,-0.14,79,62,74,72,91,78,100,77,92.0,900,4500,,,,,,,,,,,,18.0,8.4,12.6,65,1014.0,27.4,5.6,83.33333333333333,84.85714285714286,8.0,-6.0,5.0,-0.18999999999999995,-0.15571428571428567,-0.22,-0.25,-0.28503401360544217,-0.11666666666666663,-0.11714285714285715,-0.1,-0.04000000000000001,-0.2120890410958904,78.66666666666667,78.85714285714286,7.0,-3.0,3.2891156462585087,65.66666666666667,75.28571428571429,-3.0,-34.0,-9.829931972789112,85.33333333333333,87.57142857142857,-12.0,-12.0,-10.013605442176868,60.666666666666664,61.142857142857146,45.0,57.0,-6.323129251700678,92.0,86.42857142857143,2.0,-6.0,5.370748299319729,76.66666666666667,74.28571428571429,-5.0,-3.0,2.234693877551024,88.33333333333333,92.57142857142857,28.0,10.0,38.085034013605444,79.33333333333333,77.85714285714286,4.0,-12.0,2.2789115646258438,93.0,91.0,-1.0,3.0,5.46503496503496,3600.0,3471.4285714285716,-6300.0,-4500.0,-4043.8775510204077,2100.0,1285.7142857142858,2700.0,4500.0,961.2244897959185,,,,,,,,,,,,,,,,,,,,,,,,,,,,,,,,,,,,,,,,,,,,,,,,,,,,,,,,23.833333333333332,28.0,-8.600000000000001,-16.0,1.278231292517006,14.399999999999999,15.642857142857142,-7.1,-10.6,1.3632653061224502,18.9,22.028571428571432,-8.200000000000001,-14.1,0.9425170068027207,60.0,54.42857142857143,1.0,23.0,-0.6768707482993221,1013.2666666666668,1014.3857142857142,0.7000000000000455,3.1000000000000227,-3.5411564625849223,23.36666666666667,20.842857142857145,7.099999999999998,7.399999999999999,10.169727891156462,1.9666666666666677,0.9428571428571428,5.6,5.6,2.738095238095238,-0.7000000000000455,-1.5,False,8.200000000000001,10.700000000000001,6,4,2,False,False,False,False,False,False,False,True,False,0,-0.40768060604182915,0
2026-04-20,83,-0.26,-0.19,78,76,86,81,76,86,100,67,98.0,4500,0,,,,,,,,,,,,11.9,5.1,8.4,53,1023.1,21.5,0.8,81.0,83.85714285714286,-1.0,-7.0,4.0,-0.18666666666666662,-0.1628571428571428,0.0,0.010000000000000009,-0.28503401360544217,-0.1233333333333333,-0.12714285714285717,-0.04999999999999999,-0.01999999999999999,-0.2620890410958904,76.33333333333333,79.0,-1.0,-7.0,2.2891156462585087,67.66666666666667,75.28571428571429,14.0,6.0,4.170068027210888,82.0,88.28571428571429,12.0,-10.0,1.9863945578231323,60.0,65.42857142857143,9.0,-2.0,2.676870748299322,85.33333333333333,85.0,-15.0,-20.0,-9.629251700680271,82.33333333333333,76.28571428571429,8.0,17.0,10.234693877551024,90.66666666666667,92.57142857142857,0.0,7.0,38.085034013605444,72.33333333333333,76.42857142857143,-10.0,-21.0,-7.721088435374156,94.33333333333333,92.71428571428571,6.0,4.0,11.46503496503496,4200.0,3728.5714285714284,3600.0,1800.0,-443.87755102040774,2100.0,1157.142857142857,-4500.0,0.0,-3538.7755102040815,,,,,,,,,,,,,,,,,,,,,,,,,,,,,,,,,,,,,,,,,,,,,,,,,,,,,,,,18.833333333333332,25.857142857142858,-6.1,-14.999999999999998,-4.821768707482994,9.666666666666664,14.299999999999999,-3.3000000000000007,-14.200000000000001,-1.9367346938775505,13.93333333333333,20.142857142857142,-4.199999999999999,-14.9,-3.2574829931972786,60.666666666666664,54.142857142857146,-12.0,2.0,-12.676870748299322,1016.8000000000002,1014.8428571428573,9.100000000000023,10.600000000000023,5.5588435374151,23.066666666666674,20.485714285714288,-5.899999999999999,-0.8999999999999986,4.269727891156464,2.133333333333334,0.9999999999999999,-4.8,0.5,-2.0619047619047617,-9.100000000000023,-9.800000000000068,True,4.199999999999999,12.4,0,4,2,False,False,False,False,False,False,False,True,False,0,-0.4019903055440966,0
2026-04-21,79,-0.15,-0.11,83,82,90,89,77,69,100,82,98.0,3600,900,,,,,,,,,,,,16.0,0.5,8.5,48,1026.6,14.0,0.0,82.0,83.42857142857143,-4.0,3.0,0.0,-0.22333333333333324,-0.15857142857142853,0.11000000000000001,-0.10999999999999999,-0.17503401360544218,-0.14666666666666664,-0.11285714285714288,0.08,-0.07,-0.1820890410958904,80.0,79.71428571428571,5.0,11.0,7.289115646258509,73.33333333333333,76.57142857142857,6.0,17.0,10.170068027210888,83.33333333333333,87.57142857142857,4.0,4.0,5.986394557823132,80.66666666666667,64.28571428571429,8.0,62.0,10.676870748299322,81.33333333333333,85.28571428571429,1.0,-12.0,-8.629251700680271,77.66666666666667,76.14285714285714,-17.0,-14.0,-6.765306122448976,100.0,93.57142857142857,0.0,28.0,38.085034013605444,75.33333333333333,78.42857142857143,15.0,9.0,7.278911564625844,96.0,94.0,0.0,5.0,11.46503496503496,3000.0,3985.714285714286,-900.0,-3600.0,-1343.8775510204077,1800.0,1157.142857142857,900.0,-900.0,-2638.7755102040815,,,,,,,,,,,,,,,,,,,,,,,,,,,,,,,,,,,,,,,,,,,,,,,,,,,,,,,,15.299999999999999,23.75714285714286,4.1,-10.600000000000001,-0.7217687074829939,4.666666666666664,12.114285714285714,-4.6,-15.0,-6.53673469387755,9.83333333333333,17.942857142857143,0.09999999999999964,-12.3,-3.157482993197279,55.333333333333336,53.857142857142854,-5.0,-16.0,-17.676870748299322,1021.2333333333336,1016.342857142857,3.4999999999998863,13.299999999999955,9.058843537414987,20.966666666666672,20.0,-7.5,-6.300000000000001,-3.230272108843536,2.133333333333334,0.9714285714285714,-0.8,0.0,-2.8619047619047615,-3.4999999999998863,-12.599999999999909,False,0.09999999999999964,4.1,1,4,2,False,False,False,False,False,False,False,True,False,0,-0.387179481241032,0
2026-04-22,79,-0.27,-0.24,68,61,79,18,68,80,100,68,98.0,7200,0,,,,,,,,,,,,23.6,10.2,16.5,51,1016.4,14.7,2.2,80.33333333333333,83.0,0.0,-5.0,0.0,-0.22666666666666657,-0.17999999999999997,-0.12000000000000002,-0.010000000000000009,-0.2950340136054422,-0.17999999999999994,-0.14142857142857143,-0.13,-0.09999999999999998,-0.3120890410958904,76.33333333333333,78.14285714285714,-15.0,-11.0,-7.710884353741491,73.0,73.14285714285714,-21.0,-1.0,-10.829931972789112,85.0,85.28571428571429,-11.0,5.0,-5.013605442176868,62.666666666666664,55.0,-71.0,-54.0,-60.32312925170068,73.66666666666667,84.85714285714286,-9.0,-23.0,-17.62925170068027,78.33333333333333,78.0,11.0,2.0,4.234693877551024,100.0,93.57142857142857,0.0,0.0,38.085034013605444,72.33333333333333,77.71428571428571,-14.0,-9.0,-6.721088435374156,98.0,94.57142857142857,0.0,6.0,11.46503496503496,5100.0,4500.0,3600.0,6300.0,2256.1224489795923,300.0,1028.5714285714287,-900.0,-4500.0,-3538.7755102040815,,,,,,,,,,,,,,,,,,,,,,,,,,,,,,,,,,,,,,,,,,,,,,,,,,,,,,,,17.166666666666668,22.428571428571427,7.600000000000001,5.600000000000001,6.8782312925170075,5.266666666666664,11.142857142857142,9.7,1.799999999999999,3.163265306122449,11.133333333333331,16.685714285714287,8.0,3.9000000000000004,4.842517006802721,50.666666666666664,53.42857142857143,3.0,-14.0,-14.676870748299322,1022.0333333333334,1016.6857142857143,-10.199999999999932,2.3999999999999773,-1.141156462584945,16.733333333333338,20.042857142857144,0.6999999999999993,-12.7,-2.530272108843537,1.000000000000001,1.2714285714285711,2.2,-3.3999999999999995,-0.6619047619047613,10.199999999999932,6.7000000000000455,True,8.0,8.1,2,4,2,False,False,False,False,False,True,False,True,True,1,-0.4153228060874906,0
2026-04-23,88,-0.16,-0.18,89,84,96,89,96,87,93,86,95.0,2700,0,,,,,,,,,,,,28.3,14.7,21.7,50,1013.1,15.9,0.0,82.0,82.71428571428571,9.0,5.0,9.0,-0.19333333333333325,-0.20142857142857137,0.11000000000000001,0.1,-0.1850340136054422,-0.1766666666666666,-0.15285714285714283,0.06,0.010000000000000009,-0.25208904109589036,80.0,79.14285714285714,21.0,11.0,13.289115646258509,75.66666666666667,71.42857142857143,23.0,8.0,12.170068027210888,88.33333333333333,86.71428571428571,17.0,10.0,11.986394557823132,65.33333333333333,65.57142857142857,71.0,8.0,10.676870748299322,80.33333333333333,84.71428571428571,28.0,20.0,10.370748299319729,78.66666666666667,78.85714285714286,7.0,1.0,11.234693877551024,97.66666666666667,94.0,-7.0,-7.0,31.085034013605444,78.66666666666667,77.28571428571429,18.0,19.0,11.278911564625844,97.0,95.42857142857143,-3.0,-3.0,8.46503496503496,4500.0,4114.285714285715,-4500.0,-1800.0,-2243.8775510204077,300.0,1028.5714285714287,0.0,0.0,-3538.7755102040815,,,,,,,,,,,,,,,,,,,,,,,,,,,,,,,,,,,,,,,,,,,,,,,,,,,,,,,,22.633333333333336,21.61428571428571,4.699999999999999,16.4,11.578231292517007,8.466666666666663,10.528571428571428,4.5,9.6,7.663265306122449,15.566666666666663,15.971428571428573,5.199999999999999,13.299999999999999,10.04251700680272,49.666666666666664,54.57142857142857,-1.0,-3.0,-15.676870748299322,1018.7000000000002,1017.0,-3.2999999999999545,-10.0,-4.4411564625849,14.866666666666669,19.457142857142856,1.200000000000001,-5.6,-1.3302721088435359,0.7333333333333346,1.2714285714285711,-2.2,-0.8,-2.8619047619047615,3.2999999999999545,13.499999999999886,False,5.199999999999999,13.2,3,4,2,False,False,False,False,False,False,False,True,False,0,-0.4054926868532677,0
2026-04-24,81,-0.06,-0.1,79,61,96,83,67,74,100,77,90.0,3600,5400,,,,,,,,,,,,27.6,15.7,21.2,56,1008.9,15.8,1.8,82.66666666666667,81.42857142857143,-7.0,2.0,2.0,-0.16333333333333325,-0.1714285714285714,0.1,0.09,-0.08503401360544217,-0.17333333333333326,-0.14285714285714285,0.07999999999999999,0.009999999999999995,-0.1720890410958904,78.66666666666667,78.28571428571429,-10.0,-4.0,3.2891156462585087,68.66666666666667,70.14285714285714,-23.0,-21.0,-10.829931972789112,90.33333333333333,86.71428571428571,0.0,6.0,11.986394557823132,63.333333333333336,65.57142857142857,-6.0,-6.0,4.676870748299322,77.0,80.57142857142857,-29.0,-10.0,-18.62925170068027,80.33333333333333,79.57142857142857,-13.0,5.0,-1.7653061224489761,97.66666666666667,95.0,7.0,0.0,38.085034013605444,77.0,75.71428571428571,-9.0,-5.0,2.2789115646258438,94.33333333333333,94.85714285714286,-5.0,-8.0,3.4650349650349597,4500.0,4242.857142857143,900.0,0.0,-1343.8775510204077,1800.0,1800.0,5400.0,4500.0,1861.2244897959185,,,,,,,,,,,,,,,,,,,,,,,,,,,,,,,,,,,,,,,,,,,,,,,,,,,,,,,,26.5,21.714285714285715,-0.6999999999999993,11.600000000000001,10.878231292517007,13.533333333333331,10.014285714285714,1.0,15.2,8.66326530612245,19.799999999999997,15.671428571428574,-0.5,12.7,9.54251700680272,52.333333333333336,55.285714285714285,6.0,8.0,-9.676870748299322,1012.8000000000002,1016.4857142857144,-4.2000000000000455,-17.699999999999932,-8.641156462584945,15.46666666666667,18.514285714285712,-0.09999999999999964,1.8000000000000007,-1.4302721088435355,1.3333333333333346,1.4857142857142855,1.8,1.8,-1.0619047619047615,4.2000000000000455,7.5,False,0.5,4.699999999999999,4,4,2,False,False,False,False,False,False,False,True,False,0,-0.38963662587304027,0
2026-04-25,85,-0.03,-0.12,80,47,98,83,98,77,94,75,89.0,3600,1800,,,,,,,,,,,,18.3,9.4,13.3,82,1011.3,18.0,5.4,84.66666666666667,82.71428571428571,4.0,6.0,6.0,-0.08333333333333325,-0.16999999999999993,0.03,0.24000000000000002,-0.055034013605442175,-0.13333333333333328,-0.1542857142857143,-0.01999999999999999,0.12,-0.1920890410958904,82.66666666666667,79.42857142857143,1.0,12.0,4.289115646258509,64.0,67.57142857142857,-14.0,-14.0,-24.82993197278911,96.66666666666667,88.42857142857143,2.0,19.0,13.986394557823132,85.0,73.57142857142857,0.0,65.0,4.676870748299322,87.0,81.85714285714286,31.0,30.0,12.370748299319729,79.33333333333333,78.71428571428571,3.0,-3.0,1.2346938775510239,95.66666666666667,98.14285714285714,-6.0,-6.0,32.085034013605444,79.33333333333333,76.0,-2.0,7.0,0.27891156462584377,91.33333333333333,94.28571428571429,-1.0,-9.0,2.4650349650349597,3300.0,3728.5714285714284,0.0,-3600.0,-1343.8775510204077,2400.0,1800.0,-3600.0,1800.0,-1738.7755102040815,,,,,,,,,,,,,,,,,,,,,,,,,,,,,,,,,,,,,,,,,,,,,,,,,,,,,,,,24.733333333333334,20.528571428571432,-9.3,-5.300000000000001,1.5782312925170068,13.266666666666664,9.142857142857142,-6.299999999999999,-0.7999999999999989,2.3632653061224502,18.73333333333333,14.6,-7.899999999999999,-3.1999999999999993,1.6425170068027217,62.666666666666664,57.857142857142854,26.0,31.0,16.323129251700678,1011.1,1016.1999999999999,2.3999999999999773,-5.100000000000023,-6.241156462584968,16.566666666666674,18.185714285714287,2.1999999999999993,3.3000000000000007,0.7697278911564638,2.4000000000000012,2.257142857142857,3.6000000000000005,3.2,2.538095238095239,-2.3999999999999773,1.8000000000000682,False,7.899999999999999,8.399999999999999,5,4,2,False,False,False,False,False,False,False,True,False,0,-0.403012534552258,0
2026-04-26,91,-0.35,-0.18,88,88,88,67,98,79,100,93,98.0,6300,1800,,,,,,,,,,,,13.8,7.1,10.2,76,1018.5,15.2,0.0,85.66666666666667,83.71428571428571,6.0,3.0,12.0,-0.14666666666666658,-0.1828571428571428,-0.31999999999999995,-0.18999999999999997,-0.37503401360544214,-0.13333333333333328,-0.15999999999999998,-0.06,0.0,-0.25208904109589036,82.33333333333333,80.71428571428571,8.0,-1.0,12.289115646258509,65.33333333333333,71.28571428571429,41.0,4.0,16.17006802721089,94.0,90.42857142857143,-10.0,-8.0,3.9863945578231323,77.66666666666667,72.85714285714286,-16.0,-22.0,-11.323129251700678,87.66666666666667,82.85714285714286,0.0,2.0,12.370748299319729,76.66666666666667,78.85714285714286,2.0,-8.0,3.234693877551024,98.0,98.14285714285714,6.0,7.0,38.085034013605444,81.66666666666667,78.28571428571429,18.0,7.0,18.278911564625844,92.33333333333333,95.14285714285714,9.0,3.0,11.46503496503496,4500.0,4500.0,2700.0,3600.0,1356.1224489795923,3000.0,1414.2857142857142,0.0,1800.0,-1738.7755102040815,,,,,,,,,,,,,,,,,,,,,,,,,,,,,,,,,,,,,,,,,,,,,,,,,,,,,,,,19.900000000000002,19.928571428571427,-4.5,-14.5,-2.921768707482993,10.733333333333329,8.957142857142857,-2.3000000000000007,-7.6,0.06326530612244952,14.899999999999997,14.257142857142858,-3.1000000000000014,-11.5,-1.4574829931972797,71.33333333333333,59.42857142857143,-6.0,26.0,10.323129251700678,1012.9000000000001,1016.842857142857,7.2000000000000455,5.399999999999977,0.9588435374150777,16.33333333333334,16.442857142857143,-2.8000000000000007,-0.7000000000000011,-2.030272108843537,2.4000000000000012,1.457142857142857,-5.4,0.0,-2.8619047619047615,-7.2000000000000455,-9.600000000000023,True,3.1000000000000014,11.0,6,4,2,False,False,False,False,False,False,False,True,False,0,-0.39104734833934374,0
2026-04-27,75,0.36,0.13,69,74,55,70,66,68,67,73,99.0,1800,900,,,,,,,,,,,,20.1,4.9,13.1,69,1023.6,11.5,0.0,83.66666666666667,82.57142857142857,-16.0,-6.0,-4.0,-0.00666666666666658,-0.09428571428571422,0.71,0.42,0.3349659863945578,-0.056666666666666615,-0.1142857142857143,0.31,0.23,0.057910958904109605,79.0,79.42857142857143,-19.0,-10.0,-6.710884353741491,69.66666666666667,71.0,-14.0,13.0,2.1700680272108883,80.33333333333333,86.0,-33.0,-41.0,-29.013605442176868,73.33333333333333,71.28571428571429,3.0,-13.0,-8.323129251700678,87.33333333333333,81.42857142857143,-32.0,-1.0,-19.62925170068027,74.66666666666667,76.28571428571429,-11.0,-6.0,-7.765306122448976,87.0,93.42857142857143,-33.0,-33.0,5.085034013605444,80.33333333333333,79.14285714285714,-20.0,-4.0,-1.7210884353741562,95.33333333333333,95.28571428571429,1.0,9.0,12.46503496503496,3900.0,4114.285714285715,-4500.0,-1800.0,-3143.8775510204077,1500.0,1542.857142857143,-900.0,-4500.0,-2638.7755102040815,,,,,,,,,,,,,,,,,,,,,,,,,,,,,,,,,,,,,,,,,,,,,,,,,,,,,,,,17.400000000000002,21.1,6.300000000000001,-7.5,3.3782312925170075,7.13333333333333,8.928571428571427,-2.1999999999999993,-10.799999999999999,-2.1367346938775498,12.199999999999998,14.928571428571429,2.9000000000000004,-8.1,1.4425170068027207,75.66666666666667,61.714285714285715,-7.0,13.0,3.323129251700678,1017.8000000000002,1016.9142857142857,5.100000000000023,14.700000000000045,6.0588435374151,14.900000000000004,15.014285714285716,-3.6999999999999993,-4.300000000000001,-5.730272108843536,1.8000000000000014,1.342857142857143,0.0,-1.8,-2.8619047619047615,-5.100000000000023,-12.300000000000068,True,2.9000000000000004,0.20000000000000107,0,4,2,False,False,False,True,False,True,False,True,False,1,-0.40567148889742954,0
2026-04-28,92,-0.34,-0.18,84,91,88,70,89,84,100,78,98.0,6300,1800,,,,,,,,,,,,17.5,8.9,12.4,71,1020.2,15.0,2.0,86.0,84.42857142857143,17.0,7.0,13.0,-0.10999999999999992,-0.12142857142857137,-0.7,-0.31000000000000005,-0.3650340136054422,-0.0766666666666666,-0.12428571428571426,-0.31,-0.06,-0.25208904109589036,80.33333333333333,79.57142857142857,15.0,4.0,8.289115646258509,84.33333333333333,72.28571428571429,17.0,44.0,19.17006802721089,77.0,85.71428571428571,33.0,-10.0,3.9863945578231323,69.0,68.57142857142857,0.0,-13.0,-8.323129251700678,84.33333333333333,83.14285714285714,23.0,-9.0,3.370748299319729,77.0,78.42857142857143,16.0,7.0,8.234693877551024,89.0,93.42857142857143,33.0,6.0,38.085034013605444,81.33333333333333,78.57142857142857,5.0,3.0,3.2789115646258438,98.33333333333333,95.28571428571429,-1.0,9.0,11.46503496503496,4800.0,4500.0,4500.0,2700.0,1356.1224489795923,1500.0,1671.4285714285713,900.0,0.0,-1738.7755102040815,,,,,,,,,,,,,,,,,,,,,,,,,,,,,,,,,,,,,,,,,,,,,,,,,,,,,,,,17.133333333333336,21.314285714285717,-2.6000000000000014,-0.8000000000000007,0.7782312925170061,6.966666666666664,10.12857142857143,4.0,-0.5,1.8632653061224502,11.899999999999997,15.485714285714286,-0.6999999999999993,-0.9000000000000004,0.7425170068027214,72.0,65.0,2.0,-11.0,5.323129251700678,1020.7666666666669,1016.0,-3.3999999999999773,8.900000000000091,2.658843537415123,13.900000000000004,15.157142857142858,3.5,-3.0,-2.230272108843536,0.6666666666666679,1.6285714285714286,2.0,-3.4000000000000004,-0.8619047619047615,3.3999999999999773,-1.7000000000000455,False,0.6999999999999993,2.200000000000001,1,4,2,False,False,False,False,False,False,False,True,False,0,-0.38825317283036176,0
2026-04-29,88,0.04,-0.02,87,71,96,75,98,77,99,91,92.0,6300,2700,,,,,,,,,,,,17.3,10.9,13.3,81,1012.5,15.9,16.1,85.0,85.71428571428571,-4.0,-3.0,9.0,0.020000000000000063,-0.0771428571428571,0.38,0.38999999999999996,0.014965986394557824,-0.023333333333333275,-0.09285714285714285,0.16,0.16,-0.0920890410958904,80.0,82.28571428571429,3.0,-1.0,11.289115646258509,78.66666666666667,73.71428571428571,-20.0,-17.0,-0.8299319727891117,79.66666666666667,88.14285714285714,8.0,8.0,11.986394557823132,71.66666666666667,76.71428571428571,5.0,8.0,-3.323129251700678,84.33333333333333,87.42857142857143,9.0,0.0,12.370748299319729,76.33333333333333,78.0,-7.0,-2.0,1.2346938775510239,88.66666666666667,93.28571428571429,-1.0,-1.0,37.085034013605444,80.66666666666667,81.85714285714286,13.0,-2.0,16.278911564625844,96.33333333333333,94.42857142857143,-6.0,-6.0,5.46503496503496,4800.0,4371.428571428572,0.0,0.0,1356.1224489795923,1800.0,2057.1428571428573,900.0,900.0,-838.7755102040815,,,,,,,,,,,,,,,,,,,,,,,,,,,,,,,,,,,,,,,,,,,,,,,,,,,,,,,,18.3,20.414285714285715,-0.1999999999999993,3.5,0.5782312925170068,8.233333333333333,10.228571428571428,2.0,3.8000000000000007,3.8632653061224502,12.933333333333332,15.028571428571428,0.9000000000000004,3.1000000000000014,1.6425170068027217,73.66666666666667,69.28571428571429,10.0,5.0,15.323129251700678,1018.7666666666669,1015.4428571428571,-7.7000000000000455,-6.0,-5.041156462584922,14.133333333333338,15.328571428571427,0.9000000000000004,0.7000000000000011,-1.3302721088435359,6.033333333333335,3.6142857142857143,14.100000000000001,16.1,13.23809523809524,7.7000000000000455,11.100000000000023,True,0.9000000000000004,0.20000000000000107,2,4,2,False,False,False,False,False,False,False,True,True,0,-0.39460169048596566,0
2026-04-30,88,-0.08,0.07,79,81,97,91,59,66,83,81,93.0,900,1800,,,,,,,,,,,,19.3,9.5,14.1,67,1009.4,23.2,0.3,89.33333333333333,85.71428571428571,0.0,13.0,9.0,-0.12666666666666662,-0.06571428571428566,-0.12,-0.44,-0.10503401360544218,-0.04333333333333328,-0.05714285714285714,0.09000000000000001,-0.06,-0.0020890410958903927,83.33333333333333,80.85714285714286,-8.0,10.0,3.2891156462585087,81.0,73.28571428571429,10.0,7.0,9.170068027210888,93.66666666666667,88.28571428571429,1.0,42.0,12.986394557823132,78.66666666666667,77.0,16.0,21.0,12.676870748299322,82.0,82.14285714285714,-39.0,-7.0,-26.62925170068027,75.66666666666667,75.0,-11.0,-2.0,-9.765306122448976,94.0,91.85714285714286,-16.0,16.0,21.085034013605444,83.33333333333333,81.14285714285714,-10.0,8.0,6.278911564625844,94.33333333333333,94.14285714285714,1.0,-6.0,6.46503496503496,4500.0,4114.285714285715,-5400.0,-900.0,-4043.8775510204077,2100.0,2314.285714285714,-900.0,900.0,-1738.7755102040815,,,,,,,,,,,,,,,,,,,,,,,,,,,,,,,,,,,,,,,,,,,,,,,,,,,,,,,,18.03333333333333,19.12857142857143,2.0,-0.8000000000000007,2.578231292517007,9.766666666666666,9.485714285714284,-1.4000000000000004,4.6,2.46326530612245,13.266666666666664,13.942857142857145,0.7999999999999989,1.0,2.4425170068027207,73.0,71.71428571428571,-14.0,-2.0,1.3231292517006779,1014.0333333333334,1014.9142857142858,-3.1000000000000227,-14.200000000000045,-8.141156462584945,18.033333333333335,16.37142857142857,7.299999999999999,11.7,5.969727891156463,6.1333333333333355,3.6571428571428575,-15.8,0.3,-2.5619047619047617,3.1000000000000227,10.800000000000068,False,0.7999999999999989,1.6999999999999993,3,4,2,False,False,False,False,False,False,False,True,False,0,-0.38689156038110895,0
2026-05-01,79,-0.05,-0.12,74,87,88,86,93,69,52,65,87.0,6300,7200,,,,,,,,,,,,18.3,5.5,12.2,57,1013.7,14.1,0.5,85.0,85.42857142857143,-9.0,-13.0,0.0,-0.029999999999999933,-0.06428571428571425,0.03,0.29000000000000004,-0.07503401360544218,-0.02333333333333328,-0.05999999999999999,-0.19,0.06,-0.1920890410958904,80.0,80.14285714285714,-5.0,-10.0,-1.7108843537414913,79.66666666666667,77.0,6.0,-4.0,15.170068027210888,93.66666666666667,87.14285714285714,-9.0,0.0,3.9863945578231323,84.0,77.42857142857143,-5.0,16.0,7.676870748299322,83.33333333333333,85.85714285714286,34.0,4.0,7.370748299319729,70.66666666666667,74.28571428571429,3.0,-15.0,-6.765306122448976,78.0,85.0,-31.0,-48.0,-9.914965986394556,79.0,79.42857142857143,-16.0,-13.0,-9.721088435374156,90.66666666666667,93.71428571428571,-6.0,-11.0,0.46503496503495967,4500.0,4500.0,5400.0,0.0,1356.1224489795923,3900.0,2571.4285714285716,5400.0,5400.0,3661.2244897959185,,,,,,,,,,,,,,,,,,,,,,,,,,,,,,,,,,,,,,,,,,,,,,,,,,,,,,,,18.3,17.8,-1.0,0.8000000000000007,1.5782312925170068,8.633333333333331,8.028571428571428,-4.0,-3.4000000000000004,-1.5367346938775501,13.199999999999998,12.657142857142858,-1.9000000000000004,-0.20000000000000107,0.5425170068027203,68.33333333333333,71.85714285714286,-10.0,-14.0,-8.676870748299322,1011.8666666666668,1015.6,4.300000000000068,-6.5,-3.841156462584877,17.733333333333338,16.128571428571426,-9.1,-0.9000000000000004,-3.1302721088435366,5.6333333333333355,3.4714285714285715,0.2,-1.5,-2.3619047619047615,-4.300000000000068,-1.2000000000000455,False,1.9000000000000004,1.1000000000000014,4,5,2,False,False,False,False,False,False,False,True,False,0,-0.39180515764222795,0
2026-05-02,88,-0.37,-0.12,81,62,83,91,96,83,100,71,89.0,2700,4500,,,,,,,,,,,,15.1,8.0,11.8,54,1013.5,17.9,0.0,85.0,85.85714285714286,9.0,0.0,9.0,-0.1666666666666666,-0.11285714285714281,-0.32,-0.41,-0.39503401360544216,-0.05666666666666661,-0.05999999999999999,0.0,-0.09999999999999999,-0.1920890410958904,78.0,80.28571428571429,7.0,-6.0,5.289115646258509,76.66666666666667,79.14285714285714,-25.0,-9.0,-9.829931972789112,89.33333333333333,85.0,-5.0,-13.0,-1.0136054421768677,89.33333333333333,78.57142857142857,5.0,16.0,12.676870748299322,82.66666666666667,85.57142857142857,3.0,-2.0,10.370748299319729,72.66666666666667,75.14285714285714,14.0,6.0,7.234693877551024,78.33333333333333,85.85714285714286,48.0,1.0,38.085034013605444,72.33333333333333,78.85714285714286,6.0,-20.0,-3.7210884353741562,89.66666666666667,93.71428571428571,2.0,-3.0,2.4650349650349597,3300.0,4371.428571428572,-3600.0,-3600.0,-2243.8775510204077,4500.0,2957.1428571428573,-2700.0,1800.0,961.2244897959185,,,,,,,,,,,,,,,,,,,,,,,,,,,,,,,,,,,,,,,,,,,,,,,,,,,,,,,,17.566666666666666,17.342857142857145,-3.200000000000001,-2.200000000000001,-1.6217687074829943,7.666666666666664,7.828571428571429,2.5,-2.9000000000000004,0.9632653061224499,12.699999999999998,12.442857142857145,-0.3999999999999986,-1.5,0.14251700680272172,59.333333333333336,67.85714285714286,-3.0,-27.0,-11.676870748299322,1012.2000000000002,1015.9142857142858,-0.20000000000004547,1.0,-4.041156462584922,18.400000000000002,16.114285714285714,3.799999999999999,1.9999999999999982,0.6697278911564624,0.2666666666666679,2.7,-0.5,-16.1,-2.8619047619047615,0.20000000000004547,-4.100000000000023,False,0.3999999999999986,2.299999999999999,5,5,2,False,False,False,False,False,False,False,True,False,0,-0.37359352123878503,0
2026-05-03,85,-0.02,-0.03,80,85,86,91,71,96,100,64,83.0,1800,4500,,,,,,,,,,,,17.4,5.1,10.9,41,1015.6,21.1,0.0,84.0,85.0,-3.0,-3.0,6.0,-0.14666666666666658,-0.06571428571428568,0.35,0.06,-0.04503401360544218,-0.08999999999999996,-0.03857142857142857,0.09,-0.1,-0.1020890410958904,78.33333333333333,79.14285714285714,-1.0,1.0,4.289115646258509,78.0,78.71428571428571,23.0,4.0,13.170068027210888,85.66666666666667,84.71428571428571,3.0,-11.0,1.9863945578231323,89.33333333333333,82.0,0.0,0.0,12.676870748299322,86.66666666666667,81.71428571428571,-25.0,12.0,-14.629251700680271,82.66666666666667,77.57142857142857,13.0,30.0,20.234693877551024,84.0,85.85714285714286,0.0,17.0,38.085034013605444,66.66666666666667,74.71428571428571,-7.0,-17.0,-10.721088435374156,86.33333333333333,91.57142857142857,-6.0,-10.0,-3.5349650349650403,3600.0,3728.5714285714284,-900.0,900.0,-3143.8775510204077,5400.0,3342.8571428571427,0.0,2700.0,961.2244897959185,,,,,,,,,,,,,,,,,,,,,,,,,,,,,,,,,,,,,,,,,,,,,,,,,,,,,,,,16.933333333333334,17.857142857142858,2.299999999999999,-1.9000000000000021,0.6782312925170046,6.199999999999998,7.542857142857143,-2.9000000000000004,-4.4,-1.9367346938775505,11.633333333333331,12.542857142857144,-0.9000000000000004,-3.1999999999999993,-0.7574829931972786,50.666666666666664,62.857142857142854,-13.0,-26.0,-24.676870748299322,1014.2666666666668,1015.5,2.1000000000000227,6.2000000000000455,-1.9411564625848996,17.700000000000003,16.957142857142856,3.200000000000003,-2.099999999999998,3.869727891156465,0.16666666666666785,2.7,0.0,-0.3,-2.8619047619047615,-2.1000000000000227,-1.8999999999999773,False,0.9000000000000004,1.299999999999999,6,5,2,False,False,False,False,False,False,False,True,False,0,-0.39542386240736244,0
2026-05-04,88,-0.3,-0.19,83,66,90,89,88,81,100,79,83.0,2700,0,,,,,,,,,,,,26.8,9.0,17.3,38,1013.0,24.1,0.0,87.0,86.85714285714286,3.0,9.0,9.0,-0.2299999999999999,-0.15999999999999995,-0.27999999999999997,-0.25,-0.32503401360544215,-0.11333333333333329,-0.08428571428571428,-0.16,-0.07,-0.2620890410958904,81.33333333333333,81.14285714285714,3.0,9.0,7.289115646258509,71.0,77.57142857142857,-19.0,-21.0,-5.829931972789112,86.33333333333333,89.71428571428571,4.0,2.0,5.986394557823132,90.33333333333333,84.71428571428571,-2.0,3.0,10.676870748299322,85.0,84.85714285714286,17.0,-5.0,2.370748299319729,86.66666666666667,79.42857142857143,-15.0,12.0,5.234693877551024,100.0,90.57142857142857,0.0,48.0,38.085034013605444,71.33333333333333,75.57142857142857,15.0,14.0,4.278911564625844,85.0,89.28571428571429,0.0,-4.0,-3.5349650349650403,2400.0,3857.1428571428573,900.0,-3600.0,-2243.8775510204077,3000.0,3214.285714285714,-4500.0,-7200.0,-3538.7755102040815,,,,,,,,,,,,,,,,,,,,,,,,,,,,,,,,,,,,,,,,,,,,,,,,,,,,,,,,19.766666666666666,18.814285714285717,9.400000000000002,8.5,10.078231292517007,7.3666666666666645,8.12857142857143,3.9000000000000004,3.5,1.9632653061224499,13.333333333333334,13.142857142857144,6.4,5.100000000000001,5.642517006802722,44.333333333333336,58.42857142857143,-3.0,-19.0,-27.676870748299322,1014.0333333333334,1013.9857142857143,-2.6000000000000227,-0.7000000000000455,-4.541156462584922,21.033333333333335,18.75714285714286,3.0,10.000000000000002,6.869727891156465,0.0,2.7,0.0,-0.5,-2.8619047619047615,2.6000000000000227,0.5,False,6.4,5.5,0,5,2,False,False,False,False,False,False,False,True,False,0,-0.3944491029282928,0
2026-05-05,77,0.33,0.0,78,71,76,54,97,78,100,76,77.0,17100,0,,,,,,,,,,,,29.4,16.4,23.0,35,1010.7,26.1,0.0,83.33333333333333,84.71428571428571,-11.0,-11.0,-2.0,0.0033333333333334103,-0.06428571428571424,0.63,0.7,0.30496598639455785,-0.07333333333333329,-0.058571428571428566,0.19,0.12,-0.0720890410958904,80.33333333333333,80.28571428571429,-5.0,-3.0,2.2891156462585087,74.0,74.71428571428571,5.0,9.0,-0.8299319727891117,84.0,88.0,-14.0,-7.0,-8.013605442176868,78.0,82.42857142857143,-35.0,-37.0,-24.323129251700678,85.33333333333333,86.0,9.0,1.0,11.370748299319729,85.0,78.57142857142857,-3.0,-5.0,2.234693877551024,100.0,90.57142857142857,0.0,0.0,38.085034013605444,73.0,75.28571428571429,-3.0,5.0,1.2789115646258438,81.0,86.28571428571429,-6.0,-12.0,-9.53496503496504,7200.0,5400.0,14400.0,14400.0,12156.122448979593,1500.0,2957.1428571428573,0.0,-4500.0,-3538.7755102040815,,,,,,,,,,,,,,,,,,,,,,,,,,,,,,,,,,,,,,,,,,,,,,,,,,,,,,,,24.53333333333333,20.514285714285712,2.599999999999998,14.299999999999999,12.678231292517005,10.166666666666664,9.2,7.399999999999999,8.399999999999999,9.363265306122448,17.066666666666663,14.657142857142858,5.699999999999999,11.2,11.342517006802721,38.0,53.285714285714285,-3.0,-19.0,-30.676870748299322,1013.1000000000003,1012.6285714285715,-2.2999999999999545,-2.7999999999999545,-6.841156462584877,23.76666666666667,20.342857142857145,2.0,8.200000000000003,8.869727891156465,0.0,2.4142857142857146,0.0,0.0,-2.8619047619047615,2.2999999999999545,4.899999999999977,False,5.699999999999999,12.1,1,5,2,False,False,False,True,False,False,False,True,False,0,-0.44731108938897823,0
2026-05-06,62,0.38,0.1,81,78,41,83,98,60,100,92,77.0,8100,1800,,,,,,,,,,,,22.3,16.1,19.5,70,1009.5,26.2,8.3,75.66666666666667,81.0,-15.0,-23.0,-17.0,0.13666666666666674,-0.015714285714285663,0.04999999999999999,0.4,0.35496598639455784,-0.029999999999999954,-0.04142857142857142,0.1,0.13,0.027910958904109606,80.66666666666667,79.42857142857143,3.0,1.0,5.289115646258509,71.66666666666667,75.71428571428571,7.0,-7.0,6.170068027210888,69.0,80.14285714285714,-35.0,-45.0,-43.01360544217687,75.33333333333333,83.57142857142857,29.0,-8.0,4.676870748299322,94.33333333333333,86.0,1.0,27.0,12.370748299319729,73.0,76.14285714285714,-18.0,-36.0,-15.765306122448976,100.0,90.71428571428571,0.0,0.0,38.085034013605444,82.33333333333333,75.42857142857143,16.0,28.0,17.278911564625844,79.0,84.14285714285714,0.0,-6.0,-9.53496503496504,9300.0,5657.142857142857,-9000.0,6300.0,3156.1224489795923,600.0,2828.5714285714284,1800.0,-2700.0,-1738.7755102040815,,,,,,,,,,,,,,,,,,,,,,,,,,,,,,,,,,,,,,,,,,,,,,,,,,,,,,,,26.166666666666668,21.228571428571428,-7.099999999999998,4.900000000000002,5.578231292517007,13.83333333333333,9.942857142857141,-0.29999999999999716,11.000000000000002,9.063265306122451,19.933333333333334,15.542857142857144,-3.5,8.6,7.842517006802721,47.666666666666664,51.714285714285715,35.0,29.0,4.323129251700678,1011.066666666667,1012.2,-1.2000000000000455,-6.100000000000023,-8.041156462584922,25.46666666666667,21.814285714285717,0.09999999999999787,5.099999999999998,8.969727891156463,2.766666666666668,1.3000000000000003,8.3,8.3,5.438095238095239,1.2000000000000455,3.5,False,3.5,2.1999999999999993,2,5,2,False,False,False,True,False,False,True,True,False,1,-0.40323860090767666,0
2026-05-07,86,0.1,0.01,85,83,95,81,97,79,86,84,71.0,9000,900,,,,,,,,,,,,18.5,11.1,13.7,68,1011.0,14.9,1.6,75.0,80.71428571428571,24.0,-2.0,7.0,0.2700000000000001,0.010000000000000049,-0.28,0.4,0.07496598639455783,0.036666666666666715,-0.049999999999999996,-0.09000000000000001,0.2,-0.0620890410958904,81.33333333333333,80.28571428571429,4.0,2.0,9.289115646258509,77.33333333333333,76.0,5.0,17.0,11.170068027210888,70.66666666666667,79.85714285714286,54.0,5.0,10.986394557823132,72.66666666666667,82.14285714285714,-2.0,-8.0,2.676870748299322,97.33333333333333,91.42857142857143,-1.0,9.0,11.370748299319729,72.33333333333333,78.0,19.0,-2.0,3.234693877551024,95.33333333333333,91.14285714285714,-14.0,-14.0,24.085034013605444,84.0,75.85714285714286,-8.0,5.0,9.278911564625844,75.0,81.0,-6.0,-12.0,-15.53496503496504,11400.0,6814.285714285715,900.0,6300.0,4056.1224489795923,900.0,2700.0,-900.0,900.0,-2638.7755102040815,,,,,,,,,,,,,,,,,,,,,,,,,,,,,,,,,,,,,,,,,,,,,,,,,,,,,,,,23.400000000000002,21.114285714285717,-3.8000000000000007,-8.3,1.778231292517006,14.533333333333331,10.171428571428573,-5.000000000000002,2.0999999999999996,4.0632653061224495,18.73333333333333,15.485714285714286,-5.800000000000001,-3.6000000000000014,2.0425170068027203,57.666666666666664,51.857142857142854,-2.0,30.0,2.323129251700678,1010.4000000000002,1012.4285714285714,1.5,-2.0,-6.541156462584922,22.400000000000002,20.628571428571426,-11.299999999999999,-9.200000000000001,-2.330272108843536,3.300000000000001,1.4857142857142858,-6.700000000000001,1.6,-1.2619047619047614,-1.5,-0.2999999999999545,False,5.800000000000001,9.3,3,5,2,False,False,False,False,False,False,False,True,False,0,-0.40788203826248454,0
2026-05-08,79,-0.55,0.01,83,95,86,89,85,87,100,71,72.0,7200,0,,,,,,,,,,,,21.6,7.5,14.8,52,1013.4,19.8,0.0,75.66666666666667,80.71428571428571,-7.0,2.0,0.0,-0.02333333333333328,-0.06142857142857139,-0.65,-0.8800000000000001,-0.5750340136054423,0.04000000000000005,-0.031428571428571424,0.0,0.01,-0.0620890410958904,83.0,81.57142857142857,-2.0,5.0,7.289115646258509,85.33333333333333,77.14285714285714,12.0,24.0,23.17006802721089,74.0,79.57142857142857,-9.0,10.0,1.9863945578231323,84.33333333333333,82.57142857142857,8.0,35.0,10.676870748299322,93.33333333333333,90.28571428571429,-12.0,-12.0,-0.6292517006802711,75.33333333333333,80.57142857142857,8.0,9.0,11.234693877551024,95.33333333333333,98.0,14.0,0.0,38.085034013605444,82.33333333333333,76.71428571428571,-13.0,-5.0,-3.7210884353741562,73.33333333333333,78.85714285714286,1.0,-5.0,-14.53496503496504,8100.0,6942.857142857143,-1800.0,-9900.0,2256.1224489795923,900.0,1671.4285714285713,-900.0,0.0,-3538.7755102040815,,,,,,,,,,,,,,,,,,,,,,,,,,,,,,,,,,,,,,,,,,,,,,,,,,,,,,,,20.8,21.585714285714285,3.1000000000000014,-7.799999999999997,4.8782312925170075,11.566666666666665,10.457142857142857,-3.5999999999999996,-8.899999999999999,0.46326530612244987,15.999999999999995,15.85714285714286,1.1000000000000014,-8.2,3.1425170068027217,63.333333333333336,51.142857142857146,-16.0,17.0,-13.676870748299322,1011.3000000000002,1012.3857142857142,2.3999999999999773,2.699999999999932,-4.141156462584945,20.3,21.442857142857143,4.9,-6.300000000000001,2.5697278911564645,3.300000000000001,1.4142857142857144,-1.6,0.0,-2.8619047619047615,-2.3999999999999773,-3.8999999999999773,False,1.1000000000000014,4.699999999999999,4,5,2,False,False,False,False,False,False,False,True,False,0,-0.4040264321510716,0
2026-05-09,73,-0.02,0.18,77,72,62,70,91,68,92,80,62.0,5400,900,,,,,,,,,,,,22.4,12.1,16.4,63,1010.6,15.1,0.5,79.33333333333333,78.57142857142857,-6.0,11.0,-6.0,-0.15666666666666662,-0.011428571428571389,0.53,-0.4,-0.04503401360544218,0.06666666666666671,0.011428571428571429,0.16999999999999998,0.07999999999999999,0.1079109589041096,81.66666666666667,81.0,-6.0,-4.0,1.2891156462585087,83.33333333333333,78.57142857142857,-23.0,-6.0,0.17006802721088832,81.0,76.57142857142857,-24.0,21.0,-22.013605442176868,80.0,79.57142857142857,-19.0,-13.0,-8.323129251700678,91.0,89.57142857142857,6.0,-7.0,5.370748299319729,78.0,78.42857142857143,-19.0,8.0,-7.765306122448976,92.66666666666667,96.85714285714286,-8.0,-8.0,30.085034013605444,78.33333333333333,78.0,9.0,-12.0,5.278911564625844,68.33333333333333,75.0,-10.0,-15.0,-24.53496503496504,7200.0,7328.571428571428,-1800.0,-2700.0,456.12244897959226,600.0,1157.142857142857,900.0,-900.0,-2638.7755102040815,,,,,,,,,,,,,,,,,,,,,,,,,,,,,,,,,,,,,,,,,,,,,,,,,,,,,,,,20.833333333333332,22.62857142857143,0.7999999999999972,0.09999999999999787,5.678231292517005,10.23333333333333,11.042857142857143,4.6,-4.000000000000002,5.0632653061224495,14.966666666666663,16.514285714285712,1.5999999999999979,-3.1000000000000014,4.74251700680272,61.0,52.42857142857143,11.0,-7.0,-2.676870748299322,1011.6666666666669,1011.9714285714286,-2.7999999999999545,1.1000000000000227,-6.9411564625849,16.6,21.04285714285714,-4.700000000000001,-11.1,-2.1302721088435366,0.7000000000000012,1.4857142857142858,0.5,-7.800000000000001,-2.3619047619047615,2.7999999999999545,0.39999999999997726,False,1.5999999999999979,2.6999999999999993,5,5,2,False,False,False,False,False,False,False,True,False,0,-0.4029963837535793,0
2026-05-10,81,-0.3,-0.16,85,84,90,97,96,81,100,75,60.0,4500,0,,,,,,,,,,,,27.2,10.3,18.1,73,1013.0,20.7,0.4,77.66666666666667,78.0,8.0,-5.0,2.0,-0.29,-0.051428571428571386,-0.27999999999999997,-0.4,-0.32503401360544215,0.010000000000000037,-0.0071428571428571435,-0.33999999999999997,-0.17,-0.2320890410958904,81.66666666666667,81.71428571428571,8.0,0.0,9.289115646258509,83.66666666666667,78.42857142857143,12.0,1.0,12.170068027210888,79.33333333333333,77.14285714285714,28.0,-5.0,5.986394557823132,85.33333333333333,80.42857142857143,27.0,16.0,18.676870748299322,90.66666666666667,93.14285714285714,5.0,-1.0,10.370748299319729,78.66666666666667,76.28571428571429,13.0,2.0,5.234693877551024,97.33333333333333,96.85714285714286,8.0,14.0,38.085034013605444,75.33333333333333,79.57142857142857,-5.0,-9.0,0.27891156462584377,64.66666666666667,71.71428571428571,-2.0,-11.0,-26.53496503496504,5700.0,7714.285714285715,-900.0,-4500.0,-443.87755102040774,300.0,514.2857142857143,-900.0,-900.0,-3538.7755102040815,,,,,,,,,,,,,,,,,,,,,,,,,,,,,,,,,,,,,,,,,,,,,,,,,,,,,,,,23.733333333333334,24.02857142857143,4.800000000000001,8.7,10.478231292517005,9.966666666666665,11.785714285714286,-1.799999999999999,-0.7999999999999989,3.2632653061224506,16.433333333333334,17.542857142857144,1.7000000000000028,4.400000000000002,6.442517006802722,62.666666666666664,57.0,10.0,5.0,7.323129251700678,1012.3333333333335,1011.6000000000001,2.3999999999999773,2.0,-4.541156462584922,18.533333333333335,20.985714285714284,5.6,5.799999999999999,3.469727891156463,0.3000000000000012,1.542857142857143,-0.09999999999999998,-1.2000000000000002,-2.4619047619047616,-2.3999999999999773,0.39999999999997726,False,1.7000000000000028,3.3000000000000007,6,5,2,False,False,False,False,False,False,False,True,False,0,-0.4012500008314895,0
2026-05-11,81,-0.26,-0.3,79,89,90,81,94,85,99,61,66.0,0,2700,,,,,,,,,,,,16.5,10.8,13.2,61,1020.1,16.2,2.4,78.33333333333333,77.0,0.0,2.0,2.0,-0.19333333333333327,-0.04571428571428567,0.03999999999999998,0.29000000000000004,-0.28503401360544217,-0.09333333333333328,-0.022857142857142854,-0.13999999999999999,-0.31,-0.37208904109589036,80.33333333333333,81.14285714285714,-6.0,-4.0,3.2891156462585087,81.66666666666667,81.71428571428571,5.0,-6.0,17.17006802721089,80.66666666666667,77.14285714285714,0.0,4.0,5.986394557823132,82.66666666666667,79.28571428571429,-16.0,-8.0,2.676870748299322,93.66666666666667,94.0,-2.0,9.0,8.370748299319729,78.0,76.85714285714286,4.0,-2.0,9.234693877551024,97.0,96.71428571428571,-1.0,-1.0,37.085034013605444,72.0,77.0,-14.0,-10.0,-13.721088435374156,62.666666666666664,69.28571428571429,6.0,-6.0,-20.53496503496504,3300.0,7328.571428571428,-4500.0,-7200.0,-4943.877551020408,1200.0,900.0,2700.0,2700.0,-838.7755102040815,,,,,,,,,,,,,,,,,,,,,,,,,,,,,,,,,,,,,,,,,,,,,,,,,,,,,,,,22.03333333333333,22.557142857142853,-10.7,-5.100000000000001,-0.22176870748299393,11.066666666666663,12.042857142857144,0.5,3.3000000000000007,3.7632653061224506,15.899999999999999,16.95714285714286,-4.900000000000002,-1.6000000000000014,1.5425170068027203,65.66666666666667,60.285714285714285,-12.0,9.0,-4.676870748299322,1014.5666666666667,1012.6142857142858,7.100000000000023,6.7000000000000455,2.5588435374151004,17.333333333333332,19.857142857142858,-4.5,-3.6000000000000014,-1.030272108843537,1.1000000000000012,1.885714285714286,2.0,2.4,-0.4619047619047616,-7.100000000000023,-9.5,True,4.900000000000002,3.1999999999999993,0,5,2,False,False,False,False,False,False,False,False,False,0,-0.405699875152934,0
2026-05-12,79,0.23,0.04,75,68,86,89,67,87,79,66,74.0,10800,900,,,,,,,,,,,,20.8,7.2,14.0,58,1021.6,11.3,0.0,80.33333333333333,77.28571428571429,-2.0,6.0,0.0,-0.10999999999999992,-0.059999999999999956,0.49,0.25,0.20496598639455782,-0.13999999999999996,-0.017142857142857137,0.33999999999999997,-0.13999999999999999,-0.0320890410958904,79.66666666666667,80.71428571428571,-4.0,-2.0,-0.7108843537414913,80.33333333333333,81.28571428571429,-21.0,-4.0,-3.8299319727891117,88.66666666666667,78.57142857142857,-4.0,24.0,1.9863945578231323,89.0,84.28571428571429,8.0,19.0,10.676870748299322,85.66666666666667,89.71428571428571,-27.0,-24.0,-18.62925170068027,84.33333333333333,78.14285714285714,2.0,19.0,11.234693877551024,92.66666666666667,93.71428571428571,-20.0,-13.0,17.085034013605444,67.33333333333333,75.57142857142857,5.0,-14.0,-8.721088435374156,66.66666666666667,68.85714285714286,8.0,12.0,-12.53496503496504,5100.0,6428.571428571428,10800.0,5400.0,5856.122448979592,1200.0,1028.5714285714287,-1800.0,0.0,-2638.7755102040815,,,,,,,,,,,,,,,,,,,,,,,,,,,,,,,,,,,,,,,,,,,,,,,,,,,,,,,,21.5,21.32857142857143,4.300000000000001,-1.5999999999999979,4.078231292517007,9.433333333333332,10.728571428571428,-3.6000000000000005,-4.8999999999999995,0.16326530612245005,15.1,15.671428571428574,0.8000000000000007,-2.3999999999999986,2.342517006802721,64.0,63.57142857142857,-3.0,-5.0,-7.676870748299322,1018.2333333333336,1014.1714285714286,1.5,11.0,4.0588435374151,16.066666666666666,17.742857142857144,-4.899999999999999,-3.799999999999999,-5.9302721088435355,0.9333333333333345,1.885714285714286,-2.4,-0.5,-2.8619047619047615,-1.5,-8.600000000000023,False,0.8000000000000007,4.100000000000001,1,5,2,False,False,False,False,False,False,False,True,False,0,-0.39612717245365653,0
2026-05-13,69,-0.02,-0.15,75,68,83,37,96,74,100,73,82.0,5400,900,,,,,,,,,,,,24.1,13.1,17.3,58,1013.1,21.7,10.1,76.33333333333333,78.28571428571429,-10.0,-12.0,-10.0,-0.016666666666666594,-0.11714285714285712,-0.25,0.27999999999999997,-0.04503401360544218,-0.13666666666666663,-0.05285714285714286,-0.19,0.010000000000000009,-0.2220890410958904,76.33333333333333,79.85714285714286,0.0,-10.0,-0.7108843537414913,75.0,79.85714285714286,0.0,-16.0,-3.8299319727891117,86.33333333333333,84.57142857142857,-3.0,-7.0,-1.0136054421768677,69.0,77.71428571428571,-52.0,-60.0,-41.32312925170068,85.66666666666667,89.42857142857143,29.0,0.0,10.370748299319729,82.0,80.14285714285714,-13.0,-7.0,-1.7653061224489761,92.66666666666667,93.71428571428571,21.0,0.0,38.085034013605444,66.66666666666667,72.85714285714286,7.0,-2.0,-1.7210884353741562,74.0,69.57142857142857,8.0,22.0,-4.53496503496504,5400.0,6042.857142857143,-5400.0,900.0,456.12244897959226,1500.0,900.0,0.0,900.0,-2638.7755102040815,,,,,,,,,,,,,,,,,,,,,,,,,,,,,,,,,,,,,,,,,,,,,,,,,,,,,,,,20.466666666666665,21.585714285714285,3.3000000000000007,-3.099999999999998,7.3782312925170075,10.366666666666665,10.3,5.8999999999999995,2.799999999999999,6.0632653061224495,14.83333333333333,15.35714285714286,3.3000000000000007,-0.8000000000000007,5.642517006802722,59.0,61.857142857142854,0.0,-15.0,-7.676870748299322,1018.2666666666669,1014.6857142857143,-8.5,0.10000000000002274,-4.4411564625849,16.400000000000002,17.1,10.399999999999999,1.0,4.469727891156463,4.166666666666668,2.142857142857143,10.1,9.7,7.238095238095238,8.5,7.0,True,3.3000000000000007,4.100000000000001,2,5,2,False,False,False,False,False,False,True,True,True,1,-0.41470131729429494,0
2026-05-14,85,-0.03,-0.04,80,78,81,83,95,73,88,76,84.0,9900,900,,,,,,,,,,,,16.8,11.1,13.6,69,1010.4,19.9,1.2,77.66666666666667,78.14285714285714,16.0,4.0,6.0,0.06000000000000008,-0.13571428571428568,-0.009999999999999998,0.23,-0.055034013605442175,-0.04999999999999994,-0.06,0.10999999999999999,0.26,-0.11208904109589041,76.66666666666667,79.14285714285714,5.0,1.0,4.289115646258509,71.33333333333333,79.14285714285714,10.0,-11.0,6.170068027210888,83.33333333333333,82.57142857142857,-2.0,-9.0,-3.0136054421768677,69.66666666666667,78.0,46.0,2.0,4.676870748299322,86.0,89.14285714285714,-1.0,1.0,9.370748299319729,78.0,79.28571428571429,-1.0,-12.0,-2.765306122448976,89.0,94.0,-12.0,-11.0,26.085034013605444,71.66666666666667,71.71428571428571,3.0,15.0,1.2789115646258438,80.0,71.42857142857143,2.0,18.0,-2.5349650349650403,8700.0,6171.428571428572,4500.0,9900.0,4956.122448979592,900.0,900.0,0.0,-1800.0,-2638.7755102040815,,,,,,,,,,,,,,,,,,,,,,,,,,,,,,,,,,,,,,,,,,,,,,,,,,,,,,,,20.566666666666666,21.342857142857145,-7.300000000000001,0.3000000000000007,0.07823129251700678,10.466666666666663,10.3,-2.0,0.29999999999999893,4.0632653061224495,14.966666666666663,15.342857142857143,-3.700000000000001,0.40000000000000036,1.9425170068027207,61.666666666666664,62.0,11.0,8.0,3.323129251700678,1015.0333333333334,1014.6,-2.7000000000000455,-9.700000000000045,-7.141156462584945,17.633333333333336,17.814285714285713,-1.8000000000000007,3.6999999999999993,2.6697278911564624,3.7666666666666675,2.085714285714286,-8.9,-1.2,-1.6619047619047616,2.7000000000000455,11.200000000000045,False,3.700000000000001,0.40000000000000036,3,5,2,False,False,False,False,False,False,False,True,False,0,-0.39609076017771877,0
2026-05-15,76,0.09,0.14,79,55,81,86,84,67,100,82,85.0,4500,900,,,,,,,,,,,,21.3,10.1,15.5,56,1015.1,18.1,0.0,76.66666666666667,77.71428571428571,-9.0,-3.0,-3.0,0.01333333333333341,-0.04428571428571425,0.12,-0.14,0.06496598639455782,-0.016666666666666607,-0.041428571428571426,0.18000000000000002,0.1,0.06791095890410961,78.0,78.57142857142857,-1.0,4.0,3.2891156462585087,67.0,73.42857142857143,-23.0,-13.0,-16.82993197278911,81.66666666666667,81.85714285714286,0.0,-5.0,-3.0136054421768677,68.66666666666667,77.57142857142857,3.0,-3.0,7.676870748299322,91.66666666666667,89.0,-11.0,17.0,-1.6292517006802711,71.33333333333333,76.42857142857143,-6.0,-20.0,-8.765306122448976,96.0,94.0,12.0,21.0,38.085034013605444,77.0,73.28571428571429,6.0,16.0,7.278911564625844,83.66666666666667,73.28571428571429,1.0,11.0,-1.5349650349650403,6600.0,5785.714285714285,-5400.0,-6300.0,-443.87755102040774,900.0,1028.5714285714287,0.0,0.0,-2638.7755102040815,,,,,,,,,,,,,,,,,,,,,,,,,,,,,,,,,,,,,,,,,,,,,,,,,,,,,,,,20.733333333333334,21.300000000000004,4.5,0.5,4.578231292517007,11.433333333333332,10.671428571428573,-1.0,2.8999999999999995,3.0632653061224495,15.466666666666663,15.442857142857141,1.9000000000000004,1.5,3.842517006802721,61.0,62.57142857142857,-13.0,-2.0,-9.676870748299322,1012.8666666666668,1014.8428571428573,4.7000000000000455,-6.5,-2.4411564625848996,19.900000000000002,17.571428571428573,-1.7999999999999972,6.800000000000001,0.8697278911564652,3.7666666666666675,2.085714285714286,-1.2,0.0,-2.8619047619047615,-4.7000000000000455,-2.0,False,1.9000000000000004,1.8000000000000007,4,5,2,False,False,False,False,False,False,False,True,False,0,-0.3758320272141375,0
2026-05-16,81,0.37,0.15,86,58,95,97,98,68,96,89,90.0,8100,900,,,,,,,,,,,,28.6,10.9,19.6,60,1017.7,19.2,0.7,80.66666666666667,78.85714285714286,5.0,12.0,2.0,0.1433333333333334,0.01142857142857147,0.28,0.39,0.34496598639455783,0.08333333333333338,-0.04571428571428571,0.009999999999999981,0.3,0.0779109589041096,81.66666666666667,79.85714285714286,7.0,11.0,10.289115646258509,63.666666666666664,71.42857142857143,3.0,-10.0,-13.829931972789112,85.66666666666667,86.57142857142857,14.0,12.0,10.986394557823132,88.66666666666667,81.42857142857143,11.0,60.0,18.676870748299322,92.33333333333333,90.0,14.0,2.0,12.370748299319729,69.33333333333333,76.42857142857143,1.0,-6.0,-7.765306122448976,94.66666666666667,94.57142857142857,-4.0,-4.0,34.085034013605444,82.33333333333333,74.57142857142857,7.0,16.0,14.278911564625844,86.33333333333333,77.28571428571429,5.0,8.0,3.4650349650349597,7500.0,6171.428571428572,3600.0,2700.0,3156.1224489795923,900.0,1028.5714285714287,0.0,0.0,-2638.7755102040815,,,,,,,,,,,,,,,,,,,,,,,,,,,,,,,,,,,,,,,,,,,,,,,,,,,,,,,,22.233333333333334,22.185714285714287,7.300000000000001,4.5,11.878231292517007,10.699999999999998,10.5,0.8000000000000007,-2.1999999999999993,3.8632653061224502,16.23333333333333,15.900000000000002,4.100000000000001,2.3000000000000007,7.942517006802722,61.666666666666664,62.142857142857146,4.0,2.0,-5.676870748299322,1014.4000000000002,1015.8571428571429,2.6000000000000227,4.600000000000023,0.15884353741512314,19.066666666666666,18.157142857142855,1.0999999999999979,-2.5,1.969727891156463,0.6333333333333345,2.1142857142857143,0.7,-9.4,-2.1619047619047613,-2.6000000000000227,-7.300000000000068,False,4.100000000000001,6.000000000000002,5,5,2,False,False,False,True,False,False,False,True,False,0,-0.38422099184181374,0
2026-05-17,45,0.5,0.23,66,55,67,86,73,62,53,66,94.0,4500,1800,,,,,,,,,,,,29.7,16.5,23.4,66,1018.6,12.5,1.8,67.33333333333333,73.71428571428571,-36.0,-40.0,-34.0,0.32000000000000006,0.12571428571428575,0.13,0.53,0.47496598639455784,0.17333333333333337,0.010000000000000009,0.08000000000000002,0.27,0.1579109589041096,77.0,77.14285714285714,-20.0,-14.0,-9.710884353741491,56.0,67.28571428571429,-3.0,-23.0,-16.82993197278911,81.0,83.28571428571429,-28.0,-14.0,-17.013605442176868,89.66666666666667,79.85714285714286,-11.0,3.0,7.676870748299322,85.0,86.71428571428571,-25.0,-22.0,-12.629251700680271,65.66666666666667,73.71428571428571,-6.0,-11.0,-13.765306122448976,83.0,87.85714285714286,-43.0,-35.0,-8.914965986394556,79.0,73.28571428571429,-23.0,-10.0,-8.721088435374156,89.66666666666667,82.14285714285714,4.0,10.0,7.46503496503496,5700.0,6171.428571428572,-3600.0,-5400.0,-443.87755102040774,1200.0,1285.7142857142858,900.0,900.0,-1738.7755102040815,,,,,,,,,,,,,,,,,,,,,,,,,,,,,,,,,,,,,,,,,,,,,,,,,,,,,,,,26.533333333333335,22.542857142857144,1.0999999999999979,12.899999999999999,12.978231292517005,12.499999999999998,11.385714285714286,5.6,5.4,9.46326530612245,19.499999999999996,16.657142857142862,3.799999999999997,9.799999999999999,11.74251700680272,60.666666666666664,61.142857142857146,6.0,-3.0,0.32312925170067786,1017.1333333333336,1016.657142857143,0.8999999999999773,8.200000000000045,1.0588435374151004,16.600000000000005,16.985714285714288,-6.699999999999999,-7.399999999999999,-4.730272108843536,0.8333333333333345,2.314285714285714,1.1,0.6000000000000001,-1.0619047619047615,-0.8999999999999773,-3.5,False,3.799999999999997,7.899999999999999,6,5,2,False,False,False,True,False,True,True,True,False,1,-0.43066853557891055,0
2026-05-18,89,0.17,0.21,91,67,86,91,100,84,100,96,94.0,9900,0,,,,,,,,,,,,34.7,18.9,27.4,56,1020.3,13.0,0.0,71.66666666666667,74.85714285714286,44.0,13.0,10.0,0.34666666666666673,0.1871428571428572,-0.32999999999999996,0.08000000000000002,0.14496598639455782,0.19666666666666668,0.08285714285714287,-0.020000000000000018,0.06999999999999998,0.1379109589041096,81.0,78.85714285714286,25.0,12.0,15.289115646258509,60.0,64.14285714285714,12.0,12.0,-4.829931972789112,82.66666666666667,82.71428571428571,19.0,5.0,1.9863945578231323,91.33333333333333,81.28571428571429,5.0,5.0,12.676870748299322,90.33333333333333,87.57142857142857,27.0,16.0,14.370748299319729,71.33333333333333,73.57142857142857,22.0,17.0,8.234693877551024,83.0,88.0,47.0,0.0,38.085034013605444,83.66666666666667,78.28571428571429,30.0,14.0,21.278911564625844,92.66666666666667,86.14285714285714,0.0,9.0,7.46503496503496,7500.0,7585.714285714285,5400.0,5400.0,4956.122448979592,900.0,900.0,-1800.0,-900.0,-3538.7755102040815,,,,,,,,,,,,,,,,,,,,,,,,,,,,,,,,,,,,,,,,,,,,,,,,,,,,,,,,31.0,25.142857142857142,5.0000000000000036,13.400000000000002,17.97823129251701,15.433333333333332,12.542857142857144,2.3999999999999986,8.799999999999999,11.863265306122448,23.466666666666665,18.685714285714287,4.0,11.899999999999999,15.74251700680272,60.666666666666664,60.42857142857143,-10.0,0.0,-9.676870748299322,1018.8666666666668,1016.6857142857143,1.6999999999999318,5.199999999999932,2.758843537415032,14.9,16.52857142857143,0.5,-5.100000000000001,-4.230272108843536,0.8333333333333345,1.9714285714285713,-1.8,0.0,-2.8619047619047615,-1.6999999999999318,-2.599999999999909,False,4.0,7.799999999999997,0,5,2,False,False,False,False,False,False,False,True,False,0,-0.4209431543491594,0
2026-05-19,62,0.3,0.4,71,54,88,97,67,56,94,65,94.0,0,4500,,,,,,,,,,,,35.5,22.2,28.9,50,1018.8,13.0,0.0,65.33333333333333,72.42857142857143,-27.0,-19.0,-17.0,0.3233333333333334,0.1971428571428572,0.12999999999999998,-0.07,0.2749659863945578,0.2800000000000001,0.13428571428571429,0.19000000000000003,0.25,0.3279109589041096,76.0,78.28571428571429,-20.0,-15.0,-4.710884353741491,58.666666666666664,62.142857142857146,-13.0,-4.0,-17.82993197278911,80.33333333333333,83.0,2.0,-7.0,3.9863945578231323,91.33333333333333,82.42857142857143,6.0,0.0,18.676870748299322,80.0,87.57142857142857,-33.0,-31.0,-18.62925170068027,67.33333333333333,69.14285714285714,-28.0,-12.0,-19.765306122448976,82.33333333333333,90.14285714285714,-6.0,-2.0,32.085034013605444,75.66666666666667,78.14285714285714,-31.0,-24.0,-9.721088435374156,94.0,89.0,0.0,4.0,7.46503496503496,4800.0,6042.857142857143,-9900.0,-8100.0,-4943.877551020408,2100.0,1414.2857142857142,4500.0,3600.0,961.2244897959185,,,,,,,,,,,,,,,,,,,,,,,,,,,,,,,,,,,,,,,,,,,,,,,,,,,,,,,,33.300000000000004,27.24285714285714,0.7999999999999972,6.899999999999999,18.778231292517006,19.2,14.685714285714285,3.3000000000000007,11.299999999999999,15.16326530612245,26.566666666666663,20.814285714285717,1.5,9.299999999999997,17.24251700680272,57.333333333333336,59.285714285714285,-6.0,-10.0,-15.676870748299322,1019.2333333333335,1016.2857142857143,-1.5,1.099999999999909,1.2588435374150322,12.833333333333336,16.771428571428572,0.0,-6.199999999999999,-4.230272108843536,0.6000000000000012,1.9714285714285713,0.0,-0.7,-2.8619047619047615,1.5,-0.1999999999999318,False,1.5,5.5,1,5,2,False,False,False,False,False,False,True,False,False,0,-0.4419038208085515,0
2026-05-20,83,0.38,0.42,85,73,88,72,98,82,100,85,89.0,4500,3600,,,,,,,,,,,,35.2,21.1,27.1,62,1016.6,19.8,10.6,78.0,74.42857142857143,21.0,38.0,4.0,0.2833333333333334,0.25428571428571434,0.08000000000000002,-0.12,0.35496598639455784,0.34333333333333343,0.21571428571428572,0.019999999999999962,0.18999999999999997,0.3479109589041096,82.33333333333333,79.71428571428571,14.0,19.0,9.289115646258509,64.66666666666667,62.857142857142854,19.0,18.0,1.1700680272108883,87.33333333333333,83.71428571428571,0.0,21.0,3.9863945578231323,86.66666666666667,87.42857142857143,-25.0,-14.0,-6.323129251700678,88.33333333333333,87.85714285714286,31.0,25.0,12.370748299319729,74.0,70.28571428571429,26.0,20.0,6.234693877551024,98.0,90.14285714285714,6.0,47.0,38.085034013605444,82.0,79.85714285714286,20.0,19.0,10.278911564625844,92.33333333333333,90.0,-5.0,-5.0,2.4650349650349597,4800.0,5914.285714285715,4500.0,0.0,-443.87755102040774,2700.0,1800.0,-900.0,1800.0,61.224489795918544,,,,,,,,,,,,,,,,,,,,,,,,,,,,,,,,,,,,,,,,,,,,,,,,,,,,,,,,35.13333333333333,28.82857142857143,-0.29999999999999716,5.5000000000000036,18.47823129251701,20.73333333333333,15.828571428571427,-1.0999999999999979,4.600000000000001,14.063265306122451,27.799999999999997,22.214285714285715,-1.7999999999999972,3.700000000000003,15.442517006802722,56.0,59.857142857142854,12.0,-4.0,-3.676870748299322,1018.5666666666667,1016.7857142857143,-2.199999999999932,-2.0,-0.9411564625848996,15.266666666666671,16.5,6.800000000000001,7.300000000000001,2.5697278911564645,3.5333333333333345,2.0428571428571427,10.6,8.799999999999999,7.738095238095238,2.199999999999932,3.699999999999932,False,1.7999999999999972,0.29999999999999716,2,5,2,False,False,False,True,False,False,False,True,False,0,-0.4140384707603195,0
2026-05-21,60,0.32,0.3,55,30,79,67,53,63,92,38,90.0,0,1800,,,,,,,,,,,,20.6,13.7,17.1,86,1021.4,15.7,10.1,68.33333333333333,70.85714285714286,-23.0,-29.0,-19.0,0.3333333333333334,0.3042857142857143,-0.06,0.15,0.29496598639455784,0.37333333333333335,0.2642857142857143,-0.12,0.09,0.2279109589041096,70.33333333333333,76.14285714285714,-30.0,-36.0,-20.71088435374149,52.333333333333336,56.0,-43.0,-37.0,-41.82993197278911,85.0,83.42857142857143,-9.0,-7.0,-5.013605442176868,78.66666666666667,85.14285714285714,-5.0,-24.0,-11.323129251700678,72.66666666666667,81.85714285714286,-45.0,-47.0,-32.62925170068027,67.0,68.85714285714286,-19.0,-21.0,-12.765306122448976,95.33333333333333,90.71428571428571,-8.0,-8.0,30.085034013605444,62.666666666666664,74.42857142857143,-47.0,-58.0,-36.721088435374156,91.0,90.85714285714286,1.0,-4.0,3.4650349650349597,1500.0,4500.0,-4500.0,-9900.0,-4943.877551020408,3300.0,1928.5714285714287,-1800.0,1800.0,-1738.7755102040815,,,,,,,,,,,,,,,,,,,,,,,,,,,,,,,,,,,,,,,,,,,,,,,,,,,,,,,,30.433333333333337,29.37142857142857,-14.600000000000001,-14.100000000000001,3.8782312925170075,19.0,16.2,-7.400000000000002,-5.199999999999999,6.663265306122449,24.366666666666664,22.714285714285715,-10.0,-10.299999999999997,5.442517006802722,66.0,62.285714285714285,24.0,30.0,20.323129251700678,1018.9333333333334,1018.3571428571429,4.7999999999999545,1.1000000000000227,3.858843537415055,16.166666666666668,15.900000000000002,-4.100000000000001,2.6999999999999993,-1.530272108843537,6.900000000000001,3.314285714285714,-0.5,10.1,7.238095238095238,-4.7999999999999545,-2.6000000000000227,False,10.0,11.799999999999997,3,5,2,False,False,False,True,False,True,True,False,False,1,-0.49799388261351035,1
2026-05-22,64,0.11,0.28,72,82,81,99,63,70,100,53,91.0,1800,9000,,,,,,,,,,,,14.6,11.2,13.3,95,1025.8,16.8,21.5,69.0,69.14285714285714,4.0,2.0,-15.0,0.2700000000000001,0.3071428571428572,-0.21000000000000002,-0.19,0.08496598639455782,0.3333333333333333,0.2842857142857143,-0.019999999999999962,-0.12,0.20791095890410963,70.66666666666667,75.14285714285714,17.0,1.0,-3.7108843537414913,61.666666666666664,59.857142857142854,52.0,28.0,10.170068027210888,82.66666666666667,83.42857142857143,2.0,-7.0,-3.0136054421768677,79.33333333333333,87.0,32.0,2.0,20.676870748299322,71.33333333333333,78.85714285714286,10.0,-4.0,-22.62925170068027,71.66666666666667,69.28571428571429,7.0,14.0,-5.765306122448976,97.33333333333333,90.71428571428571,8.0,6.0,38.085034013605444,58.666666666666664,70.28571428571429,15.0,-12.0,-21.721088435374156,90.0,91.71428571428571,1.0,-3.0,4.46503496503496,2100.0,4114.285714285715,1800.0,1800.0,-3143.8775510204077,4800.0,3085.714285714286,7200.0,4500.0,5461.224489795919,,,,,,,,,,,,,,,,,,,,,,,,,,,,,,,,,,,,,,,,,,,,,,,,,,,,,,,,23.46666666666667,28.414285714285715,-6.000000000000002,-20.9,-2.1217687074829943,15.33333333333333,16.357142857142858,-2.5,-11.0,4.163265306122449,19.166666666666664,22.400000000000002,-3.8000000000000007,-15.599999999999998,1.6425170068027217,81.0,67.85714285714286,9.0,45.0,29.323129251700678,1021.2666666666668,1019.8857142857142,4.399999999999977,7.0,8.258843537415032,17.433333333333337,15.714285714285714,1.1000000000000014,3.8000000000000007,-0.4302721088435355,14.066666666666668,6.385714285714286,11.4,21.5,18.63809523809524,-4.399999999999977,-9.199999999999932,False,3.8000000000000007,13.8,4,5,2,False,False,False,False,False,False,True,True,False,0,-0.44698830717880345,0
2026-05-23,86,0.03,0.27,96,86,97,97,100,86,97,100,93.0,0,12600,,,,,,,,,,,,13.4,10.5,11.6,93,1027.0,19.2,14.5,70.0,69.85714285714286,22.0,3.0,7.0,0.1533333333333334,0.2585714285714286,-0.08,-0.35,0.0049659863945578225,0.2833333333333334,0.3014285714285715,-0.010000000000000009,-0.14999999999999997,0.19791095890410962,74.33333333333333,76.57142857142857,24.0,11.0,20.28911564625851,66.0,63.857142857142854,4.0,13.0,14.170068027210888,85.66666666666667,83.71428571428571,16.0,9.0,12.986394557823132,87.66666666666667,87.0,-2.0,25.0,18.676870748299322,72.0,79.14285714285714,37.0,2.0,14.370748299319729,73.0,71.85714285714286,16.0,4.0,10.234693877551024,96.33333333333333,90.85714285714286,-3.0,-3.0,35.085034013605444,63.666666666666664,71.85714285714286,47.0,15.0,25.278911564625844,91.33333333333333,92.14285714285714,2.0,4.0,6.46503496503496,600.0,2957.1428571428573,-1800.0,-4500.0,-4943.877551020408,7800.0,4757.142857142857,3600.0,9000.0,9061.224489795919,,,,,,,,,,,,,,,,,,,,,,,,,,,,,,,,,,,,,,,,,,,,,,,,,,,,,,,,16.200000000000003,26.24285714285714,-1.1999999999999993,-21.800000000000004,-3.3217687074829936,11.799999999999997,16.3,-0.6999999999999993,-10.600000000000001,3.46326530612245,13.999999999999998,21.25714285714286,-1.700000000000001,-15.500000000000002,-0.05748299319727934,91.33333333333333,72.57142857142857,-2.0,31.0,27.323129251700678,1024.7333333333336,1021.2142857142857,1.2000000000000455,10.399999999999977,9.458843537415078,17.233333333333338,15.714285714285714,2.3999999999999986,-0.6000000000000014,1.969727891156463,15.366666666666667,8.357142857142858,-7.0,3.9000000000000004,11.63809523809524,-1.2000000000000455,-5.600000000000023,False,1.700000000000001,5.500000000000002,5,5,2,False,False,False,False,False,False,False,False,False,0,-0.43111202873452553,0
2026-05-24,70,-0.04,0.18,69,68,95,91,53,93,100,40,89.0,900,16200,,,,,,,,,,,,19.1,11.6,15.0,90,1023.6,12.0,4.9,73.33333333333333,73.42857142857143,-16.0,10.0,-9.0,0.03333333333333341,0.1814285714285715,-0.07,-0.36,-0.06503401360544217,0.2433333333333334,0.2942857142857143,-0.09000000000000002,-0.12,0.1079109589041096,79.0,77.0,-27.0,14.0,-6.710884353741491,78.66666666666667,65.71428571428571,-18.0,38.0,-3.8299319727891117,91.0,87.71428571428571,-2.0,16.0,10.986394557823132,95.66666666666667,87.71428571428571,-6.0,24.0,12.676870748299322,72.0,76.28571428571429,-47.0,0.0,-32.62925170068027,83.0,76.28571428571429,7.0,30.0,17.234693877551024,99.0,97.57142857142857,3.0,8.0,38.085034013605444,64.33333333333333,68.14285714285714,-60.0,2.0,-34.721088435374156,91.0,91.42857142857143,-4.0,-1.0,2.4650349650349597,900.0,2442.8571428571427,900.0,900.0,-4043.8775510204077,12600.0,6814.285714285715,3600.0,14400.0,12661.224489795919,,,,,,,,,,,,,,,,,,,,,,,,,,,,,,,,,,,,,,,,,,,,,,,,,,,,,,,,15.700000000000003,24.72857142857143,5.700000000000001,-1.5,2.3782312925170075,11.1,15.6,1.0999999999999996,-2.0999999999999996,4.5632653061224495,13.299999999999997,20.057142857142857,3.4000000000000004,-2.1000000000000014,3.342517006802721,92.66666666666667,76.0,-3.0,4.0,24.323129251700678,1025.466666666667,1021.9285714285713,-3.3999999999999773,2.2000000000000455,6.0588435374151,16.000000000000004,15.642857142857142,-7.199999999999999,-3.6999999999999993,-5.230272108843536,13.633333333333333,8.8,-9.6,-5.199999999999999,2.038095238095239,3.3999999999999773,2.199999999999932,False,3.4000000000000004,1.6999999999999993,6,5,2,False,False,False,False,False,True,False,True,False,0,-0.4553711716437174,1
2026-05-25,91,0.02,0.09,92,83,74,94,100,84,100,97,89.0,900,1800,,,,,,,,,,,,23.0,15.8,19.6,93,1019.0,8.8,4.7,82.33333333333333,73.71428571428571,21.0,27.0,12.0,0.003333333333333407,0.16000000000000006,0.06,-0.09,-0.005034013605442176,0.18000000000000005,0.2771428571428572,-0.09,-0.19000000000000003,0.017910958904109597,85.66666666666667,77.14285714285714,23.0,20.0,16.28911564625851,79.0,68.0,15.0,1.0,11.170068027210888,88.66666666666667,86.0,-21.0,-7.0,-10.013605442176868,94.0,88.14285714285714,3.0,-5.0,15.676870748299322,84.33333333333333,76.28571428571429,47.0,37.0,14.370748299319729,87.66666666666667,76.28571428571429,-9.0,14.0,8.234693877551024,99.0,97.57142857142857,0.0,0.0,38.085034013605444,79.0,68.28571428571429,57.0,44.0,22.278911564625844,90.33333333333333,90.71428571428571,0.0,-2.0,2.4650349650349597,600.0,1157.142857142857,0.0,-900.0,-4043.8775510204077,10200.0,7071.428571428572,-14400.0,-7200.0,-1738.7755102040815,,,,,,,,,,,,,,,,,,,,,,,,,,,,,,,,,,,,,,,,,,,,,,,,,,,,,,,,18.500000000000004,23.05714285714286,3.8999999999999986,8.4,6.278231292517006,12.633333333333333,15.157142857142858,4.200000000000001,4.600000000000001,8.76326530612245,15.399999999999997,18.942857142857143,4.600000000000001,6.300000000000001,7.942517006802722,92.0,81.28571428571429,3.0,-2.0,27.323129251700678,1023.2000000000002,1021.7428571428571,-4.600000000000023,-6.7999999999999545,1.4588435374150777,13.333333333333336,15.042857142857144,-3.1999999999999993,-8.0,-8.430272108843536,8.033333333333335,9.471428571428572,-0.20000000000000018,-16.8,1.8380952380952387,4.600000000000023,8.0,False,4.600000000000001,8.000000000000002,0,5,2,False,False,False,False,False,False,False,True,False,0,-0.44682923898302873,0
2026-05-26,81,0.19,0.12,80,57,96,89,97,89,100,64,83.0,0,15300,,,,,,,,,,,,23.8,17.7,20.6,90,1019.0,8.4,4.4,80.66666666666667,76.42857142857143,-10.0,-5.0,2.0,0.05666666666666675,0.14428571428571432,0.17,0.16,0.16496598639455784,0.13000000000000003,0.23714285714285713,0.03,-0.15000000000000002,0.047910958904109596,80.33333333333333,78.42857142857143,-12.0,-16.0,4.289115646258509,69.33333333333333,68.42857142857143,-26.0,-29.0,-14.829931972789112,88.33333333333333,87.14285714285714,22.0,-1.0,11.986394557823132,91.33333333333333,87.0,-5.0,-8.0,10.676870748299322,83.33333333333333,80.57142857142857,-3.0,-3.0,11.370748299319729,88.66666666666667,81.0,5.0,3.0,13.234693877551024,100.0,98.42857142857143,0.0,3.0,38.085034013605444,67.0,68.14285714285714,-33.0,-36.0,-10.721088435374156,87.0,89.14285714285714,-6.0,-10.0,-3.5349650349650403,600.0,1157.142857142857,-900.0,0.0,-4943.877551020408,11100.0,8614.285714285714,13500.0,2700.0,11761.224489795919,,,,,,,,,,,,,,,,,,,,,,,,,,,,,,,,,,,,,,,,,,,,,,,,,,,,,,,,21.96666666666667,21.38571428571429,0.8000000000000007,10.4,7.078231292517007,15.033333333333331,14.514285714285714,1.8999999999999986,7.199999999999999,10.66326530612245,18.399999999999995,17.75714285714286,1.0,9.000000000000002,8.942517006802722,91.0,87.0,-3.0,-3.0,24.323129251700678,1020.5333333333334,1021.7714285714285,0.0,-8.0,1.4588435374150777,9.733333333333336,14.385714285714286,-0.40000000000000036,-10.799999999999999,-8.830272108843536,4.666666666666668,10.1,-0.2999999999999998,-10.1,1.5380952380952388,-0.0,4.600000000000023,False,1.0,5.600000000000001,1,5,2,False,False,False,False,False,False,False,False,False,0,-0.42770294067931325,0
2026-05-27,76,0.08,0.06,84,85,96,89,97,90,100,69,82.0,2700,3600,,,,,,,,,,,,26.2,20.4,22.6,89,1013.5,11.9,6.6,82.66666666666667,75.42857142857143,-5.0,6.0,-3.0,0.09666666666666675,0.10142857142857147,-0.11,0.12,0.054965986394557825,0.09000000000000004,0.18571428571428572,-0.06,-0.12,-0.012089041095890402,85.33333333333333,78.28571428571429,4.0,15.0,8.289115646258509,75.0,70.14285714285714,28.0,17.0,13.170068027210888,88.66666666666667,88.28571428571429,0.0,1.0,11.986394557823132,90.66666666666667,89.42857142857143,0.0,-2.0,10.676870748299322,98.0,80.42857142857143,0.0,44.0,11.370748299319729,87.66666666666667,82.14285714285714,1.0,-3.0,14.234693877551024,100.0,98.42857142857143,0.0,0.0,38.085034013605444,76.66666666666667,65.85714285714286,5.0,29.0,-5.721088435374156,84.66666666666667,88.14285714285714,-1.0,-7.0,-4.53496503496504,1200.0,900.0,2700.0,1800.0,-2243.8775510204077,6900.0,8614.285714285714,-11700.0,-12600.0,61.224489795918544,,,,,,,,,,,,,,,,,,,,,,,,,,,,,,,,,,,,,,,,,,,,,,,,,,,,,,,,24.333333333333332,20.099999999999998,2.3999999999999986,7.099999999999998,9.478231292517005,17.966666666666665,14.414285714285713,2.6999999999999993,8.799999999999999,13.363265306122448,20.933333333333334,17.114285714285717,2.0,7.600000000000001,10.942517006802722,90.66666666666667,90.85714285714286,-1.0,-1.0,23.323129251700678,1017.1666666666669,1021.3285714285713,-5.5,-10.100000000000023,-4.041156462584922,9.700000000000003,13.257142857142856,3.5,-0.09999999999999964,-5.330272108843536,5.233333333333334,9.528571428571428,2.1999999999999993,1.6999999999999993,3.738095238095238,5.5,5.5,True,2.0,3.0,2,5,2,False,False,False,False,False,False,False,True,True,0,-0.413002122364338,0
2026-05-28,82,-0.12,0.04,81,34,93,89,97,79,94,80,77.0,900,6300,,,,,,,,,,,,25.4,17.3,21.8,65,1013.2,18.4,0.0,79.66666666666667,78.57142857142857,6.0,-9.0,3.0,0.05000000000000008,0.038571428571428625,-0.2,-0.13999999999999999,-0.14503401360544216,0.07333333333333339,0.14857142857142858,-0.019999999999999997,-0.049999999999999996,-0.0320890410958904,81.66666666666667,82.0,-3.0,-11.0,5.289115646258509,58.666666666666664,70.71428571428571,-51.0,-49.0,-37.82993197278911,95.0,90.28571428571429,-3.0,19.0,8.986394557823132,89.0,92.57142857142857,0.0,-5.0,10.676870748299322,97.0,86.71428571428571,0.0,-3.0,11.370748299319729,86.0,84.42857142857143,-11.0,-5.0,3.234693877551024,98.0,98.71428571428571,-6.0,-6.0,32.085034013605444,71.0,71.85714285714286,11.0,-17.0,5.278911564625844,80.66666666666667,86.28571428571429,-5.0,-12.0,-9.53496503496504,1200.0,1028.5714285714287,-1800.0,0.0,-4043.8775510204077,8400.0,9257.142857142857,2700.0,4500.0,2761.2244897959185,,,,,,,,,,,,,,,,,,,,,,,,,,,,,,,,,,,,,,,,,,,,,,,,,,,,,,,,25.133333333333336,20.785714285714285,-0.8000000000000007,2.3999999999999986,8.678231292517005,18.466666666666665,14.928571428571427,-3.099999999999998,1.5,10.26326530612245,21.666666666666668,17.78571428571429,-0.8000000000000007,2.1999999999999993,10.142517006802722,81.33333333333333,87.85714285714286,-24.0,-28.0,-0.6768707482993221,1015.2333333333336,1020.157142857143,-0.2999999999999545,-5.7999999999999545,-4.341156462584877,12.9,13.642857142857142,6.499999999999998,9.599999999999998,1.1697278911564624,3.666666666666668,8.085714285714285,-6.6,-4.7,-2.8619047619047615,0.2999999999999545,5.7999999999999545,False,0.8000000000000007,1.1999999999999993,3,5,2,False,False,False,False,False,False,False,True,False,0,-0.40717330607923263,0
2026-05-29,90,0.18,0.2,82,63,53,78,100,53,100,100,73.0,0,18000,,,,,,,,,,,,25.4,12.2,19.4,56,1015.4,12.7,0.0,82.66666666666667,82.28571428571429,8.0,9.0,11.0,0.046666666666666745,0.04857142857142862,0.3,-0.010000000000000009,0.15496598639455783,0.10000000000000005,0.13714285714285715,0.16,0.08000000000000002,0.1279109589041096,82.33333333333333,83.42857142857143,1.0,2.0,6.289115646258509,60.666666666666664,68.0,29.0,6.0,-8.829931972789112,80.66666666666667,86.28571428571429,-40.0,-43.0,-31.013605442176868,85.33333333333333,89.57142857142857,-11.0,-11.0,-0.32312925170067786,98.0,92.0,3.0,3.0,14.370748299319729,74.0,82.0,-26.0,-36.0,-22.765306122448976,98.0,98.71428571428571,6.0,0.0,38.085034013605444,83.0,78.57142857142857,20.0,36.0,25.278911564625844,77.33333333333333,83.71428571428571,-4.0,-10.0,-13.53496503496504,1200.0,771.4285714285714,-900.0,0.0,-4943.877551020408,9300.0,10542.857142857143,11700.0,2700.0,14461.224489795919,,,,,,,,,,,,,,,,,,,,,,,,,,,,,,,,,,,,,,,,,,,,,,,,,,,,,,,,25.666666666666668,22.32857142857143,0.0,1.5999999999999979,8.678231292517005,16.63333333333333,15.071428571428571,-5.100000000000001,-5.5,5.163265306122449,21.266666666666662,18.657142857142862,-2.400000000000002,-1.2000000000000028,7.74251700680272,70.0,82.28571428571429,-9.0,-34.0,-9.676870748299322,1014.0333333333334,1018.6714285714286,2.199999999999932,-3.6000000000000227,-2.141156462584945,14.333333333333336,13.057142857142855,-5.699999999999999,4.299999999999999,-4.530272108843537,2.200000000000001,5.014285714285713,0.0,-4.4,-2.8619047619047615,-2.199999999999932,-1.8999999999999773,False,2.400000000000002,3.200000000000003,4,5,2,False,False,False,False,False,False,False,False,False,0,-0.4138729776879977,0
2026-05-30,85,-0.16,0.0,79,76,86,97,90,68,87,73,71.0,1800,8100,,,,,,,,,,,,22.2,15.8,19.4,47,1013.7,19.9,0.0,85.66666666666667,82.14285714285714,-5.0,9.0,6.0,-0.03333333333333326,0.021428571428571474,-0.33999999999999997,-0.24,-0.1850340136054422,0.08000000000000006,0.09857142857142856,-0.2,-0.06,-0.0720890410958904,80.66666666666667,81.0,-3.0,-5.0,3.2891156462585087,57.666666666666664,66.57142857142857,13.0,-9.0,4.170068027210888,77.33333333333333,84.71428571428571,33.0,-10.0,1.9863945578231323,88.0,89.57142857142857,19.0,8.0,18.676870748299322,95.66666666666667,90.57142857142857,-10.0,-7.0,4.370748299319729,66.66666666666667,79.42857142857143,15.0,-22.0,-7.765306122448976,93.66666666666667,97.28571428571429,-13.0,-13.0,25.085034013605444,84.33333333333333,74.71428571428571,-27.0,4.0,-1.7210884353741562,73.66666666666667,80.57142857142857,-2.0,-11.0,-15.53496503496504,900.0,1028.5714285714287,1800.0,-900.0,-3143.8775510204077,10800.0,9900.0,-9900.0,4500.0,4561.224489795919,,,,,,,,,,,,,,,,,,,,,,,,,,,,,,,,,,,,,,,,,,,,,,,,,,,,,,,,24.333333333333332,23.585714285714285,-3.1999999999999993,-4.0,5.478231292517005,15.1,15.828571428571427,3.6000000000000014,-4.599999999999998,8.76326530612245,20.199999999999996,19.771428571428572,0.0,-3.200000000000003,7.74251700680272,56.0,75.71428571428571,-9.0,-42.0,-18.676870748299322,1014.1000000000003,1016.7714285714285,-1.6999999999999318,0.20000000000004547,-3.841156462584877,17.0,13.157142857142857,7.199999999999999,7.999999999999998,2.6697278911564624,0.0,2.942857142857143,0.0,-6.6,-2.8619047619047615,1.6999999999999318,-0.5,False,0.0,2.400000000000002,5,5,2,False,False,False,False,False,False,False,True,False,0,-0.4023497673475096,0
2026-05-31,92,0.04,0.05,84,55,96,59,100,76,90,92,72.0,3600,2700,68.19469026548673,3.4018693639749387,61.0,82.0,21.0,0.04988466625086531,,,,,,25.8,10.7,19.0,43,1017.9,8.6,0.0,89.0,85.28571428571429,7.0,10.0,13.0,0.020000000000000077,0.032857142857142904,0.2,0.16,0.014965986394557824,0.08333333333333338,0.08,0.05,0.010000000000000002,-0.022089041095890397,81.66666666666667,83.14285714285714,5.0,3.0,8.289115646258509,64.66666666666667,64.71428571428571,-21.0,21.0,-16.82993197278911,78.33333333333333,84.85714285714286,10.0,3.0,11.986394557823132,78.0,85.0,-38.0,-30.0,-19.323129251700678,96.66666666666667,97.28571428571429,10.0,3.0,14.370748299319729,65.66666666666667,77.0,8.0,-3.0,0.2346938775510239,92.33333333333333,95.85714285714286,3.0,-4.0,28.085034013605444,88.33333333333333,82.14285714285714,19.0,12.0,17.278911564625844,72.0,78.14285714285714,1.0,-5.0,-14.53496503496504,1800.0,1414.2857142857142,1800.0,2700.0,-1343.8775510204077,9600.0,7971.428571428572,-5400.0,-3600.0,-838.7755102040815,68.19469026548673,68.19469026548673,,,3.1138286492268747,3.4018693639749387,3.4018693639749387,,,0.12772045024435918,61.0,61.0,,,3.0,82.0,82.0,,,4.0,21.0,21.0,,,1.0,0.04988466625086531,0.04988466625086531,,,-0.000445589394273499,,,,,,,,,,,,,,,,,,,,,,,,,,24.46666666666667,24.542857142857144,3.6000000000000014,0.40000000000000213,9.078231292517007,12.899999999999997,15.7,-5.100000000000001,-6.600000000000001,3.663265306122449,19.266666666666662,20.342857142857145,-0.3999999999999986,-2.8000000000000007,7.342517006802721,48.666666666666664,69.0,-4.0,-22.0,-22.676870748299322,1015.6666666666669,1015.9571428571429,4.199999999999932,4.699999999999932,0.3588435374150549,13.733333333333334,12.671428571428569,-11.299999999999999,-9.799999999999999,-8.630272108843537,0.0,2.242857142857143,0.0,0.0,-2.8619047619047615,-4.199999999999932,-2.5,False,0.3999999999999986,0.3999999999999986,6,5,2,False,False,False,False,False,False,False,True,False,0,-0.5414465279096771,1
2026-06-01,89,0.02,0.08,78,83,74,51,89,75,100,77,81.0,4500,900,,,,,,,,,,,,26.6,14.8,21.3,47,1014.5,17.7,0.0,88.66666666666667,85.0,-3.0,-1.0,10.0,-0.03333333333333326,0.032857142857142904,-0.02,-0.16,-0.005034013605442176,0.04333333333333339,0.07857142857142858,0.03,-0.12000000000000001,0.007910958904109602,80.33333333333333,81.14285714285714,-6.0,-4.0,2.2891156462585087,71.33333333333333,64.71428571428571,28.0,20.0,11.170068027210888,85.33333333333333,84.85714285714286,-22.0,21.0,-10.013605442176868,69.0,78.85714285714286,-8.0,-27.0,-27.323129251700678,93.0,95.71428571428571,-11.0,-11.0,3.370748299319729,73.0,75.71428571428571,-1.0,22.0,-0.7653061224489761,92.33333333333333,95.85714285714286,10.0,0.0,38.085034013605444,80.66666666666667,79.28571428571429,-15.0,-23.0,2.2789115646258438,74.66666666666667,77.0,9.0,8.0,-5.53496503496504,3300.0,1928.5714285714287,900.0,4500.0,-443.87755102040774,3900.0,7842.857142857143,-1800.0,-17100.0,-2638.7755102040815,68.19469026548673,68.19469026548673,,,,3.4018693639749387,3.4018693639749387,,,,61.0,61.0,,,,82.0,82.0,,,,21.0,21.0,,,,0.04988466625086531,0.04988466625086531,,,,,,,,,,,,,,,,,,,,,,,,,,,,,24.86666666666667,25.057142857142857,0.8000000000000007,1.2000000000000028,9.878231292517007,13.766666666666666,15.557142857142855,4.100000000000001,2.6000000000000014,7.763265306122451,19.899999999999995,20.58571428571429,2.3000000000000007,1.9000000000000021,9.642517006802722,45.666666666666664,62.42857142857143,4.0,-9.0,-18.676870748299322,1015.3666666666668,1015.3142857142858,-3.3999999999999773,-0.8999999999999773,-3.0411564625849223,15.4,13.942857142857141,9.1,5.0,0.4697278911564631,0.0,1.5714285714285714,0.0,0.0,-2.8619047619047615,3.3999999999999773,-0.7999999999999545,False,2.3000000000000007,1.9000000000000021,0,6,3,False,False,False,False,False,False,False,True,False,0,-0.46505385621532946,1
2026-06-02,86,-0.11,-0.05,74,72,81,32,82,82,100,71,81.0,6300,1800,,,,,,,,,,,,24.4,12.0,18.8,46,1022.5,15.2,0.0,89.0,85.71428571428571,-3.0,1.0,7.0,-0.01666666666666659,-0.009999999999999952,-0.13,0.05,-0.13503401360544218,0.026666666666666724,0.054285714285714305,-0.13,-0.05,-0.1220890410958904,78.66666666666667,80.28571428571429,-4.0,-5.0,-1.7108843537414913,70.0,66.85714285714286,-11.0,-4.0,0.17006802721088832,83.66666666666667,82.71428571428571,7.0,-5.0,-3.0136054421768677,47.333333333333336,70.71428571428571,-19.0,-65.0,-46.32312925170068,90.33333333333333,93.57142857142857,-7.0,-8.0,-3.629251700680271,77.66666666666667,74.71428571428571,7.0,14.0,6.234693877551024,96.66666666666667,95.85714285714286,0.0,13.0,38.085034013605444,80.0,80.28571428571429,-6.0,-2.0,-3.7210884353741562,78.0,76.71428571428571,0.0,10.0,-5.53496503496504,4800.0,2828.5714285714284,1800.0,4500.0,1356.1224489795923,1800.0,5914.285714285715,900.0,-6300.0,-1738.7755102040815,68.19469026548673,68.19469026548673,,,,3.4018693639749387,3.4018693639749387,,,,61.0,61.0,,,,82.0,82.0,,,,21.0,21.0,,,,0.04988466625086531,0.04988466625086531,,,,,,,,,,,,,,,,,,,,,,,,,,,,,25.600000000000005,25.142857142857142,-2.200000000000003,2.1999999999999993,7.678231292517005,12.499999999999998,14.742857142857142,-2.8000000000000007,-3.8000000000000007,4.96326530612245,19.699999999999996,20.32857142857143,-2.5,-0.5999999999999979,7.142517006802722,45.333333333333336,56.142857142857146,-1.0,-1.0,-19.676870748299322,1018.3000000000002,1015.8142857142858,8.0,8.799999999999955,4.958843537415078,13.833333333333336,14.914285714285715,-2.5,-4.699999999999999,-2.030272108843537,0.0,0.9428571428571428,0.0,0.0,-2.8619047619047615,-8.0,-4.600000000000023,True,2.5,0.1999999999999993,1,6,3,False,False,False,False,False,False,False,True,False,0,-0.46315033800501215,1
2026-06-03,88,-0.16,0.0,78,68,95,86,89,69,83,74,79.0,900,8100,,,,,,,,,,,,27.9,14.2,21.9,37,1023.4,12.3,0.0,87.66666666666667,87.42857142857143,2.0,-4.0,9.0,-0.08333333333333326,-0.04428571428571424,-0.05,-0.2,-0.1850340136054422,0.010000000000000056,0.04571428571428572,0.05,-0.05,-0.0720890410958904,76.66666666666667,79.42857142857143,4.0,-6.0,2.2891156462585087,74.33333333333333,64.42857142857143,-4.0,13.0,-3.8299319727891117,83.33333333333333,82.57142857142857,14.0,-1.0,10.986394557823132,56.333333333333336,70.28571428571429,54.0,27.0,7.676870748299322,86.66666666666667,92.42857142857143,7.0,-11.0,3.370748299319729,75.33333333333333,71.71428571428571,-13.0,-7.0,-6.765306122448976,94.33333333333333,93.42857142857143,-17.0,-7.0,21.085034013605444,74.0,81.0,3.0,-18.0,-0.7210884353741562,80.33333333333333,76.28571428571429,-2.0,7.0,-7.53496503496504,3900.0,2571.4285714285716,-5400.0,-2700.0,-4043.8775510204077,3600.0,6557.142857142857,6300.0,5400.0,4561.224489795919,,68.19469026548673,,,,,3.4018693639749387,,,,,61.0,,,,,82.0,,,,,21.0,,,,,0.04988466625086531,,,,,,,,,,,,,,,,,,,,,,,,,,,,,26.3,25.38571428571429,3.5,2.099999999999998,11.178231292517005,13.666666666666664,13.857142857142858,2.1999999999999993,3.5,7.163265306122449,20.666666666666664,20.228571428571428,3.099999999999998,2.8999999999999986,10.24251700680272,43.333333333333336,48.714285714285715,-9.0,-6.0,-28.676870748299322,1020.1333333333336,1017.2285714285715,0.8999999999999773,5.5,5.858843537415055,15.066666666666668,14.971428571428572,-2.8999999999999986,3.700000000000001,-4.9302721088435355,0.0,0.0,0.0,0.0,-2.8619047619047615,-0.8999999999999773,-8.899999999999977,False,3.099999999999998,0.5999999999999979,2,6,3,False,False,False,False,False,False,False,True,False,0,-0.42940676656721827,0
2026-06-04,96,0.0,0.03,95,93,95,81,100,84,100,100,80.0,900,5400,,,,,,,,,,,,31.2,15.5,24.2,41,1020.6,10.3,0.0,90.0,89.42857142857143,8.0,7.0,17.0,-0.08999999999999993,-0.027142857142857097,0.16,-0.02,-0.025034013605442176,-0.0066666666666666125,0.044285714285714296,0.03,-0.05,-0.0420890410958904,82.33333333333333,81.42857142857143,17.0,17.0,19.28911564625851,77.66666666666667,72.85714285714286,25.0,10.0,21.17006802721089,90.33333333333333,82.85714285714286,0.0,21.0,10.986394557823132,66.33333333333333,69.14285714285714,-5.0,30.0,2.676870748299322,90.33333333333333,92.85714285714286,11.0,11.0,14.370748299319729,78.33333333333333,72.42857142857143,15.0,9.0,8.234693877551024,94.33333333333333,94.28571428571429,17.0,0.0,38.085034013605444,81.66666666666667,83.85714285714286,26.0,23.0,25.278911564625844,80.0,76.71428571428571,1.0,-1.0,-6.53496503496504,2700.0,2571.4285714285716,0.0,-3600.0,-4043.8775510204077,5100.0,6428.571428571428,-2700.0,4500.0,1861.2244897959185,,68.19469026548673,,,,,3.4018693639749387,,,,,61.0,,,,,82.0,,,,,21.0,,,,,0.04988466625086531,,,,,,,,,,,,,,,,,,,,,,,,,,,,,27.833333333333332,26.214285714285715,3.3000000000000007,4.599999999999998,14.478231292517005,13.899999999999997,13.6,1.3000000000000007,0.6999999999999993,8.46326530612245,21.63333333333333,20.571428571428573,2.3000000000000007,2.8999999999999986,12.54251700680272,41.333333333333336,45.285714285714285,4.0,-6.0,-24.676870748299322,1022.1666666666669,1018.2857142857143,-2.7999999999999545,6.100000000000023,3.0588435374151004,12.600000000000003,13.814285714285715,-2.0,-7.399999999999999,-6.9302721088435355,0.0,0.0,0.0,0.0,-2.8619047619047615,2.7999999999999545,1.8999999999999773,False,2.3000000000000007,5.399999999999999,3,6,3,False,False,False,False,False,False,False,True,False,0,-0.44878793265148703,0
2026-06-06,88,0.16,0.04,87,95,96,70,95,66,100,91,80.0,5400,900,,,,,,,,,,,,32.6,20.6,25.9,59,1013.3,21.5,5.4,90.66666666666667,89.14285714285714,-8.0,2.0,9.0,8.326672684688674e-17,-0.02999999999999995,0.16,0.27,0.1349659863945578,0.02333333333333339,0.021428571428571436,0.010000000000000002,0.09,-0.0320890410958904,86.66666666666667,82.14285714285714,-8.0,13.0,11.289115646258509,85.33333333333333,77.42857142857143,2.0,23.0,23.17006802721089,95.33333333333333,89.0,1.0,15.0,11.986394557823132,79.0,68.0,-11.0,38.0,-8.323129251700678,94.66666666666667,92.14285714285714,-5.0,13.0,9.370748299319729,73.0,74.28571428571429,-18.0,-16.0,-9.765306122448976,94.33333333333333,94.28571428571429,0.0,0.0,38.085034013605444,88.33333333333333,82.57142857142857,-9.0,20.0,16.278911564625844,79.66666666666667,77.71428571428571,0.0,-1.0,-6.53496503496504,2400.0,3342.8571428571427,4500.0,-900.0,456.12244897959226,4800.0,3985.714285714286,-4500.0,-900.0,-2638.7755102040815,,68.19469026548673,,,,,3.4018693639749387,,,,,61.0,,,,,82.0,,,,,21.0,,,,,0.04988466625086531,,,,,,,,,,,,,,,,,,,,,,,,,,,,,30.566666666666674,27.24285714285714,1.4000000000000021,8.200000000000003,15.878231292517007,16.766666666666666,14.799999999999999,5.100000000000001,8.600000000000001,13.563265306122451,23.999999999999996,21.5,1.6999999999999993,7.099999999999998,14.24251700680272,45.666666666666664,45.714285714285715,18.0,13.0,-6.676870748299322,1019.1,1017.9857142857143,-7.300000000000068,-9.200000000000045,-4.241156462584968,14.700000000000003,15.071428571428571,11.2,6.300000000000001,4.269727891156464,1.8000000000000014,0.7714285714285715,5.4,5.4,2.538095238095239,7.300000000000068,10.100000000000023,True,1.6999999999999993,4.0,5,6,3,False,False,False,False,False,False,False,True,True,0,-0.44583438323030744,0
2026-06-07,86,-0.19,-0.02,81,60,95,67,77,64,100,89,84.0,4500,900,,,,,,,,,,,,31.9,19.5,25.5,65,1012.0,16.8,1.9,90.0,89.28571428571429,-2.0,-2.0,7.0,-0.009999999999999926,-0.03428571428571424,-0.35,-0.03,-0.21503401360544216,0.016666666666666722,0.01857142857142858,-0.06,-0.02,-0.0920890410958904,87.66666666666667,82.42857142857143,-6.0,3.0,5.289115646258509,82.66666666666667,75.14285714285714,-35.0,-8.0,-11.829931972789112,95.33333333333333,90.28571428571429,-1.0,0.0,10.986394557823132,72.66666666666667,63.714285714285715,-3.0,-19.0,-11.323129251700678,90.66666666666667,90.28571428571429,-18.0,-12.0,-8.629251700680271,71.33333333333333,73.71428571428571,-2.0,-5.0,-11.765306122448976,100.0,96.14285714285714,0.0,17.0,38.085034013605444,93.33333333333333,84.85714285714286,-2.0,15.0,14.278911564625844,81.33333333333333,79.57142857142857,4.0,5.0,-2.5349650349650403,3600.0,3728.5714285714284,-900.0,3600.0,-443.87755102040774,2400.0,2957.1428571428573,0.0,-7200.0,-2638.7755102040815,,68.19469026548673,,,,,3.4018693639749387,,,,,61.0,,,,,82.0,,,,,21.0,,,,,0.04988466625086531,,,,,,,,,,,,,,,,,,,,,,,,,,,,,31.900000000000006,28.62857142857143,-0.7000000000000028,4.0,15.178231292517005,18.53333333333333,15.328571428571431,-1.1000000000000014,5.300000000000001,12.46326530612245,25.199999999999992,22.37142857142857,-0.3999999999999986,3.6000000000000014,13.842517006802721,55.0,48.285714285714285,6.0,28.0,-0.6768707482993221,1015.3000000000002,1017.7428571428571,-1.2999999999999545,-11.399999999999977,-5.541156462584922,16.200000000000003,14.62857142857143,-4.699999999999999,4.5,-0.4302721088435355,2.433333333333335,1.042857142857143,-3.5000000000000004,1.9,-0.9619047619047616,1.2999999999999545,8.600000000000023,False,0.3999999999999986,1.3000000000000007,6,6,3,False,False,False,False,False,False,False,True,False,0,-0.43606717151721963,0
2026-06-08,90,0.01,0.15,89,73,95,91,96,86,100,87,76.0,1800,3600,,,,,,,,,,,,24.3,18.6,21.8,64,1022.2,14.2,0.0,88.0,89.0,4.0,-6.0,11.0,-0.006666666666666592,-0.03857142857142852,0.2,0.01,-0.015034013605442176,0.05666666666666672,0.03285714285714286,0.16999999999999998,0.12,0.0779109589041096,85.66666666666667,83.14285714285714,8.0,-6.0,13.289115646258509,76.0,77.71428571428571,13.0,-20.0,1.1700680272108883,95.33333333333333,90.14285714285714,0.0,0.0,10.986394557823132,76.0,68.28571428571429,24.0,10.0,12.676870748299322,89.33333333333333,89.71428571428571,19.0,-4.0,10.370748299319729,72.0,75.14285714285714,22.0,2.0,10.234693877551024,100.0,97.57142857142857,0.0,0.0,38.085034013605444,89.0,84.14285714285714,-2.0,-13.0,12.278911564625844,80.0,80.14285714285714,-8.0,-4.0,-10.53496503496504,3900.0,3471.4285714285716,-2700.0,900.0,-3143.8775510204077,1800.0,3085.714285714286,2700.0,-1800.0,61.224489795918544,,,,,,,,,,,,,,,,,,,,,,,,,,,,,,,,,,,,,,,,,,,,,,,,,,,,,,,,29.600000000000005,28.414285714285715,-7.599999999999998,-6.899999999999999,7.578231292517007,19.566666666666663,16.45714285714286,-0.8999999999999986,3.1000000000000014,11.563265306122451,24.399999999999995,22.771428571428572,-3.6999999999999993,-2.3999999999999986,10.142517006802722,62.666666666666664,51.285714285714285,-1.0,23.0,-1.6768707482993221,1015.8333333333335,1018.3571428571429,10.200000000000045,1.6000000000000227,4.658843537415123,17.500000000000004,15.428571428571429,-2.6000000000000014,3.8999999999999986,-3.030272108843537,2.433333333333335,1.042857142857143,-1.9,0.0,-2.8619047619047615,-10.200000000000045,-8.900000000000091,True,3.6999999999999993,4.099999999999998,0,6,3,False,False,False,False,False,False,False,True,False,0,-0.3908369442617192,0
2026-06-09,94,-0.13,0.03,95,95,98,97,99,75,100,100,74.0,8100,1800,,,,,,,,,,,,28.3,15.2,21.9,59,1022.5,12.2,0.2,90.0,89.71428571428571,4.0,6.0,15.0,-0.10333333333333326,-0.05999999999999995,-0.14,-0.29000000000000004,-0.15503401360544217,0.05333333333333339,0.02571428571428572,-0.12,-0.010000000000000002,-0.0420890410958904,88.33333333333333,85.57142857142857,6.0,8.0,19.28911564625851,76.0,79.42857142857143,22.0,0.0,23.17006802721089,96.0,93.57142857142857,3.0,2.0,13.986394557823132,85.0,74.85714285714286,6.0,27.0,18.676870748299322,90.66666666666667,91.14285714285714,3.0,4.0,13.370748299319729,75.0,75.14285714285714,-11.0,9.0,-0.7653061224489761,100.0,97.57142857142857,0.0,0.0,38.085034013605444,92.0,87.42857142857143,13.0,9.0,25.278911564625844,78.0,79.14285714285714,-2.0,-6.0,-12.53496503496504,4800.0,3985.714285714286,6300.0,2700.0,3156.1224489795923,2100.0,3214.285714285714,-1800.0,900.0,-1738.7755102040815,,,,,,,,,,,,,,,,,,,,,,,,,,,,,,,,,,,,,,,,,,,,,,,,,,,,,,,,28.16666666666667,28.657142857142862,4.0,-4.300000000000001,11.578231292517007,17.766666666666666,16.514285714285716,-3.400000000000002,-5.400000000000002,8.16326530612245,23.066666666666663,22.857142857142858,0.09999999999999787,-4.0,10.24251700680272,62.666666666666664,53.0,-5.0,0.0,-6.676870748299322,1018.9000000000001,1019.5,0.2999999999999545,9.200000000000045,4.958843537415078,14.400000000000004,14.642857142857142,-2.0,-9.3,-5.030272108843537,0.7000000000000012,1.0714285714285714,0.2,-5.2,-2.6619047619047613,-0.2999999999999545,-10.5,False,0.09999999999999787,3.6000000000000014,1,6,3,False,False,False,False,False,False,False,True,False,0,-0.4062461976855826,0
2026-06-10,91,-0.35,-0.16,81,83,79,78,80,74,98,81,81.0,1800,1800,,,,,,,,,,,,32.3,21.4,24.8,80,1012.9,18.7,12.2,91.66666666666667,90.42857142857143,-3.0,5.0,12.0,-0.1566666666666666,-0.09428571428571424,-0.21999999999999997,-0.15999999999999998,-0.37503401360544214,0.006666666666666728,0.010000000000000009,-0.19,-0.14,-0.2320890410958904,88.33333333333333,86.57142857142857,-14.0,0.0,5.289115646258509,83.66666666666667,81.0,-12.0,23.0,11.170068027210888,90.66666666666667,93.28571428571429,-19.0,-16.0,-5.013605442176868,88.66666666666667,81.42857142857143,-19.0,11.0,-0.32312925170067786,91.66666666666667,90.85714285714286,-19.0,3.0,-5.629251700680271,78.33333333333333,74.0,-1.0,10.0,-1.7653061224489761,99.33333333333333,97.28571428571429,-2.0,-2.0,36.085034013605444,89.33333333333333,88.85714285714286,-19.0,-8.0,6.278911564625844,77.0,79.14285714285714,7.0,-3.0,-5.53496503496504,3900.0,3342.8571428571427,-6300.0,-2700.0,-3143.8775510204077,2400.0,3214.285714285714,0.0,900.0,-1738.7755102040815,,,,,,,,,,,,,,,,,,,,,,,,,,,,,,,,,,,,,,,,,,,,,,,,,,,,,,,,28.3,29.785714285714285,3.9999999999999964,0.3999999999999986,15.578231292517003,18.4,17.857142857142858,6.199999999999999,1.8999999999999986,14.363265306122448,22.83333333333333,23.714285714285715,2.900000000000002,-0.6999999999999993,13.142517006802722,67.66666666666667,57.857142857142854,21.0,15.0,14.323129251700678,1019.2000000000002,1018.1285714285714,-9.600000000000023,0.8999999999999773,-4.641156462584945,15.033333333333337,15.142857142857142,6.5,1.8999999999999986,1.469727891156463,4.133333333333334,2.814285714285714,12.0,10.299999999999999,9.338095238095239,9.600000000000023,9.300000000000068,True,2.900000000000002,3.0,2,6,3,False,False,False,False,False,False,False,True,True,0,-0.43018945607233827,0
2026-06-11,85,0.12,0.07,73,61,88,94,56,85,100,59,85.0,4500,900,,,,,,,,,,,,31.8,22.6,26.3,82,1010.3,16.2,8.6,90.0,90.0,-6.0,-5.0,6.0,-0.11999999999999993,-0.05428571428571423,0.47,0.11,0.09496598639455782,-0.019999999999999934,0.02000000000000001,0.23,-0.07999999999999999,-0.0020890410958903927,83.0,85.85714285714286,-8.0,-16.0,-2.7108843537414913,79.66666666666667,80.0,-22.0,-12.0,-10.829931972789112,88.33333333333333,92.28571428571429,9.0,-7.0,3.9863945578231323,89.66666666666667,82.57142857142857,16.0,3.0,15.676870748299322,78.33333333333333,86.14285714285714,-24.0,-40.0,-29.62925170068027,78.0,76.28571428571429,11.0,-1.0,9.234693877551024,99.33333333333333,99.71428571428571,2.0,0.0,38.085034013605444,80.0,86.71428571428571,-22.0,-28.0,-15.721088435374156,80.0,80.0,4.0,9.0,-1.5349650349650403,4800.0,3857.1428571428573,2700.0,2700.0,-443.87755102040774,1500.0,2185.714285714286,-900.0,-2700.0,-2638.7755102040815,,,,,,,,,,,,,,,,,,,,,,,,,,,,,,,,,,,,,,,,,,,,,,,,,,,,,,,,30.800000000000008,30.342857142857145,-0.49999999999999645,7.5,15.078231292517007,19.73333333333333,19.057142857142857,1.2000000000000028,4.0,15.563265306122451,24.333333333333332,24.342857142857145,1.5,4.5,14.642517006802722,73.66666666666667,64.28571428571429,2.0,18.0,16.323129251700678,1015.2333333333336,1016.2571428571429,-2.6000000000000227,-11.900000000000091,-7.241156462584968,15.700000000000003,15.700000000000001,-2.5,2.0,-1.030272108843537,7.0,4.042857142857143,-3.5999999999999996,8.6,5.738095238095238,2.6000000000000227,12.200000000000045,False,1.5,4.400000000000002,3,6,3,False,False,False,False,False,False,False,True,False,0,-0.4191580018081156,0
2026-06-12,94,-0.34,-0.2,91,75,97,91,97,70,94,100,85.0,3600,900,,,,,,,,,,,,34.0,21.7,27.2,73,1009.6,16.2,8.1,90.0,89.71428571428571,9.0,0.0,15.0,-0.18999999999999995,-0.1028571428571428,-0.46,-0.21000000000000002,-0.3650340136054422,-0.09666666666666661,-0.012857142857142848,-0.27,-0.23,-0.2720890410958904,81.66666666666667,85.28571428571429,18.0,-4.0,15.289115646258509,73.0,77.42857142857143,14.0,-20.0,3.1700680272108883,88.0,92.57142857142857,9.0,-1.0,12.986394557823132,87.66666666666667,84.0,-3.0,-6.0,12.676870748299322,77.66666666666667,85.71428571428571,41.0,-2.0,11.370748299319729,76.33333333333333,74.28571428571429,-15.0,-5.0,-5.765306122448976,97.33333333333333,98.85714285714286,-6.0,-6.0,32.085034013605444,80.0,86.71428571428571,41.0,0.0,25.278911564625844,83.66666666666667,80.71428571428571,0.0,11.0,-1.5349650349650403,3300.0,4242.857142857143,-900.0,-4500.0,-1343.8775510204077,1200.0,1542.857142857143,0.0,-900.0,-2638.7755102040815,,,,,,,,,,,,,,,,,,,,,,,,,,,,,,,,,,,,,,,,,,,,,,,,,,,,,,,,32.70000000000001,30.74285714285714,2.1999999999999993,5.699999999999999,17.278231292517006,21.899999999999995,19.942857142857143,-0.9000000000000021,6.5,14.66326530612245,26.099999999999994,24.771428571428572,0.8999999999999986,5.300000000000001,15.54251700680272,78.33333333333333,68.85714285714286,-9.0,14.0,7.323129251700678,1010.9333333333335,1014.6857142857142,-0.6999999999999318,-12.899999999999977,-7.9411564625849,17.033333333333335,16.54285714285714,0.0,4.0,-1.030272108843537,9.633333333333335,5.2,-0.5,7.8999999999999995,5.238095238095238,0.6999999999999318,3.2999999999999545,False,0.8999999999999986,2.3999999999999986,4,6,3,False,False,False,False,False,False,False,True,False,0,-0.41015844792080186,0
2026-06-13,82,0.06,-0.04,66,58,60,91,80,44,62,70,88.0,3600,5400,,,,,,,,,,,,30.5,20.7,26.1,60,1013.3,13.9,0.0,87.0,88.85714285714286,-12.0,-9.0,3.0,-0.05333333333333327,-0.11714285714285709,0.4,0.41,0.03496598639455782,-0.05666666666666661,-0.02428571428571428,0.16,0.12,-0.11208904109589041,76.66666666666667,82.28571428571429,-25.0,-15.0,-9.710884353741491,64.66666666666667,72.14285714285714,-17.0,-25.0,-13.829931972789112,81.66666666666667,87.42857142857143,-37.0,-19.0,-24.013605442176868,92.0,87.0,0.0,13.0,12.676870748299322,77.66666666666667,83.57142857142857,-17.0,0.0,-5.629251700680271,66.33333333333333,71.14285714285714,-26.0,-30.0,-31.765306122448976,85.33333333333333,93.42857142857143,-32.0,-36.0,0.08503401360544416,76.33333333333333,83.71428571428571,-30.0,-11.0,-4.721088435374156,86.0,81.85714285714286,3.0,7.0,1.4650349650349597,3900.0,3985.714285714286,0.0,1800.0,-1343.8775510204077,2400.0,2185.714285714286,4500.0,3600.0,1861.2244897959185,,,,,,,,,,,,,,,,,,,,,,,,,,,,,,,,,,,,,,,,,,,,,,,,,,,,,,,,32.1,30.44285714285714,-3.5,-1.7999999999999972,13.778231292517006,21.666666666666668,19.95714285714286,-1.0,-0.6999999999999993,13.66326530612245,26.53333333333333,24.8,-1.0999999999999979,1.3000000000000007,14.442517006802722,71.66666666666667,69.0,-13.0,-20.0,-5.676870748299322,1011.0666666666667,1014.6857142857143,3.699999999999932,0.39999999999997726,-4.241156462584968,15.433333333333337,15.457142857142857,-2.299999999999999,-4.799999999999999,-3.330272108843536,5.566666666666667,4.428571428571429,-8.1,-12.2,-2.8619047619047615,-3.699999999999932,-3.0,False,1.0999999999999979,0.1999999999999993,5,6,3,False,False,False,False,False,True,False,True,False,0,-0.40709590622256075,0
2026-06-14,94,0.06,0.05,90,78,90,75,97,77,99,99,85.0,1800,4500,,,,,,,,,,,,32.8,20.5,25.9,69,1009.5,20.2,4.3,90.0,90.0,12.0,9.0,15.0,-0.07333333333333326,-0.08142857142857138,0.0,-0.06,0.03496598639455782,-0.06333333333333327,-0.014285714285714275,0.09,-0.020000000000000004,-0.022089041095890397,82.33333333333333,83.57142857142857,24.0,17.0,14.289115646258509,70.33333333333333,74.71428571428571,20.0,17.0,6.170068027210888,82.33333333333333,86.71428571428571,30.0,2.0,5.986394557823132,85.66666666666667,88.14285714285714,-16.0,-19.0,-3.323129251700678,91.33333333333333,86.42857142857143,17.0,41.0,11.370748299319729,63.666666666666664,73.0,33.0,-8.0,1.2346938775510239,85.0,93.28571428571429,37.0,-1.0,37.085034013605444,89.66666666666667,85.14285714285714,29.0,40.0,24.278911564625844,86.0,82.0,-3.0,0.0,-1.5349650349650403,3000.0,3600.0,-1800.0,-2700.0,-3143.8775510204077,3600.0,2700.0,-900.0,3600.0,961.2244897959185,,,,,,,,,,,,,,,,,,,,,,,,,,,,,,,,,,,,,,,,,,,,,,,,,,,,,,,,32.43333333333334,30.571428571428573,2.299999999999997,0.9999999999999964,16.078231292517003,20.966666666666665,20.1,-0.1999999999999993,-2.1000000000000014,13.46326530612245,26.399999999999995,24.857142857142858,-0.20000000000000284,-0.40000000000000213,14.24251700680272,67.33333333333333,69.57142857142857,9.0,-13.0,3.323129251700678,1010.8000000000002,1014.3285714285714,-3.7999999999999545,-0.7999999999999545,-8.041156462584922,16.76666666666667,15.942857142857141,6.299999999999999,4.0,2.969727891156463,4.133333333333334,4.771428571428571,4.3,-4.3,1.4380952380952383,3.7999999999999545,0.10000000000002274,False,0.20000000000000284,1.3000000000000007,6,6,3,False,False,False,False,False,False,False,True,False,0,-0.41017484834735474,0
2026-06-15,91,-0.56,-0.29,81,80,83,81,96,85,93,70,81.0,4500,1800,,,,,,,,,,,,25.1,17.8,22.0,62,1008.7,20.2,0.8,89.0,90.14285714285714,-3.0,-3.0,12.0,-0.1466666666666666,-0.1628571428571428,-0.6200000000000001,-0.22000000000000003,-0.5850340136054423,-0.09333333333333327,-0.07714285714285714,-0.33999999999999997,-0.08999999999999997,-0.36208904109589035,79.0,82.42857142857143,-9.0,-10.0,5.289115646258509,72.0,75.71428571428571,2.0,5.0,8.170068027210888,77.66666666666667,85.0,-7.0,-14.0,-1.0136054421768677,82.33333333333333,86.71428571428571,6.0,-10.0,2.676870748299322,91.0,86.42857142857143,-1.0,-1.0,10.370748299319729,68.66666666666667,72.85714285714286,8.0,15.0,9.234693877551024,84.66666666666667,92.28571428571429,-6.0,-1.0,31.085034013605444,79.66666666666667,82.71428571428571,-29.0,-30.0,-4.721088435374156,84.66666666666667,82.71428571428571,-4.0,-4.0,-5.53496503496504,3300.0,3985.714285714286,2700.0,900.0,-443.87755102040774,3900.0,2442.8571428571427,-2700.0,900.0,-1738.7755102040815,,,,,,,,,,,,,,,,,,,,,,,,,,,,,,,,,,,,,,,,,,,,,,,,,,,,,,,,29.46666666666667,30.685714285714283,-7.699999999999996,-8.899999999999999,8.378231292517007,19.66666666666666,19.985714285714288,-2.6999999999999993,-3.8999999999999986,10.76326530612245,24.66666666666666,24.88571428571429,-3.8999999999999986,-5.199999999999999,10.342517006802721,63.666666666666664,69.28571428571429,-7.0,-11.0,-3.676870748299322,1010.5000000000001,1012.3999999999999,-0.7999999999999545,-0.8999999999999773,-8.841156462584877,18.1,16.8,0.0,4.0,2.969727891156463,1.700000000000001,4.885714285714285,-3.5,-7.3,-2.0619047619047617,0.7999999999999545,4.599999999999909,False,3.8999999999999986,4.100000000000001,0,6,3,False,False,False,False,False,False,False,True,False,0,-0.4090532173868187,0
2026-06-16,90,-0.1,0.04,80,88,93,75,71,81,94,75,81.0,11700,900,,,,,,,,,,,,25.7,14.0,20.5,51,1011.8,11.2,0.0,91.66666666666667,89.57142857142857,-1.0,8.0,11.0,-0.19999999999999996,-0.15857142857142856,0.4600000000000001,-0.16,-0.1250340136054422,-0.06666666666666658,-0.0757142857142857,0.32999999999999996,0.08,-0.0320890410958904,83.66666666666667,80.28571428571429,-1.0,14.0,4.289115646258509,82.0,74.71428571428571,8.0,30.0,16.17006802721089,88.66666666666667,84.28571428571429,10.0,33.0,8.986394557823132,77.0,83.57142857142857,-6.0,-16.0,-3.323129251700678,88.0,82.42857142857143,-25.0,-9.0,-14.629251700680271,81.0,73.71428571428571,-4.0,37.0,5.234693877551024,95.33333333333333,91.42857142857143,1.0,32.0,32.085034013605444,81.33333333333333,79.14285714285714,5.0,5.0,0.27891156462584377,82.33333333333333,83.71428571428571,0.0,-7.0,-5.53496503496504,6000.0,4500.0,7200.0,8100.0,6756.122448979592,2400.0,2314.285714285714,-900.0,-4500.0,-2638.7755102040815,,,,,,,,,,,,,,,,,,,,,,,,,,,,,,,,,,,,,,,,,,,,,,,,,,,,,,,,27.86666666666667,30.314285714285717,0.5999999999999979,-4.800000000000001,8.978231292517005,17.433333333333334,19.814285714285713,-3.8000000000000007,-6.699999999999999,6.96326530612245,22.799999999999997,24.685714285714287,-1.5,-5.600000000000001,8.842517006802721,60.666666666666664,68.14285714285714,-11.0,-9.0,-14.676870748299322,1010.0000000000001,1010.8714285714285,3.099999999999909,-1.5,-5.741156462584968,17.200000000000003,16.657142857142855,-9.0,-2.700000000000001,-6.030272108843537,1.700000000000001,4.857142857142856,-0.8,0.0,-2.8619047619047615,-3.099999999999909,-2.2999999999999545,False,1.5,5.399999999999999,1,6,3,False,False,False,False,False,False,False,True,False,0,-0.4044481934869707,0
2026-06-17,85,-0.1,-0.08,76,65,96,86,71,71,100,68,83.0,5400,900,,,,,,,,,,,,30.1,17.5,24.3,56,1008.3,16.0,1.2,88.66666666666667,88.71428571428571,-5.0,-9.0,6.0,-0.2533333333333333,-0.1228571428571428,0.0,-0.16,-0.1250340136054422,-0.10999999999999992,-0.06428571428571427,-0.12,-0.13,-0.1520890410958904,79.0,79.57142857142857,-4.0,-14.0,0.2891156462585087,77.66666666666667,72.14285714285714,-23.0,-13.0,-6.829931972789112,90.66666666666667,86.71428571428571,3.0,6.0,11.986394557823132,80.66666666666667,84.71428571428571,11.0,11.0,7.676870748299322,79.33333333333333,81.14285714285714,0.0,-26.0,-14.629251700680271,79.0,73.28571428571429,-10.0,-6.0,-4.765306122448976,95.66666666666667,91.71428571428571,6.0,1.0,38.085034013605444,71.0,77.28571428571429,-7.0,-31.0,-6.721088435374156,81.66666666666667,84.0,2.0,-2.0,-3.5349650349650403,7200.0,5014.285714285715,-6300.0,3600.0,456.12244897959226,1200.0,2185.714285714286,0.0,-3600.0,-2638.7755102040815,,,,,,,,,,,,,,,,,,,,,,,,,,,,,,,,,,,,,,,,,,,,,,,,,,,,,,,,26.966666666666672,30.0,4.400000000000002,-2.6999999999999957,13.378231292517007,16.433333333333334,19.25714285714286,3.5,-3.0,10.46326530612245,22.266666666666662,24.614285714285717,3.8000000000000007,-1.5999999999999979,12.642517006802722,56.333333333333336,64.71428571428571,5.0,-13.0,-9.676870748299322,1009.6,1010.2142857142857,-3.5,-1.2000000000000455,-9.241156462584968,15.800000000000002,16.27142857142857,4.800000000000001,-4.199999999999999,-1.2302721088435362,0.6666666666666679,3.2857142857142856,1.2,-3.0999999999999996,-1.6619047619047616,3.5,0.40000000000009095,False,3.8000000000000007,2.3000000000000007,2,6,3,False,False,False,False,False,False,False,True,False,0,-0.38953324683171026,0
2026-06-18,88,-0.45,-0.37,84,85,95,97,86,87,94,72,80.0,7200,0,,,,,,,,,,,,31.0,22.9,26.3,58,1005.0,25.4,1.8,87.66666666666667,89.14285714285714,3.0,-3.0,9.0,-0.21666666666666665,-0.20428571428571424,-0.35,0.11000000000000004,-0.4750340136054422,-0.13666666666666658,-0.1271428571428571,-0.29,-0.08000000000000002,-0.4420890410958904,80.0,81.14285714285714,8.0,3.0,8.289115646258509,79.33333333333333,75.57142857142857,20.0,5.0,13.170068027210888,94.66666666666667,87.71428571428571,-1.0,12.0,10.986394557823132,86.0,85.14285714285714,11.0,16.0,18.676870748299322,76.0,85.42857142857143,15.0,-10.0,0.37074829931972886,79.66666666666667,73.57142857142857,16.0,2.0,11.234693877551024,96.0,90.85714285714286,-6.0,1.0,32.085034013605444,71.66666666666667,79.14285714285714,4.0,2.0,-2.7210884353741562,81.33333333333333,83.28571428571429,-3.0,-1.0,-6.53496503496504,8100.0,5400.0,1800.0,2700.0,2256.1224489795923,600.0,2057.1428571428573,-900.0,-1800.0,-3538.7755102040815,,,,,,,,,,,,,,,,,,,,,,,,,,,,,,,,,,,,,,,,,,,,,,,,,,,,,,,,28.933333333333337,29.885714285714283,0.8999999999999986,5.899999999999999,14.278231292517006,18.13333333333333,19.3,5.399999999999999,5.099999999999998,15.863265306122448,23.7,24.614285714285717,2.0,4.300000000000001,14.642517006802722,55.0,61.285714285714285,2.0,-4.0,-7.676870748299322,1008.3666666666668,1009.4571428571428,-3.2999999999999545,-3.7000000000000455,-12.541156462584922,17.533333333333335,17.585714285714285,9.399999999999999,5.199999999999999,8.169727891156462,1.000000000000001,2.314285714285714,0.6000000000000001,1.0,-1.0619047619047615,3.2999999999999545,6.7999999999999545,False,2.0,5.800000000000001,3,6,3,False,False,False,False,False,False,False,True,False,0,-0.4201386334303887,0
2026-06-19,87,-0.1,-0.05,90,52,93,99,100,85,86,99,80.0,7200,1800,,,,,,,,,,,,28.7,23.2,25.6,42,1008.3,21.5,0.1,86.66666666666667,88.14285714285714,-1.0,-3.0,8.0,-0.21666666666666665,-0.16999999999999996,0.35,0.0,-0.1250340136054422,-0.16666666666666657,-0.10571428571428569,0.32,-0.09,-0.1220890410958904,83.33333333333333,81.0,6.0,10.0,14.289115646258509,67.33333333333333,72.28571428571429,-33.0,-36.0,-19.82993197278911,94.66666666666667,87.14285714285714,-2.0,0.0,8.986394557823132,94.0,86.28571428571429,2.0,24.0,20.676870748299322,85.66666666666667,85.85714285714286,14.0,29.0,14.370748299319729,81.0,75.71428571428571,-2.0,4.0,9.234693877551024,93.33333333333333,89.71428571428571,-8.0,-8.0,24.085034013605444,79.66666666666667,79.0,27.0,24.0,24.278911564625844,81.0,82.57142857142857,0.0,-1.0,-6.53496503496504,6600.0,5914.285714285715,0.0,-4500.0,2256.1224489795923,900.0,2185.714285714286,1800.0,900.0,-1738.7755102040815,,,,,,,,,,,,,,,,,,,,,,,,,,,,,,,,,,,,,,,,,,,,,,,,,,,,,,,,29.933333333333337,29.128571428571426,-2.3000000000000007,3.0,11.978231292517005,21.2,19.514285714285712,0.3000000000000007,9.2,16.163265306122447,25.399999999999995,24.385714285714283,-0.6999999999999993,5.100000000000001,13.942517006802722,52.0,56.857142857142854,-16.0,-9.0,-23.676870748299322,1007.2000000000002,1009.2714285714286,3.2999999999999545,-3.5,-9.241156462584968,20.96666666666667,18.342857142857145,-3.8999999999999986,10.3,4.269727891156464,1.0333333333333345,1.1714285714285713,-1.7,0.1,-2.7619047619047614,-3.2999999999999545,-0.0,False,0.6999999999999993,1.3000000000000007,4,6,3,False,False,False,False,False,False,False,True,False,0,-0.4184983770044891,0
2026-06-20,73,0.28,0.02,73,44,86,97,67,63,100,68,81.0,11700,0,,,,,,,,,,,,30.3,19.1,25.1,40,1011.7,17.7,0.0,82.66666666666667,86.85714285714286,-14.0,-12.0,-6.0,-0.08999999999999993,-0.1385714285714285,0.38,0.38,0.25496598639455786,-0.13333333333333325,-0.09714285714285711,0.07,0.1,-0.052089041095890395,82.33333333333333,82.0,-17.0,-3.0,-2.7108843537414913,60.333333333333336,70.28571428571429,-8.0,-21.0,-27.82993197278911,91.33333333333333,90.85714285714286,-7.0,-10.0,1.9863945578231323,97.66666666666667,87.14285714285714,-2.0,11.0,18.676870748299322,84.33333333333333,84.0,-33.0,-4.0,-18.62925170068027,78.33333333333333,78.42857142857143,-22.0,-8.0,-12.765306122448976,93.33333333333333,95.14285714285714,14.0,0.0,38.085034013605444,79.66666666666667,78.71428571428571,-31.0,0.0,-6.721088435374156,80.33333333333333,81.57142857142857,1.0,-2.0,-5.53496503496504,8700.0,7071.428571428572,4500.0,6300.0,6756.122448979592,600.0,1414.2857142857142,-1800.0,-900.0,-3538.7755102040815,,,,,,,,,,,,,,,,,,,,,,,,,,,,,,,,,,,,,,,,,,,,,,,,,,,,,,,,30.000000000000004,29.099999999999998,1.6000000000000014,0.1999999999999993,13.578231292517007,21.73333333333333,19.285714285714285,-4.099999999999998,1.6000000000000014,12.063265306122451,25.666666666666668,24.242857142857144,-0.5,0.8000000000000007,13.442517006802722,46.666666666666664,54.0,-2.0,-16.0,-25.676870748299322,1008.3333333333335,1009.0428571428572,3.400000000000091,3.400000000000091,-5.841156462584877,21.533333333333335,18.885714285714283,-3.8000000000000007,1.6999999999999993,0.4697278911564631,0.6333333333333345,1.1714285714285713,-0.1,-1.2,-2.8619047619047615,-3.400000000000091,-6.7000000000000455,False,0.5,1.1999999999999993,5,6,3,False,False,False,False,False,False,False,True,False,0,-0.4219260975277366,0
2026-06-22,77,0.24,0.15,73,69,90,97,71,76,100,55,77.0,5400,1800,,,,,,,,,,,,33.2,22.0,25.5,66,1012.4,21.9,19.9,79.0,84.42857142857143,4.0,-11.0,-2.0,0.14000000000000004,-0.1128571428571428,-0.040000000000000036,0.69,0.21496598639455783,0.04000000000000009,-0.08285714285714284,0.13,0.52,0.0779109589041096,78.66666666666667,79.57142857142857,0.0,-11.0,-2.7108843537414913,55.0,69.0,25.0,-16.0,-2.8299319727891117,89.66666666666667,90.85714285714286,4.0,-5.0,5.986394557823132,97.66666666666667,90.28571428571429,0.0,0.0,18.676870748299322,79.33333333333333,80.28571428571429,4.0,-15.0,-14.629251700680271,74.66666666666667,78.28571428571429,13.0,-11.0,0.2346938775510239,95.33333333333333,95.28571428571429,0.0,6.0,38.085034013605444,74.0,72.42857142857143,-13.0,-17.0,-19.721088435374156,79.33333333333333,80.42857142857143,-4.0,-3.0,-9.53496503496504,8100.0,7585.714285714285,-6300.0,-1800.0,456.12244897959226,1200.0,1028.5714285714287,1800.0,1800.0,-1738.7755102040815,,,,,,,,,,,,,,,,,,,,,,,,,,,,,,,,,,,,,,,,,,,,,,,,,,,,,,,,30.733333333333338,29.157142857142862,2.900000000000002,2.200000000000003,16.47823129251701,21.433333333333334,19.5,2.8999999999999986,-0.8999999999999986,14.96326530612245,25.399999999999995,24.185714285714287,0.3999999999999986,-0.8000000000000007,13.842517006802721,49.333333333333336,53.57142857142857,26.0,8.0,0.32312925170067786,1010.8000000000002,1009.4571428571428,0.6999999999999318,7.399999999999977,-5.141156462584945,20.36666666666667,19.12857142857143,4.199999999999999,-3.5,4.669727891156462,6.666666666666668,3.3999999999999995,19.9,18.099999999999998,17.038095238095238,-0.6999999999999318,-4.100000000000023,False,0.3999999999999986,0.10000000000000142,0,6,3,False,False,False,False,False,False,False,True,False,0,-0.4332061942802819,0
2026-06-23,82,0.23,0.31,82,84,86,40,99,85,100,80,78.0,9000,0,,,,,,,,,,,,22.1,18.4,20.9,90,1012.4,17.5,14.8,77.33333333333333,83.14285714285714,5.0,-5.0,3.0,0.25000000000000006,6.740639792367021e-17,-0.009999999999999981,0.33,0.20496598639455782,0.1600000000000001,0.0028571428571428754,0.16,0.36,0.2379109589041096,76.0,79.71428571428571,9.0,-8.0,6.289115646258509,65.66666666666667,69.57142857142857,15.0,32.0,12.170068027210888,87.33333333333333,91.28571428571429,-4.0,-7.0,1.9863945578231323,78.0,84.42857142857143,-57.0,-59.0,-38.32312925170068,79.0,80.71428571428571,28.0,-1.0,13.370748299319729,74.66666666666667,78.28571428571429,9.0,0.0,9.234693877551024,100.0,96.28571428571429,0.0,14.0,38.085034013605444,67.66666666666667,73.85714285714286,25.0,-19.0,5.278911564625844,78.66666666666667,80.0,1.0,-2.0,-8.53496503496504,8700.0,8228.57142857143,3600.0,1800.0,4056.1224489795923,600.0,771.4285714285714,-1800.0,-1800.0,-3538.7755102040815,,,,,,,,,,,,,,,,,,,,,,,,,,,,,,,,,,,,,,,,,,,,,,,,,,,,,,,,28.533333333333342,28.72857142857143,-11.100000000000001,-6.599999999999998,5.3782312925170075,19.83333333333333,19.585714285714285,-3.6000000000000014,-4.800000000000001,11.363265306122448,23.83333333333333,24.02857142857143,-4.600000000000001,-4.700000000000003,9.24251700680272,65.33333333333333,57.57142857142857,24.0,48.0,24.323129251700678,1012.1666666666669,1009.9857142857144,0.0,4.100000000000023,-5.141156462584945,19.033333333333335,18.74285714285714,-4.399999999999999,-4.0,0.2697278911564638,11.566666666666668,5.3999999999999995,-5.099999999999998,14.700000000000001,11.93809523809524,-0.0,-0.6999999999999318,False,4.600000000000001,4.200000000000003,1,6,3,False,False,False,False,False,False,False,True,False,0,-0.4240632142049272,0
2026-06-24,68,0.18,0.28,69,55,88,78,76,73,91,55,84.0,6300,900,,,,,,,,,,,,27.2,16.3,22.2,60,1016.7,11.9,0.0,75.66666666666667,80.0,-14.0,-5.0,-11.0,0.2166666666666667,0.04000000000000007,-0.05000000000000002,-0.10000000000000003,0.15496598639455783,0.24666666666666678,0.037142857142857165,-0.02999999999999997,0.26,0.20791095890410963,74.66666666666667,78.14285714285714,-13.0,-4.0,-6.710884353741491,69.33333333333333,64.85714285714286,-29.0,11.0,-16.82993197278911,88.0,90.57142857142857,2.0,2.0,3.9863945578231323,71.66666666666667,84.85714285714286,38.0,-19.0,-0.32312925170067786,82.0,81.42857142857143,-23.0,9.0,-9.629251700680271,78.0,77.14285714285714,-12.0,10.0,-2.765306122448976,97.0,95.85714285714286,-9.0,-9.0,29.085034013605444,63.333333333333336,71.0,-25.0,-13.0,-19.721088435374156,79.66666666666667,80.42857142857143,6.0,3.0,-2.5349650349650403,6900.0,7457.142857142857,-2700.0,-5400.0,1356.1224489795923,900.0,771.4285714285714,900.0,900.0,-2638.7755102040815,,,,,,,,,,,,,,,,,,,,,,,,,,,,,,,,,,,,,,,,,,,,,,,,,,,,,,,,27.500000000000004,28.942857142857143,5.099999999999998,-3.1000000000000014,10.478231292517005,18.9,19.91428571428571,-2.099999999999998,-2.8000000000000007,9.26326530612245,22.866666666666664,24.271428571428572,1.3000000000000007,-2.900000000000002,10.54251700680272,72.0,58.857142857142854,-30.0,20.0,-5.676870748299322,1013.8333333333335,1010.6857142857143,4.300000000000068,5.0,-0.8411564625848769,17.100000000000005,18.842857142857145,-5.6,-5.799999999999999,-5.330272108843536,11.566666666666668,5.3999999999999995,-14.8,0.0,-2.8619047619047615,-4.300000000000068,-4.300000000000068,False,1.3000000000000007,3.3000000000000007,2,6,3,False,False,False,False,False,False,True,True,False,1,-0.4050561652038745,0
2026-06-25,83,0.43,0.36,86,83,90,67,100,76,98,88,84.0,3600,3600,,,,,,,,,,,,29.3,17.4,23.5,62,1017.0,16.6,0.0,77.66666666666667,79.71428571428571,15.0,6.0,4.0,0.28,0.11571428571428578,0.25,0.19,0.40496598639455783,0.31666666666666676,0.10000000000000002,0.07999999999999996,0.21,0.28791095890410956,79.0,79.57142857142857,17.0,13.0,10.289115646258509,74.0,67.42857142857143,28.0,14.0,11.170068027210888,88.0,89.71428571428571,2.0,0.0,5.986394557823132,61.666666666666664,82.14285714285714,-11.0,-30.0,-11.323129251700678,91.66666666666667,85.57142857142857,24.0,29.0,14.370748299319729,78.0,77.85714285714286,3.0,0.0,0.2346938775510239,96.33333333333333,95.57142857142857,7.0,-2.0,36.085034013605444,74.33333333333333,73.85714285714286,33.0,33.0,13.278911564625844,82.0,80.57142857142857,0.0,7.0,-2.5349650349650403,6300.0,7200.0,-2700.0,-1800.0,-1343.8775510204077,1500.0,1157.142857142857,2700.0,1800.0,61.224489795918544,,,,,,,,,,,,,,,,,,,,,,,,,,,,,,,,,,,,,,,,,,,,,,,,,,,,,,,,26.200000000000006,28.82857142857143,2.1000000000000014,-3.900000000000002,12.578231292517007,17.366666666666664,19.9,1.0999999999999979,-4.600000000000001,10.363265306122448,22.2,24.157142857142862,1.3000000000000007,-2.0,11.842517006802721,70.66666666666667,59.714285714285715,2.0,-4.0,-3.676870748299322,1015.3666666666668,1011.9285714285714,0.2999999999999545,4.600000000000023,-0.5411564625849223,15.333333333333337,18.928571428571427,4.700000000000001,-5.299999999999997,-0.6302721088435348,4.9333333333333345,5.228571428571428,0.0,-19.9,-2.8619047619047615,-0.2999999999999545,-4.600000000000023,False,1.3000000000000007,2.6000000000000014,3,6,3,False,False,False,True,False,False,False,True,False,0,-0.39503210111345693,0
2026-06-26,78,0.28,0.29,84,96,79,94,96,80,100,73,84.0,11700,900,,,,,,,,,,,,31.3,21.5,25.0,69,1017.2,14.8,7.3,76.33333333333333,78.28571428571429,-5.0,-4.0,-1.0,0.2966666666666667,0.2200000000000001,-0.14999999999999997,0.05000000000000002,0.25496598639455786,0.3100000000000001,0.19428571428571434,-0.07,-0.020000000000000018,0.21791095890410958,79.66666666666667,79.57142857142857,-2.0,2.0,8.289115646258509,78.0,69.0,13.0,12.0,24.17006802721089,85.66666666666667,87.42857142857143,-11.0,-7.0,-5.013605442176868,79.66666666666667,81.71428571428571,27.0,54.0,15.676870748299322,90.66666666666667,87.0,-4.0,-3.0,10.370748299319729,76.33333333333333,76.85714285714286,4.0,-5.0,4.234693877551024,96.33333333333333,96.42857142857143,2.0,0.0,38.085034013605444,72.0,74.0,-15.0,-7.0,-1.7210884353741562,84.0,81.14285714285714,0.0,6.0,-2.5349650349650403,7200.0,7842.857142857143,8100.0,2700.0,6756.122448979592,1800.0,1285.7142857142858,-2700.0,900.0,-2638.7755102040815,,,,,,,,,,,,,,,,,,,,,,,,,,,,,,,,,,,,,,,,,,,,,,,,,,,,,,,,29.26666666666667,28.87142857142857,2.0,9.2,14.578231292517007,18.399999999999995,19.7,4.100000000000001,3.1000000000000014,14.46326530612245,23.566666666666663,23.97142857142857,1.5,4.100000000000001,13.342517006802721,63.666666666666664,61.285714285714285,7.0,-21.0,3.323129251700678,1016.9666666666668,1013.6714285714286,0.20000000000004547,4.800000000000068,-0.34115646258487686,14.433333333333337,17.414285714285715,-1.8000000000000007,-2.6999999999999993,-2.4302721088435355,2.4333333333333345,6.014285714285713,7.3,-7.500000000000001,4.438095238095238,-0.20000000000004547,-0.5,False,1.5,2.8000000000000007,4,6,3,False,False,False,False,False,False,False,True,False,0,-0.4107690372645733,0
2026-06-27,77,0.17,0.27,85,89,95,97,98,81,89,74,80.0,7200,1800,,,,,,,,,,,,28.9,20.8,23.6,88,1016.0,9.8,6.5,79.33333333333333,76.85714285714286,-1.0,9.0,-2.0,0.2933333333333334,0.2585714285714286,-0.11000000000000001,-0.009999999999999981,0.14496598639455782,0.3066666666666668,0.24000000000000002,-0.019999999999999962,-0.010000000000000009,0.19791095890410962,85.0,78.85714285714286,1.0,16.0,9.289115646258509,89.33333333333333,74.28571428571429,-7.0,34.0,17.17006802721089,88.0,87.71428571428571,16.0,7.0,10.986394557823132,86.0,81.42857142857143,3.0,19.0,18.676870748299322,98.0,86.71428571428571,2.0,22.0,12.370748299319729,79.0,76.28571428571429,1.0,8.0,5.234693877551024,95.66666666666667,96.85714285714286,-11.0,-2.0,27.085034013605444,78.33333333333333,70.42857142857143,1.0,19.0,-0.7210884353741562,82.66666666666667,81.14285714285714,-4.0,-4.0,-6.53496503496504,7500.0,7842.857142857143,-4500.0,900.0,2256.1224489795923,2100.0,1285.7142857142858,900.0,900.0,-1738.7755102040815,,,,,,,,,,,,,,,,,,,,,,,,,,,,,,,,,,,,,,,,,,,,,,,,,,,,,,,,29.83333333333334,28.900000000000002,-2.400000000000002,1.6999999999999993,12.178231292517005,19.899999999999995,19.357142857142858,-0.6999999999999993,4.5,13.76326530612245,24.03333333333333,23.685714285714287,-1.3999999999999986,1.4000000000000021,11.942517006802722,73.0,67.85714285714286,19.0,28.0,22.323129251700678,1016.7333333333336,1014.7714285714285,-1.2000000000000455,-0.7000000000000455,-1.5411564625849223,13.73333333333334,15.742857142857146,-5.0,-2.0999999999999996,-7.4302721088435355,4.600000000000001,6.928571428571428,-0.7999999999999998,6.5,3.6380952380952385,1.2000000000000455,1.0,False,1.3999999999999986,0.10000000000000142,5,6,3,False,False,False,False,False,False,False,True,False,0,-0.4037958727816705,0
2026-06-28,76,0.41,0.44,86,42,93,83,100,70,100,96,78.0,5400,1800,,,,,,,,,,,,23.7,21.0,22.0,96,1014.8,10.7,15.4,77.0,77.28571428571429,-1.0,-7.0,-3.0,0.2866666666666667,0.2771428571428572,0.23999999999999996,-0.020000000000000018,0.3849659863945578,0.3333333333333334,0.3,0.16999999999999998,0.08000000000000002,0.36791095890410963,85.0,80.71428571428571,1.0,0.0,10.289115646258509,75.66666666666667,74.0,-47.0,-41.0,-29.82993197278911,89.0,88.71428571428571,-2.0,3.0,8.986394557823132,91.33333333333333,79.42857142857143,-14.0,16.0,4.676870748299322,98.0,91.42857142857143,2.0,0.0,14.370748299319729,77.0,77.28571428571429,-11.0,-6.0,-5.765306122448976,96.33333333333333,96.85714285714286,11.0,2.0,38.085034013605444,81.0,74.42857142857143,22.0,8.0,21.278911564625844,80.66666666666667,80.71428571428571,-2.0,-6.0,-8.53496503496504,8100.0,6942.857142857143,-1800.0,1800.0,456.12244897959226,1500.0,1542.857142857143,0.0,-1800.0,-1738.7755102040815,,,,,,,,,,,,,,,,,,,,,,,,,,,,,,,,,,,,,,,,,,,,,,,,,,,,,,,,27.96666666666667,27.957142857142856,-5.199999999999999,-5.600000000000001,6.978231292517005,21.099999999999998,19.62857142857143,0.1999999999999993,3.6000000000000014,13.96326530612245,23.53333333333333,23.24285714285714,-1.6000000000000014,-1.5,10.342517006802721,84.33333333333333,75.85714285714286,8.0,34.0,30.323129251700678,1016.0000000000001,1015.2142857142857,-1.2000000000000455,-2.2000000000000455,-2.741156462584968,11.766666666666671,14.742857142857144,0.8999999999999986,-5.900000000000002,-6.530272108843537,9.733333333333334,9.128571428571428,8.9,15.4,12.538095238095238,1.2000000000000455,2.400000000000091,False,1.6000000000000014,3.0,6,6,3,False,False,False,True,False,False,False,True,False,0,-0.4294815230273303,0
2026-06-29,80,0.31,0.32,78,74,81,91,87,73,100,69,73.0,1800,1800,,,,,,,,,,,,29.5,20.6,24.6,79,1018.4,7.7,0.5,77.66666666666667,77.71428571428571,4.0,2.0,1.0,0.2966666666666667,0.28714285714285726,-0.09999999999999998,0.02999999999999997,0.28496598639455784,0.34333333333333343,0.3242857142857143,-0.12,0.030000000000000027,0.2479109589041096,83.0,81.42857142857143,-8.0,-6.0,2.2891156462585087,68.33333333333333,74.71428571428571,32.0,-22.0,2.1700680272108883,89.66666666666667,87.42857142857143,-12.0,2.0,-3.0136054421768677,90.33333333333333,78.57142857142857,8.0,-3.0,12.676870748299322,95.0,93.71428571428571,-13.0,-9.0,1.3707482993197289,74.66666666666667,76.85714285714286,3.0,-7.0,-2.765306122448976,96.33333333333333,96.85714285714286,0.0,0.0,38.085034013605444,79.66666666666667,76.42857142857143,-27.0,-4.0,-5.721088435374156,77.0,80.14285714285714,-5.0,-11.0,-13.53496503496504,4800.0,6428.571428571428,-3600.0,-9900.0,-3143.8775510204077,1800.0,1542.857142857143,0.0,900.0,-1738.7755102040815,,,,,,,,,,,,,,,,,,,,,,,,,,,,,,,,,,,,,,,,,,,,,,,,,,,,,,,,27.366666666666674,27.428571428571427,5.800000000000001,-1.8000000000000007,12.778231292517006,20.799999999999997,19.428571428571427,-0.3999999999999986,-0.8999999999999986,13.563265306122451,23.399999999999995,23.11428571428571,2.6000000000000014,-0.3999999999999986,12.942517006802722,87.66666666666667,77.71428571428571,-17.0,10.0,13.323129251700678,1016.4000000000001,1016.0714285714286,3.6000000000000227,1.1999999999999318,0.8588435374150549,9.400000000000004,12.714285714285714,-2.999999999999999,-7.1000000000000005,-9.530272108843537,7.466666666666668,6.357142857142857,-14.9,-6.8,-2.3619047619047615,-3.6000000000000227,-2.3999999999999773,False,2.6000000000000014,1.0,0,6,3,False,False,False,True,False,False,False,True,False,0,-0.4276425952204564,0
2026-06-30,67,0.26,0.31,77,57,86,97,83,73,100,69,75.0,8100,0,,,,,,,,,,,,31.6,19.9,25.9,67,1019.3,12.3,0.0,74.33333333333333,75.57142857142857,-13.0,-10.0,-12.0,0.32666666666666666,0.2914285714285715,-0.04999999999999999,0.09,0.23496598639455785,0.35666666666666674,0.3242857142857143,-0.010000000000000009,0.03999999999999998,0.2379109589041096,80.33333333333333,80.71428571428571,-1.0,-8.0,1.2891156462585087,57.666666666666664,70.85714285714286,-17.0,-32.0,-14.829931972789112,86.66666666666667,87.42857142857143,5.0,-9.0,1.9863945578231323,90.33333333333333,86.71428571428571,6.0,0.0,18.676870748299322,90.0,91.42857142857143,-4.0,-15.0,-2.629251700680271,72.0,75.14285714285714,0.0,-8.0,-2.765306122448976,100.0,96.85714285714286,0.0,11.0,38.085034013605444,78.0,74.85714285714286,0.0,-5.0,-5.721088435374156,75.33333333333333,79.71428571428571,2.0,-5.0,-11.53496503496504,5100.0,6300.0,6300.0,900.0,3156.1224489795923,1200.0,1542.857142857143,-1800.0,-1800.0,-3538.7755102040815,,,,,,,,,,,,,,,,,,,,,,,,,,,,,,,,,,,,,,,,,,,,,,,,,,,,,,,,28.26666666666667,28.785714285714285,2.1000000000000014,2.700000000000003,14.878231292517007,20.5,19.642857142857142,-0.7000000000000028,-0.9000000000000021,12.863265306122448,24.166666666666668,23.82857142857143,1.2999999999999972,2.299999999999997,14.24251700680272,80.66666666666667,74.42857142857143,-12.0,-21.0,1.3231292517006779,1017.5,1017.0571428571428,0.8999999999999773,3.2999999999999545,1.7588435374150322,10.233333333333338,11.971428571428572,4.6000000000000005,2.5,-4.9302721088435355,5.300000000000001,4.242857142857143,-0.5,-6.5,-2.8619047619047615,-0.8999999999999773,-4.5,False,1.2999999999999972,3.8999999999999986,1,6,3,False,False,False,False,False,False,True,True,False,0,-0.41271015372042125,0
2026-07-01,78,0.01,0.29,74,72,99,89,62,78,97,57,79.0,4500,6300,,,,,,,,,,,,35.9,22.7,29.3,65,1016.4,13.7,0.7,75.0,77.0,11.0,2.0,-1.0,0.19333333333333336,0.26714285714285724,-0.25,-0.39999999999999997,-0.015034013605442176,0.3066666666666668,0.32571428571428573,-0.020000000000000018,-0.15000000000000002,0.21791095890410958,76.33333333333333,81.42857142857143,-3.0,-12.0,-1.7108843537414913,67.66666666666667,73.28571428571429,15.0,30.0,0.17006802721088832,88.66666666666667,89.0,13.0,6.0,14.986394557823132,92.33333333333333,88.28571428571429,-8.0,6.0,10.676870748299322,77.33333333333333,89.42857142857143,-21.0,-38.0,-23.62925170068027,74.66666666666667,75.85714285714286,5.0,8.0,2.234693877551024,99.0,97.71428571428571,-3.0,-3.0,35.085034013605444,65.0,75.14285714285714,-12.0,-39.0,-17.721088435374156,75.66666666666667,79.0,4.0,1.0,-7.53496503496504,4800.0,6042.857142857143,-3600.0,-900.0,-443.87755102040774,2700.0,2314.285714285714,6300.0,4500.0,2761.2244897959185,,,,,,,,,,,,,,,,,,,,,,,,,,,,,,,,,,,,,,,,,,,,,,,,,,,,,,,,32.333333333333336,30.02857142857143,4.299999999999997,12.2,19.178231292517005,21.066666666666666,20.557142857142857,2.8000000000000007,1.6999999999999993,15.66326530612245,26.599999999999998,24.842857142857145,3.400000000000002,7.300000000000001,17.64251700680272,70.33333333333333,75.14285714285714,-2.0,-31.0,-0.6768707482993221,1018.0333333333334,1017.0142857142856,-2.8999999999999773,1.6000000000000227,-1.141156462584945,11.23333333333334,12.22857142857143,1.3999999999999986,3.0,-3.530272108843537,0.4000000000000012,4.3428571428571425,0.7,-14.700000000000001,-2.1619047619047613,2.8999999999999773,2.0,False,3.400000000000002,4.699999999999999,2,7,3,False,False,False,False,False,False,False,True,False,0,-0.4111744883900279,0
2026-07-02,79,0.16,0.3,80,76,90,89,97,86,96,65,83.0,8100,2700,,,,,,,,,,,,38.4,25.8,32.6,59,1016.5,10.0,0.0,74.66666666666667,76.42857142857143,1.0,-1.0,0.0,0.1433333333333334,0.22857142857142865,0.15,-0.15,0.1349659863945578,0.3000000000000001,0.31714285714285717,0.010000000000000009,-0.020000000000000018,0.2279109589041096,77.0,80.57142857142857,6.0,2.0,4.289115646258509,68.33333333333333,72.28571428571429,4.0,2.0,4.170068027210888,91.66666666666667,89.0,-9.0,9.0,5.986394557823132,91.66666666666667,91.42857142857143,0.0,-2.0,10.676870748299322,80.66666666666667,89.0,35.0,10.0,11.370748299319729,79.0,77.28571428571429,8.0,13.0,10.234693877551024,97.66666666666667,97.42857142857143,-1.0,-4.0,34.085034013605444,63.666666666666664,71.85714285714286,8.0,-4.0,-9.721088435374156,79.0,78.85714285714286,4.0,10.0,-3.5349650349650403,6900.0,6685.714285714285,3600.0,6300.0,3156.1224489795923,3000.0,2185.714285714286,-3600.0,900.0,-838.7755102040815,,,,,,,,,,,,,,,,,,,,,,,,,,,,,,,,,,,,,,,,,,,,,,,,,,,,,,,,35.300000000000004,31.328571428571426,2.5,8.899999999999999,21.678231292517005,22.799999999999997,21.757142857142856,3.1000000000000014,5.199999999999999,18.76326530612245,29.266666666666662,26.142857142857142,3.3000000000000007,8.0,20.942517006802724,63.666666666666664,74.71428571428571,-6.0,-20.0,-6.676870748299322,1017.4000000000001,1016.9428571428571,0.10000000000002274,-1.8999999999999773,-1.0411564625849223,12.000000000000005,11.285714285714286,-3.6999999999999993,2.3,-7.230272108843536,0.2333333333333345,4.3428571428571425,-0.7,-0.5,-2.8619047619047615,-0.10000000000002274,2.7999999999999545,False,3.3000000000000007,6.700000000000003,3,7,3,False,False,False,False,False,False,False,True,False,0,-0.41886368795371176,0
2026-07-03,66,0.04,0.19,63,79,88,94,45,69,46,49,79.0,3600,10800,,,,,,,,,,,,38.5,26.9,33.3,54,1016.1,11.4,1.3,74.33333333333333,74.71428571428571,-13.0,-1.0,-13.0,0.07000000000000005,0.19428571428571437,-0.12,-0.22,0.014965986394557824,0.26000000000000006,0.3028571428571429,-0.10999999999999999,-0.12,0.1179109589041096,72.33333333333333,77.57142857142857,-17.0,-14.0,-12.710884353741491,75.66666666666667,69.85714285714286,3.0,22.0,7.170068027210888,92.33333333333333,90.28571428571429,-2.0,2.0,3.9863945578231323,90.66666666666667,91.42857142857143,5.0,-3.0,15.676870748299322,68.0,81.71428571428571,-52.0,-38.0,-40.62925170068027,77.66666666666667,75.71428571428571,-17.0,-4.0,-6.765306122448976,79.66666666666667,89.71428571428571,-50.0,-54.0,-15.914965986394556,57.0,68.42857142857143,-16.0,-20.0,-25.721088435374156,80.33333333333333,78.14285714285714,-4.0,4.0,-7.53496503496504,5400.0,5528.571428571428,-4500.0,-4500.0,-1343.8775510204077,6600.0,3600.0,8100.0,10800.0,7261.224489795919,,,,,,,,,,,,,,,,,,,,,,,,,,,,,,,,,,,,,,,,,,,,,,,,,,,,,,,,37.6,32.357142857142854,0.10000000000000142,6.899999999999999,21.778231292517006,25.13333333333333,22.52857142857143,1.0999999999999979,7.0,19.86326530612245,31.73333333333333,27.32857142857143,0.6999999999999957,7.399999999999999,21.64251700680272,59.333333333333336,72.57142857142857,-5.0,-13.0,-11.676870748299322,1016.3333333333335,1016.7857142857143,-0.39999999999997726,-3.199999999999932,-1.4411564625848996,11.700000000000005,10.8,1.4000000000000004,-0.9000000000000004,-5.830272108843536,0.6666666666666679,3.4857142857142853,1.3,1.3,-1.5619047619047615,0.39999999999997726,0.2999999999999545,False,0.6999999999999957,3.9999999999999964,4,7,3,False,False,False,False,False,False,True,True,False,1,-0.46157374246663735,1
2026-07-04,89,0.21,0.18,94,97,95,94,97,82,96,97,81.0,0,4500,,,,,,,,,,,,39.5,25.5,32.4,53,1014.1,24.2,3.0,78.0,76.42857142857143,23.0,11.0,10.0,0.13666666666666671,0.2000000000000001,0.16999999999999998,0.19999999999999998,0.1849659863945578,0.2233333333333334,0.29000000000000004,-0.010000000000000009,-0.10999999999999999,0.1079109589041096,79.0,78.85714285714286,31.0,20.0,18.28911564625851,84.0,71.0,18.0,25.0,25.17006802721089,91.0,90.28571428571429,7.0,-4.0,10.986394557823132,92.33333333333333,91.0,0.0,5.0,15.676870748299322,79.66666666666667,81.57142857142857,52.0,35.0,11.370748299319729,79.0,75.85714285714286,13.0,4.0,6.234693877551024,79.33333333333333,90.71428571428571,50.0,-1.0,34.085034013605444,70.33333333333333,71.71428571428571,48.0,40.0,22.278911564625844,81.0,78.28571428571429,2.0,2.0,-5.53496503496504,3900.0,4500.0,-3600.0,-4500.0,-4943.877551020408,6000.0,3985.714285714286,-6300.0,-1800.0,961.2244897959185,,,,,,,,,,,,,,,,,,,,,,,,,,,,,,,,,,,,,,,,,,,,,,,,,,,,,,,,38.800000000000004,33.871428571428574,1.0,3.6000000000000014,22.778231292517006,26.066666666666663,23.2,-1.3999999999999986,2.8000000000000007,18.46326530612245,32.76666666666666,28.585714285714285,-0.8999999999999986,3.099999999999998,20.74251700680272,55.333333333333336,67.57142857142857,-1.0,-12.0,-12.676870748299322,1015.5666666666667,1016.5142857142857,-2.0,-2.2999999999999545,-3.4411564625848996,15.200000000000003,12.857142857142858,12.799999999999999,10.5,6.969727891156463,1.4333333333333345,2.9857142857142853,1.7,2.3,0.1380952380952385,2.0,2.3999999999999773,False,0.8999999999999986,0.20000000000000284,5,7,3,False,False,False,False,False,False,False,False,False,0,-0.4615871520456299,1
2026-07-05,86,-0.16,0.07,84,80,90,24,100,87,97,91,80.0,3600,4500,,,,,,,,,,,,33.5,23.4,28.1,70,1013.0,11.2,5.6,80.33333333333333,77.85714285714286,-3.0,7.0,7.0,0.030000000000000027,0.11857142857142865,-0.37,-0.32,-0.1850340136054422,0.14666666666666675,0.23714285714285716,-0.10999999999999999,-0.22999999999999998,-0.0020890410958903927,80.33333333333333,78.57142857142857,-10.0,4.0,8.289115646258509,85.33333333333333,76.42857142857143,-17.0,4.0,8.170068027210888,91.0,89.85714285714286,-5.0,0.0,5.986394557823132,70.66666666666667,82.57142857142857,-70.0,-65.0,-54.32312925170068,80.66666666666667,81.57142857142857,3.0,3.0,14.370748299319729,79.33333333333333,78.28571428571429,5.0,1.0,11.234693877551024,79.66666666666667,90.28571428571429,1.0,1.0,35.085034013605444,79.0,71.0,-6.0,26.0,16.278911564625844,80.0,78.57142857142857,-1.0,-3.0,-6.53496503496504,2400.0,4242.857142857143,3600.0,-4500.0,-1343.8775510204077,6600.0,4371.428571428572,0.0,1800.0,961.2244897959185,,,,,,,,,,,,,,,,,,,,,,,,,,,,,,,,,,,,,,,,,,,,,,,,,,,,,,,,37.166666666666664,35.271428571428565,-6.0,-4.899999999999999,16.778231292517006,25.266666666666666,23.542857142857144,-2.1000000000000014,-2.400000000000002,16.36326530612245,31.266666666666662,29.457142857142856,-4.299999999999997,-4.5,16.442517006802724,59.0,63.857142857142854,17.0,11.0,4.323129251700678,1014.4000000000001,1016.2571428571429,-1.1000000000000227,-3.5,-4.541156462584922,15.600000000000003,12.928571428571429,-13.0,1.1999999999999993,-6.030272108843537,3.3000000000000007,1.5857142857142856,2.5999999999999996,5.6,2.738095238095238,1.1000000000000227,3.1000000000000227,False,4.299999999999997,5.199999999999996,6,7,3,False,False,False,False,False,False,False,True,False,0,-0.4197412569754655,0
2026-07-06,83,-0.02,0.11,82,81,95,91,93,83,100,67,76.0,0,24300,61.967032967032964,3.14642846348622,55.0,74.0,19.0,0.050775845039412314,,,,,,29.3,22.3,24.4,92,1014.2,13.8,37.5,86.0,78.28571428571429,-3.0,17.0,4.0,0.010000000000000035,0.07142857142857151,0.14,-0.06,-0.04503401360544218,0.12000000000000009,0.20714285714285716,0.039999999999999994,-0.08,0.0379109589041096,86.66666666666667,79.14285714285714,-2.0,19.0,6.289115646258509,86.0,77.42857142857143,1.0,2.0,9.170068027210888,93.33333333333333,91.85714285714286,5.0,7.0,10.986394557823132,69.66666666666667,82.57142857142857,67.0,-3.0,12.676870748299322,96.66666666666667,82.42857142857143,-7.0,48.0,7.370748299319729,84.0,79.71428571428571,-4.0,14.0,7.234693877551024,97.66666666666667,90.28571428571429,3.0,54.0,38.085034013605444,85.0,70.71428571428571,-24.0,18.0,-7.721088435374156,79.0,79.0,-4.0,-3.0,-10.53496503496504,1200.0,3985.714285714286,-3600.0,-3600.0,-4943.877551020408,11100.0,7585.714285714285,19800.0,13500.0,20761.224489795917,61.967032967032964,61.967032967032964,,,-3.113828649226889,3.14642846348622,3.14642846348622,,,-0.12772045024435963,55.0,55.0,,,-3.0,74.0,74.0,,,-4.0,19.0,19.0,,,-1.0,0.050775845039412314,0.050775845039412314,,,0.0004455893942735059,,,,,,,,,,,,,,,,,,,,,,,,,,34.1,35.24285714285714,-4.199999999999999,-9.2,12.578231292517007,23.73333333333333,23.785714285714285,-1.0999999999999979,-4.599999999999998,15.26326530612245,28.299999999999994,29.428571428571427,-3.700000000000003,-8.899999999999999,12.74251700680272,71.66666666666667,65.71428571428571,22.0,38.0,26.323129251700678,1013.7666666666669,1015.657142857143,1.2000000000000455,-1.8999999999999773,-3.341156462584877,16.400000000000006,13.799999999999999,2.6000000000000014,2.4000000000000004,-3.4302721088435355,15.366666666666667,6.871428571428572,31.9,36.2,34.63809523809524,-1.2000000000000455,-0.10000000000002274,False,3.700000000000003,8.0,0,7,3,False,False,False,False,False,False,False,False,False,0,-0.6297931746212875,1
2026-07-07,83,-0.15,0.05,72,71,93,56,66,86,100,58,83.0,4500,2700,,,,,,,,,,,,27.4,21.9,24.3,88,1015.5,11.5,4.7,84.0,80.57142857142857,0.0,-6.0,4.0,-0.10999999999999995,0.01285714285714294,-0.13,-0.36,-0.17503401360544218,0.07666666666666676,0.17,-0.06,-0.13,-0.022089041095890397,79.33333333333333,78.42857142857143,-10.0,-22.0,-3.7108843537414913,77.33333333333333,79.42857142857143,-10.0,-26.0,-0.8299319727891117,92.66666666666667,92.85714285714286,-2.0,-2.0,8.986394557823132,57.0,76.71428571428571,-35.0,-38.0,-22.323129251700678,86.33333333333333,80.0,-27.0,-31.0,-19.62925170068027,85.33333333333333,81.57142857142857,3.0,4.0,10.234693877551024,99.0,90.28571428571429,0.0,4.0,38.085034013605444,72.0,69.14285714285714,-9.0,-39.0,-16.721088435374156,79.66666666666667,80.14285714285714,7.0,2.0,-3.5349650349650403,2700.0,3471.4285714285716,4500.0,4500.0,-443.87755102040774,10500.0,7971.428571428572,-21600.0,-1800.0,-838.7755102040815,61.967032967032964,61.967032967032964,,,,3.14642846348622,3.14642846348622,,,,55.0,55.0,,,,74.0,74.0,,,,19.0,19.0,,,,0.050775845039412314,0.050775845039412314,,,,,,,,,,,,,,,,,,,,,,,,,,,,,30.066666666666674,34.642857142857146,-1.9000000000000021,-12.100000000000001,10.678231292517005,22.53333333333333,24.071428571428573,-0.40000000000000213,-3.6000000000000014,14.863265306122448,25.599999999999994,29.2,-0.09999999999999787,-8.099999999999998,12.642517006802722,83.33333333333333,68.71428571428571,-4.0,35.0,22.323129251700678,1014.2333333333336,1015.1142857142858,1.2999999999999545,1.3999999999999773,-2.0411564625849223,12.166666666666671,13.685714285714287,-2.3000000000000007,-12.7,-5.730272108843536,15.933333333333335,7.542857142857144,-32.8,1.7000000000000002,1.8380952380952387,-1.2999999999999545,-2.5,False,0.09999999999999787,3.8000000000000007,1,7,3,False,False,False,False,False,False,False,True,False,0,-0.5242722838127208,1
2026-07-08,94,0.06,0.01,89,56,95,91,100,77,100,94,79.0,5400,8100,,,,,,,,,,,,27.4,20.9,24.2,84,1016.6,11.5,1.4,86.66666666666667,82.85714285714286,11.0,8.0,15.0,-0.036666666666666625,0.02000000000000008,0.21,0.22,0.03496598639455782,0.05666666666666676,0.13000000000000003,-0.04,-0.060000000000000005,-0.0620890410958904,81.0,80.57142857142857,17.0,5.0,13.289115646258509,69.33333333333333,77.14285714285714,-15.0,-24.0,-15.829931972789112,94.33333333333333,92.28571428571429,2.0,5.0,10.986394557823132,79.33333333333333,77.0,35.0,67.0,12.676870748299322,86.33333333333333,85.42857142857143,34.0,0.0,14.370748299319729,82.0,81.42857142857143,-9.0,-10.0,1.2346938775510239,100.0,90.71428571428571,0.0,3.0,38.085034013605444,73.0,74.42857142857143,36.0,3.0,19.278911564625844,79.33333333333333,80.14285714285714,-4.0,-1.0,-7.53496503496504,3300.0,3600.0,900.0,1800.0,456.12244897959226,11700.0,8228.57142857143,5400.0,3600.0,4561.224489795919,61.967032967032964,61.967032967032964,,,,3.14642846348622,3.14642846348622,,,,55.0,55.0,,,,74.0,74.0,,,,19.0,19.0,,,,0.050775845039412314,0.050775845039412314,,,,,,,,,,,,,,,,,,,,,,,,,,,,,28.033333333333335,33.42857142857143,0.0,-6.100000000000001,10.678231292517005,21.7,23.814285714285713,-1.0,-2.5,13.863265306122448,24.299999999999994,28.47142857142857,-0.10000000000000142,-3.900000000000002,12.54251700680272,88.0,71.42857142857143,-4.0,14.0,18.323129251700678,1015.4333333333335,1015.1428571428571,1.1000000000000227,3.6000000000000227,-0.9411564625848996,12.266666666666671,13.37142857142857,0.0,0.3000000000000007,-5.730272108843536,14.533333333333333,7.642857142857143,-3.3000000000000003,-4.199999999999999,-1.4619047619047616,-1.1000000000000227,-2.3999999999999773,False,0.10000000000000142,0.1999999999999993,2,7,3,False,False,False,False,False,False,False,True,False,0,-0.5128072940521435,1
2026-07-09,91,-0.21,-0.06,84,97,90,67,92,83,100,77,71.0,2700,4500,,,,,,,,,,,,28.3,22.1,24.1,93,1012.9,13.0,36.2,89.33333333333333,84.57142857142857,-3.0,8.0,12.0,-0.09999999999999996,-0.03285714285714277,-0.27,-0.19,-0.23503401360544218,9.483155002006545e-17,0.0785714285714286,-0.06999999999999999,-0.16999999999999998,-0.1320890410958904,81.66666666666667,81.14285714285714,-5.0,2.0,8.289115646258509,74.66666666666667,80.14285714285714,41.0,16.0,25.17006802721089,92.66666666666667,92.28571428571429,-5.0,-5.0,5.986394557823132,71.33333333333333,73.85714285714286,-24.0,-24.0,-11.323129251700678,86.0,84.71428571428571,-8.0,-1.0,6.370748299319729,82.0,81.0,6.0,0.0,7.234693877551024,100.0,91.28571428571429,0.0,0.0,38.085034013605444,76.33333333333333,76.14285714285714,-17.0,10.0,2.2789115646258438,77.66666666666667,78.42857142857143,-8.0,-5.0,-15.53496503496504,4200.0,2828.5714285714284,-2700.0,2700.0,-2243.8775510204077,5100.0,8485.714285714286,-3600.0,-19800.0,961.2244897959185,,61.967032967032964,,,,,3.14642846348622,,,,,55.0,,,,,74.0,,,,,19.0,,,,,0.050775845039412314,,,,,,,,,,,,,,,,,,,,,,,,,,,,,27.700000000000006,31.985714285714288,0.9000000000000021,-1.0,11.578231292517007,21.63333333333333,23.285714285714285,1.2000000000000028,-0.1999999999999993,15.063265306122451,24.2,27.25714285714286,-0.09999999999999787,-0.29999999999999716,12.442517006802722,88.33333333333333,76.28571428571429,9.0,1.0,27.323129251700678,1015.0000000000001,1014.6285714285715,-3.7000000000000455,-1.3000000000000682,-4.641156462584945,12.000000000000005,13.799999999999999,1.5,-0.8000000000000007,-4.230272108843536,14.100000000000001,12.814285714285715,34.800000000000004,-1.2999999999999972,33.33809523809524,3.7000000000000455,2.6000000000000227,False,0.09999999999999787,0.1999999999999993,3,7,3,False,False,False,False,False,False,False,True,False,0,-0.4704584327456791,1
2026-07-10,89,-0.14,-0.04,86,91,100,81,98,77,91,82,78.0,3600,12600,,,,,,,,,,,,30.4,21.9,25.1,84,1011.8,13.2,1.5,91.33333333333333,87.85714285714286,-2.0,6.0,10.0,-0.09666666666666662,-0.05857142857142849,0.06999999999999998,0.009999999999999981,-0.16503401360544218,-0.029999999999999905,0.04571428571428574,0.019999999999999997,-0.09,-0.11208904109589041,86.33333333333333,84.42857142857143,2.0,14.0,10.289115646258509,81.33333333333333,81.85714285714286,-6.0,20.0,19.17006802721089,95.0,94.0,10.0,7.0,15.986394557823132,79.66666666666667,72.0,14.0,25.0,2.676870748299322,96.66666666666667,92.28571428571429,6.0,32.0,12.370748299319729,79.0,82.14285714285714,-6.0,-9.0,1.2346938775510239,97.0,97.71428571428571,-9.0,-9.0,29.085034013605444,84.33333333333333,80.85714285714286,5.0,24.0,7.278911564625844,76.0,78.28571428571429,7.0,-5.0,-8.53496503496504,3900.0,2828.5714285714284,900.0,-900.0,-1343.8775510204077,8400.0,8742.857142857143,8100.0,9900.0,9061.224489795919,,61.967032967032964,,,,,3.14642846348622,,,,,55.0,,,,,74.0,,,,,19.0,,,,,0.050775845039412314,,,,,,,,,,,,,,,,,,,,,,,,,,,,,28.700000000000003,30.82857142857143,2.099999999999998,3.0,13.678231292517005,21.63333333333333,22.571428571428573,-0.20000000000000284,0.0,14.863265306122448,24.466666666666665,26.08571428571429,1.0,0.8000000000000007,13.442517006802722,87.0,80.57142857142857,-9.0,-4.0,18.323129251700678,1013.7666666666668,1014.0142857142857,-1.1000000000000227,-3.7000000000000455,-5.741156462584968,12.56666666666667,14.057142857142855,0.1999999999999993,1.6999999999999993,-4.030272108843537,13.033333333333333,12.842857142857143,-34.7,-3.2,-1.3619047619047615,1.1000000000000227,4.800000000000068,False,1.0,0.9000000000000021,4,7,3,False,False,False,False,False,False,False,True,False,0,-0.4564227264216472,1
2026-07-11,72,-0.03,0.02,67,66,86,67,66,76,80,55,81.0,13500,900,,,,,,,,,,,,29.6,21.4,24.4,86,1013.7,15.4,4.4,84.0,85.42857142857143,-17.0,-22.0,-7.0,-0.12666666666666662,-0.09285714285714278,0.11000000000000001,-0.09,-0.055034013605442175,-0.02666666666666657,0.02285714285714288,0.06,0.01,-0.052089041095890395,79.0,80.57142857142857,-19.0,-22.0,-8.710884353741491,84.66666666666667,77.42857142857143,-25.0,10.0,-5.829931972789112,92.0,92.71428571428571,-14.0,-9.0,1.9863945578231323,71.66666666666667,68.14285714285714,-14.0,-24.0,-11.323129251700678,85.33333333333333,87.85714285714286,-32.0,-34.0,-19.62925170068027,78.66666666666667,81.28571428571429,-1.0,-1.0,0.2346938775510239,90.33333333333333,95.42857142857143,-11.0,-20.0,18.085034013605444,71.33333333333333,74.85714285714286,-27.0,-39.0,-19.721088435374156,76.66666666666667,78.28571428571429,3.0,2.0,-5.53496503496504,6600.0,4757.142857142857,9900.0,8100.0,8556.122448979593,6000.0,8228.57142857143,-11700.0,-7200.0,-2638.7755102040815,,61.967032967032964,,,,,3.14642846348622,,,,,55.0,,,,,74.0,,,,,19.0,,,,,0.050775845039412314,,,,,,,,,,,,,,,,,,,,,,,,,,,,,29.433333333333337,29.414285714285715,-0.7999999999999972,2.200000000000003,12.878231292517007,21.799999999999997,21.985714285714288,-0.5,0.5,14.363265306122448,24.53333333333333,24.942857142857147,-0.7000000000000028,0.1999999999999993,12.74251700680272,87.66666666666667,85.28571428571429,2.0,2.0,20.323129251700678,1012.8000000000002,1013.9571428571428,1.900000000000091,-2.8999999999999773,-3.841156462584877,13.866666666666669,12.799999999999999,2.200000000000001,3.9000000000000004,-1.8302721088435359,14.033333333333333,13.042857142857144,2.9000000000000004,3.0000000000000004,1.5380952380952388,-1.900000000000091,-0.8000000000000682,False,0.7000000000000028,0.29999999999999716,5,7,3,False,False,False,False,False,False,False,True,False,0,-0.479299948695149,1
2026-07-12,95,-0.24,-0.15,94,99,81,94,100,79,98,100,80.0,900,6300,,,,,,,,,,,,27.4,20.9,23.7,83,1019.6,13.0,8.7,85.33333333333333,86.71428571428571,23.0,4.0,16.0,-0.13666666666666663,-0.1042857142857142,-0.21,-0.03,-0.26503401360544215,-0.05666666666666657,-0.008571428571428548,-0.16999999999999998,-0.09,-0.2220890410958904,82.33333333333333,82.0,27.0,10.0,18.28911564625851,85.33333333333333,80.14285714285714,33.0,2.0,27.17006802721089,89.0,91.42857142857143,-5.0,-9.0,-3.0136054421768677,80.66666666666667,78.14285714285714,27.0,27.0,15.676870748299322,88.0,87.85714285714286,34.0,8.0,14.370748299319729,77.33333333333333,80.14285714285714,3.0,-4.0,3.234693877551024,89.66666666666667,95.57142857142857,18.0,-2.0,36.085034013605444,79.0,76.14285714285714,45.0,23.0,25.278911564625844,79.66666666666667,78.28571428571429,-1.0,9.0,-6.53496503496504,6000.0,4371.428571428572,-12600.0,-1800.0,-4043.8775510204077,6600.0,8485.714285714286,5400.0,1800.0,2761.2244897959185,,61.967032967032964,,,,,3.14642846348622,,,,,55.0,,,,,74.0,,,,,19.0,,,,,0.050775845039412314,,,,,,,,,,,,,,,,,,,,,,,,,,,,,29.133333333333336,28.542857142857144,-2.200000000000003,-0.9000000000000021,10.678231292517005,21.399999999999995,21.628571428571426,-0.5,-1.2000000000000028,13.863265306122448,24.399999999999995,24.314285714285717,-0.6999999999999993,-0.40000000000000213,12.04251700680272,84.33333333333333,87.14285714285714,-3.0,-10.0,17.323129251700678,1015.0333333333334,1014.8999999999999,5.899999999999977,6.7000000000000455,2.0588435374151004,13.866666666666669,13.057142857142859,-2.4000000000000004,0.0,-4.230272108843536,4.866666666666666,13.485714285714286,4.299999999999999,-27.500000000000004,5.838095238095238,-5.899999999999977,-7.800000000000068,True,0.6999999999999993,1.4000000000000021,6,7,3,False,False,False,False,False,False,False,True,False,0,-0.4689514260427712,1
2026-07-13,85,-0.42,-0.17,80,75,81,99,91,70,91,73,78.0,2700,6300,,,,,,,,,,,,29.1,19.0,24.2,65,1022.4,9.5,0.0,84.0,87.0,-10.0,-4.0,6.0,-0.22999999999999995,-0.16142857142857134,-0.18,-0.27999999999999997,-0.44503401360544215,-0.09999999999999991,-0.04857142857142855,-0.020000000000000018,-0.13,-0.2420890410958904,80.33333333333333,81.71428571428571,-14.0,-6.0,4.289115646258509,80.0,79.28571428571429,-24.0,-16.0,3.1700680272108883,82.66666666666667,89.42857142857143,0.0,-19.0,-3.0136054421768677,86.66666666666667,79.28571428571429,5.0,18.0,20.676870748299322,85.66666666666667,87.57142857142857,-9.0,-7.0,5.370748299319729,75.0,78.28571428571429,-9.0,-7.0,-5.765306122448976,89.66666666666667,94.28571428571429,-7.0,0.0,29.085034013605444,76.0,77.0,-27.0,-9.0,-1.7210884353741562,79.66666666666667,78.57142857142857,-2.0,0.0,-8.53496503496504,5700.0,4757.142857142857,1800.0,-900.0,-2243.8775510204077,4500.0,5914.285714285715,0.0,-6300.0,2761.2244897959185,,,,,,,,,,,,,,,,,,,,,,,,,,,,,,,,,,,,,,,,,,,,,,,,,,,,,,,,28.700000000000006,28.514285714285712,1.7000000000000028,-1.2999999999999972,12.378231292517007,20.43333333333333,21.15714285714285,-1.8999999999999986,-2.8999999999999986,11.96326530612245,24.099999999999994,24.285714285714285,0.5,-0.9000000000000021,12.54251700680272,78.0,83.28571428571429,-18.0,-19.0,-0.6768707482993221,1018.566666666667,1016.0714285714286,2.7999999999999545,10.600000000000023,4.858843537415055,12.633333333333338,12.442857142857141,-3.5,-3.6999999999999993,-7.730272108843536,4.366666666666666,8.12857142857143,-8.7,-1.5,-2.8619047619047615,-2.7999999999999545,-8.699999999999932,False,0.5,0.1999999999999993,0,7,3,False,False,False,False,False,False,False,True,False,0,-0.40148329494675405,0
2026-07-14,94,0.16,0.05,89,94,95,70,99,86,100,87,78.0,900,15300,,,,,,,,,,,,33.1,19.0,26.2,67,1019.9,10.0,0.0,91.33333333333333,88.57142857142857,9.0,22.0,15.0,-0.1666666666666666,-0.11714285714285706,0.58,0.19,0.1349659863945578,-0.08999999999999991,-0.04857142857142855,0.22000000000000003,0.030000000000000002,-0.022089041095890397,87.66666666666667,84.14285714285714,9.0,22.0,13.289115646258509,89.33333333333333,82.57142857142857,19.0,28.0,22.17006802721089,85.66666666666667,89.71428571428571,14.0,9.0,10.986394557823132,87.66666666666667,81.28571428571429,-29.0,3.0,-8.323129251700678,96.66666666666667,92.28571428571429,8.0,33.0,13.370748299319729,78.33333333333333,78.28571428571429,16.0,10.0,10.234693877551024,96.33333333333333,94.28571428571429,9.0,20.0,38.085034013605444,86.66666666666667,81.14285714285714,14.0,32.0,12.278911564625844,78.66666666666667,77.85714285714286,0.0,-3.0,-8.53496503496504,1500.0,4242.857142857143,-1800.0,-12600.0,-4043.8775510204077,9300.0,7714.285714285715,9000.0,14400.0,11761.224489795919,,,,,,,,,,,,,,,,,,,,,,,,,,,,,,,,,,,,,,,,,,,,,,,,,,,,,,,,29.866666666666674,29.328571428571426,4.0,3.5,16.378231292517007,19.63333333333333,20.74285714285714,0.0,-2.3999999999999986,11.96326530612245,24.699999999999992,24.557142857142857,2.0,1.8000000000000007,14.54251700680272,71.66666666666667,80.28571428571429,2.0,-19.0,1.3231292517006779,1020.6333333333336,1016.6999999999999,-2.5,6.199999999999932,2.358843537415055,10.833333333333337,12.228571428571428,0.5,-5.4,-7.230272108843536,2.9,7.457142857142857,0.0,-4.4,-2.8619047619047615,2.5,-0.2999999999999545,False,2.0,2.5,1,7,3,False,False,False,False,False,False,False,True,False,0,-0.4397048853943782,0
2026-07-15,96,-0.1,-0.17,89,93,93,62,97,86,99,90,73.0,1800,3600,,,,,,,,,,,,35.9,23.1,29.2,63,1014.7,12.5,0.0,91.66666666666667,88.85714285714286,2.0,1.0,17.0,-0.11999999999999994,-0.1399999999999999,-0.26,0.13999999999999999,-0.1250340136054422,-0.09666666666666657,-0.07428571428571426,-0.22000000000000003,-0.020000000000000018,-0.2420890410958904,86.0,84.14285714285714,0.0,-5.0,13.289115646258509,87.33333333333333,87.85714285714286,-1.0,-6.0,21.17006802721089,89.66666666666667,89.42857142857143,-2.0,12.0,8.986394557823132,77.0,77.14285714285714,-8.0,-32.0,-16.323129251700678,95.66666666666667,91.85714285714286,-2.0,-3.0,11.370748299319729,80.66666666666667,79.57142857142857,0.0,7.0,10.234693877551024,96.66666666666667,94.14285714285714,-1.0,1.0,37.085034013605444,83.33333333333333,80.57142857142857,3.0,-10.0,15.278911564625844,76.33333333333333,77.0,-5.0,-7.0,-13.53496503496504,1800.0,3728.5714285714284,900.0,900.0,-3143.8775510204077,8400.0,7071.428571428572,-11700.0,-2700.0,61.224489795918544,,,,,,,,,,,,,,,,,,,,,,,,,,,,,,,,,,,,,,,,,,,,,,,,,,,,,,,,32.70000000000001,30.542857142857144,2.799999999999997,8.5,19.178231292517005,20.366666666666664,21.057142857142857,4.100000000000001,2.200000000000003,16.063265306122453,26.533333333333328,25.271428571428572,3.0,5.5,17.54251700680272,65.0,77.28571428571429,-4.0,-20.0,-2.676870748299322,1019.0000000000001,1016.4285714285714,-5.199999999999932,-4.899999999999977,-2.841156462584877,10.666666666666671,12.37142857142857,2.5,-0.5,-4.730272108843536,0.0,7.257142857142858,0.0,-8.7,-2.8619047619047615,5.199999999999932,7.699999999999932,True,3.0,5.0,2,7,3,False,False,False,False,False,False,False,True,True,0,-0.42482166950208333,0
2026-07-16,95,-0.2,-0.17,83,52,95,81,97,69,100,87,71.0,2700,6300,,,,,,,,,,,,35.5,25.8,30.2,65,1013.5,12.9,0.3,95.0,89.42857142857143,-1.0,10.0,16.0,-0.046666666666666634,-0.13857142857142848,-0.1,0.21999999999999997,-0.22503401360544217,-0.09666666666666657,-0.08999999999999998,0.0,0.0,-0.2420890410958904,87.0,84.0,-6.0,3.0,7.289115646258509,79.66666666666667,81.42857142857143,-41.0,-23.0,-19.82993197278911,94.33333333333333,90.14285714285714,2.0,14.0,10.986394557823132,71.0,79.14285714285714,19.0,-18.0,2.676870748299322,97.66666666666667,92.57142857142857,0.0,6.0,11.370748299319729,80.33333333333333,77.57142857142857,-17.0,-1.0,-6.765306122448976,99.66666666666667,94.14285714285714,1.0,9.0,38.085034013605444,88.0,82.0,-3.0,14.0,12.278911564625844,74.0,77.0,-2.0,-7.0,-15.53496503496504,1800.0,3728.5714285714284,900.0,0.0,-2243.8775510204077,8400.0,7328.571428571428,2700.0,0.0,2761.2244897959185,,,,,,,,,,,,,,,,,,,,,,,,,,,,,,,,,,,,,,,,,,,,,,,,,,,,,,,,34.83333333333334,31.571428571428573,-0.3999999999999986,6.399999999999999,18.778231292517006,22.63333333333333,21.585714285714285,2.6999999999999993,6.800000000000001,18.76326530612245,28.533333333333328,26.142857142857142,1.0,6.0,18.54251700680272,65.0,73.28571428571429,2.0,0.0,-0.6768707482993221,1016.0333333333334,1016.5142857142857,-1.2000000000000455,-8.899999999999977,-4.041156462584922,11.800000000000004,12.357142857142858,0.40000000000000036,3.4000000000000004,-4.330272108843536,0.09999999999999999,2.1285714285714286,0.3,0.3,-2.5619047619047617,1.2000000000000455,6.399999999999977,False,1.0,4.0,3,7,3,False,False,False,False,False,False,False,True,False,0,-0.42400255500942396,0
2026-07-17,88,0.04,0.1,77,56,93,70,79,77,100,73,61.0,6300,4500,,,,,,,,,,,,33.1,23.1,28.1,51,1016.9,10.5,0.0,93.0,89.28571428571429,-7.0,-6.0,9.0,-0.08666666666666666,-0.11285714285714277,0.24000000000000002,-0.12,0.014965986394557824,-0.0799999999999999,-0.06999999999999998,0.27,0.05,0.027910958904109606,83.0,82.71428571428571,-6.0,-12.0,1.2891156462585087,67.0,76.42857142857143,4.0,-38.0,-15.829931972789112,93.66666666666667,89.14285714285714,-2.0,-2.0,8.986394557823132,71.0,77.57142857142857,-11.0,0.0,-8.323129251700678,91.0,89.85714285714286,-18.0,-20.0,-6.629251700680271,77.33333333333333,77.57142857142857,8.0,-9.0,1.2346938775510239,99.66666666666667,95.42857142857143,0.0,0.0,38.085034013605444,83.33333333333333,80.71428571428571,-14.0,-14.0,-1.7210884353741562,68.33333333333333,74.57142857142857,-10.0,-17.0,-25.53496503496504,3600.0,4114.285714285715,3600.0,5400.0,1356.1224489795923,4800.0,6171.428571428572,-1800.0,-10800.0,961.2244897959185,,,,,,,,,,,,,,,,,,,,,,,,,,,,,,,,,,,,,,,,,,,,,,,,,,,,,,,,34.833333333333336,31.957142857142856,-2.3999999999999986,0.0,16.378231292517007,24.0,21.75714285714286,-2.6999999999999993,4.100000000000001,16.063265306122453,29.16666666666666,26.571428571428573,-2.099999999999998,1.9000000000000021,16.442517006802724,59.666666666666664,68.57142857142857,-14.0,-16.0,-14.676870748299322,1015.0333333333334,1017.2428571428571,3.3999999999999773,-3.0,-0.6411564625849451,11.96666666666667,11.971428571428573,-2.4000000000000004,0.5,-6.730272108843536,0.09999999999999999,1.9142857142857144,-0.3,0.0,-2.8619047619047615,-3.3999999999999773,-2.199999999999932,False,2.099999999999998,1.0999999999999979,4,7,3,False,False,False,False,False,False,False,True,False,0,-0.4274475949693225,0
2026-07-18,75,-0.38,-0.18,55,51,97,91,42,79,58,27,58.0,10800,900,,,,,,,,,,,,32.8,22.4,26.5,81,1012.1,22.3,16.1,86.0,89.71428571428571,-13.0,-21.0,-4.0,-0.17999999999999997,-0.16285714285714278,-0.42,-0.28,-0.40503401360544217,-0.08333333333333325,-0.09857142857142856,-0.28,-0.009999999999999981,-0.25208904109589036,71.66666666666667,81.0,-22.0,-34.0,-20.71088435374149,53.0,74.28571428571429,-5.0,-42.0,-20.82993197278911,95.0,90.71428571428571,4.0,4.0,12.986394557823132,80.66666666666667,81.0,21.0,29.0,12.676870748299322,72.66666666666667,86.42857142857143,-37.0,-55.0,-43.62925170068027,75.0,78.0,2.0,-7.0,3.234693877551024,86.0,92.28571428571429,-42.0,-41.0,-3.914965986394556,62.333333333333336,76.71428571428571,-46.0,-63.0,-47.721088435374156,63.333333333333336,71.28571428571429,-3.0,-15.0,-28.53496503496504,6600.0,3728.5714285714284,4500.0,9000.0,5856.122448979592,3900.0,6171.428571428572,-3600.0,-2700.0,-2638.7755102040815,,,,,,,,,,,,,,,,,,,,,,,,,,,,,,,,,,,,,,,,,,,,,,,,,,,,,,,,33.800000000000004,32.41428571428572,-0.30000000000000426,-3.1000000000000014,16.078231292517003,23.766666666666666,21.9,-0.7000000000000028,-0.7000000000000028,15.363265306122448,28.266666666666662,26.871428571428574,-1.6000000000000014,-2.6999999999999993,14.842517006802721,65.66666666666667,67.85714285714286,30.0,18.0,15.323129251700678,1014.1666666666669,1017.0142857142857,-4.7999999999999545,-2.6000000000000227,-5.4411564625849,15.23333333333334,12.957142857142857,11.8,9.8,5.0697278911564645,5.466666666666668,3.585714285714286,16.1,16.1,13.23809523809524,4.7999999999999545,1.3999999999999773,False,1.6000000000000014,3.6999999999999993,5,7,3,False,False,False,False,False,False,False,True,False,0,-0.47584620729660904,1
2026-07-19,93,-0.01,-0.03,94,96,86,94,100,80,100,98,63.0,12600,1800,,,,,,,,,,,,29.7,21.9,25.9,72,1010.8,14.4,1.8,85.33333333333333,89.42857142857143,18.0,-2.0,14.0,-0.11666666666666664,-0.12999999999999992,0.37,0.19,-0.03503401360544218,-0.03666666666666657,-0.0814285714285714,0.15,0.14,-0.1020890410958904,75.33333333333333,81.0,39.0,11.0,18.28911564625851,67.66666666666667,73.85714285714286,45.0,44.0,24.17006802721089,92.0,91.42857142857143,-11.0,-9.0,1.9863945578231323,85.0,81.0,3.0,13.0,15.676870748299322,73.66666666666667,86.42857142857143,58.0,3.0,14.370748299319729,78.66666666666667,78.14285714285714,1.0,11.0,4.234693877551024,86.0,92.57142857142857,42.0,0.0,38.085034013605444,66.0,76.42857142857143,71.0,11.0,23.278911564625844,60.666666666666664,68.85714285714286,5.0,-8.0,-23.53496503496504,9900.0,5400.0,1800.0,9900.0,7656.122448979592,2400.0,5528.571428571428,900.0,-4500.0,-1738.7755102040815,,,,,,,,,,,,,,,,,,,,,,,,,,,,,,,,,,,,,,,,,,,,,,,,,,,,,,,,31.86666666666667,32.74285714285714,-3.099999999999998,-5.800000000000001,12.978231292517005,22.466666666666665,22.04285714285714,-0.5,-3.900000000000002,14.863265306122448,26.83333333333333,27.185714285714283,-0.6000000000000014,-4.300000000000001,14.24251700680272,68.0,66.28571428571429,-9.0,7.0,6.323129251700678,1013.2666666666668,1015.7571428571428,-1.3000000000000682,-2.7000000000000455,-6.741156462584968,15.733333333333336,13.157142857142857,-7.9,1.5,-2.830272108843536,5.966666666666668,2.6000000000000005,-14.3,1.5,-1.0619047619047615,1.3000000000000682,6.100000000000023,False,0.6000000000000014,2.200000000000003,6,7,3,False,False,False,False,False,False,False,True,False,0,-0.45451416769948794,1
2026-07-20,90,-0.08,-0.04,92,75,96,83,100,81,100,98,53.0,1800,10800,,,,,,,,,,,,28.4,19.1,24.0,64,1014.6,12.7,0.0,86.0,90.14285714285714,-3.0,2.0,11.0,-0.15666666666666662,-0.08142857142857134,-0.07,-0.12,-0.10503401360544218,-0.08333333333333325,-0.06285714285714283,-0.010000000000000002,-0.14,-0.11208904109589041,80.33333333333333,82.71428571428571,-2.0,15.0,16.28911564625851,74.0,73.85714285714286,-21.0,19.0,3.1700680272108883,93.0,93.57142857142857,10.0,3.0,11.986394557823132,89.33333333333333,78.71428571428571,-11.0,13.0,4.676870748299322,80.66666666666667,87.71428571428571,0.0,21.0,14.370748299319729,80.0,79.71428571428571,1.0,4.0,5.234693877551024,86.0,93.85714285714286,0.0,0.0,38.085034013605444,74.33333333333333,80.0,0.0,25.0,23.278911564625844,58.0,65.28571428571429,-10.0,-8.0,-33.53496503496504,8400.0,5271.428571428572,-10800.0,-4500.0,-3143.8775510204077,4500.0,6171.428571428572,9000.0,6300.0,7261.224489795919,,,,,,,,,,,,,,,,,,,,,,,,,,,,,,,,,,,,,,,,,,,,,,,,,,,,,,,,30.3,32.642857142857146,-1.3000000000000007,-4.700000000000003,11.678231292517005,21.13333333333333,22.057142857142857,-2.799999999999997,-4.0,12.063265306122451,25.466666666666665,27.157142857142855,-1.8999999999999986,-4.100000000000001,12.342517006802721,72.33333333333333,66.14285714285714,-8.0,13.0,-1.6768707482993221,1012.5000000000001,1014.6428571428571,3.800000000000068,-2.2999999999999545,-2.9411564625848996,16.466666666666672,13.614285714285714,-1.700000000000001,2.1999999999999993,-4.530272108843537,5.966666666666668,2.6000000000000005,-1.8,0.0,-2.8619047619047615,-3.800000000000068,-2.5,False,1.8999999999999986,2.5,0,7,3,False,False,False,False,False,False,False,True,False,0,-0.42648853842373347,0
2026-07-21,93,0.1,-0.07,87,95,98,72,95,86,100,81,62.0,14400,2700,,,,,,,,,,,,32.6,22.9,25.4,85,1009.1,15.7,12.4,92.0,90.0,3.0,18.0,14.0,0.0033333333333333734,-0.08999999999999993,0.18,0.48,0.07496598639455783,-0.04666666666666658,-0.07999999999999997,-0.030000000000000006,0.10999999999999999,-0.1420890410958904,91.0,82.42857142857143,-5.0,32.0,11.289115646258509,88.66666666666667,74.0,20.0,44.0,23.17006802721089,93.33333333333333,94.0,2.0,1.0,13.986394557823132,83.0,79.0,-11.0,-19.0,-6.323129251700678,98.33333333333333,87.14285714285714,-5.0,53.0,9.370748299319729,82.33333333333333,79.71428571428571,5.0,7.0,10.234693877551024,100.0,93.85714285714286,0.0,42.0,38.085034013605444,92.33333333333333,79.14285714285714,-17.0,54.0,6.278911564625844,59.333333333333336,63.0,9.0,4.0,-24.53496503496504,9600.0,7200.0,12600.0,3600.0,9456.122448979593,5100.0,4371.428571428572,-8100.0,1800.0,-838.7755102040815,,,,,,,,,,,,,,,,,,,,,,,,,,,,,,,,,,,,,,,,,,,,,,,,,,,,,,,,30.233333333333338,32.57142857142857,4.200000000000003,-0.19999999999999574,15.878231292517007,21.299999999999997,22.61428571428571,3.799999999999997,0.5,15.863265306122448,25.099999999999994,27.042857142857144,1.3999999999999986,-1.1000000000000014,13.74251700680272,73.66666666666667,68.71428571428571,21.0,4.0,19.323129251700678,1011.5000000000001,1013.1000000000001,-5.5,-3.0,-8.4411564625849,14.266666666666671,14.428571428571429,3.0,-6.600000000000001,-1.530272108843537,4.733333333333333,4.371428571428572,12.4,-3.700000000000001,9.538095238095238,5.5,1.6999999999999318,True,1.3999999999999986,0.5,1,7,3,False,False,False,False,False,False,False,True,True,0,-0.46481065133692917,1
2026-07-22,73,0.14,0.07,67,74,95,86,53,69,72,53,75.0,14400,900,,,,,,,,,,,,30.6,21.4,25.6,74,1009.5,18.6,6.2,85.33333333333333,86.71428571428571,-20.0,-20.0,-6.0,0.05333333333333338,-0.05571428571428562,0.04000000000000001,0.15000000000000002,0.11496598639455784,-0.013333333333333244,-0.04571428571428569,0.14,0.1,-0.0020890410958903927,82.0,79.28571428571429,-20.0,-27.0,-8.710884353741491,81.33333333333333,71.28571428571429,-21.0,-22.0,2.1700680272108883,96.33333333333333,94.28571428571429,-3.0,9.0,10.986394557823132,80.33333333333333,82.42857142857143,14.0,-8.0,7.676870748299322,82.66666666666667,80.85714285714286,-42.0,-47.0,-32.62925170068027,78.66666666666667,77.28571428571429,-17.0,-11.0,-6.765306122448976,90.66666666666667,90.0,-28.0,-28.0,10.085034013605444,77.33333333333333,73.85714285714286,-28.0,-45.0,-21.721088435374156,63.333333333333336,63.285714285714285,13.0,12.0,-11.53496503496504,10200.0,9000.0,0.0,1800.0,9456.122448979593,4800.0,3985.714285714286,-1800.0,-900.0,-2638.7755102040815,,,,,,,,,,,,,,,,,,,,,,,,,,,,,,,,,,,,,,,,,,,,,,,,,,,,,,,,30.533333333333342,31.814285714285713,-2.0,0.9000000000000021,13.878231292517007,21.13333333333333,22.37142857142857,-1.5,-0.5,14.363265306122448,24.999999999999996,26.52857142857143,0.20000000000000284,-0.29999999999999716,13.942517006802722,74.33333333333333,70.28571428571429,-11.0,2.0,8.323129251700678,1011.066666666667,1012.3571428571429,0.39999999999997726,-1.2999999999999545,-8.041156462584922,15.666666666666671,15.299999999999999,2.900000000000002,4.200000000000001,1.3697278911564652,6.2,5.257142857142858,-6.2,4.4,3.3380952380952387,-0.39999999999997726,5.100000000000023,False,0.20000000000000284,1.6000000000000014,2,7,3,False,False,False,False,False,False,False,True,False,0,-0.4446821071374188,0
2026-07-23,81,-0.19,-0.04,84,96,96,97,80,69,100,75,75.0,9900,0,,,,,,,,,,,,26.5,18.1,22.4,57,1019.7,11.6,0.0,82.33333333333333,84.71428571428571,8.0,-9.0,2.0,0.01666666666666672,-0.0542857142857142,-0.33,-0.11,-0.21503401360544216,-0.013333333333333244,-0.027142857142857118,-0.11000000000000001,0.0,-0.11208904109589041,79.33333333333333,79.42857142857143,17.0,-8.0,8.289115646258509,88.33333333333333,77.57142857142857,22.0,21.0,24.17006802721089,96.33333333333333,94.42857142857143,1.0,0.0,11.986394557823132,85.0,84.71428571428571,11.0,14.0,18.676870748299322,76.0,78.42857142857143,27.0,-20.0,-5.629251700680271,74.66666666666667,77.28571428571429,0.0,-12.0,-6.765306122448976,90.66666666666667,90.0,28.0,0.0,38.085034013605444,69.66666666666667,72.14285714285714,22.0,-23.0,0.27891156462584377,70.66666666666667,63.857142857142854,0.0,22.0,-11.53496503496504,12900.0,10028.57142857143,-4500.0,8100.0,4956.122448979592,1200.0,3085.714285714286,-900.0,-10800.0,-3538.7755102040815,,,,,,,,,,,,,,,,,,,,,,,,,,,,,,,,,,,,,,,,,,,,,,,,,,,,,,,,29.900000000000006,30.52857142857143,-4.100000000000001,-1.8999999999999986,9.778231292517006,20.799999999999997,21.271428571428572,-3.299999999999997,-1.0,11.063265306122451,24.466666666666658,25.414285714285715,-3.200000000000003,-1.6000000000000014,10.74251700680272,72.0,69.14285714285714,-17.0,-7.0,-8.676870748299322,1012.7666666666669,1013.2428571428571,10.200000000000045,5.100000000000023,2.158843537415123,15.300000000000004,15.114285714285714,-7.000000000000002,-1.0999999999999996,-5.630272108843537,6.2,5.214285714285715,-6.2,0.0,-2.8619047619047615,-10.200000000000045,-10.600000000000023,True,3.200000000000003,3.0,3,7,3,False,False,False,False,False,False,False,True,False,0,-0.4423778965552736,0
2026-07-24,79,-0.16,0.04,82,96,83,91,95,68,100,71,75.0,8100,2700,,,,,,,,,,,,26.5,17.0,22.1,63,1021.8,11.0,0.0,77.66666666666667,83.42857142857143,-2.0,-14.0,0.0,-0.06999999999999995,-0.08285714285714277,0.03,-0.26,-0.1850340136054422,0.023333333333333428,-0.035714285714285685,0.08,0.11000000000000001,-0.0320890410958904,77.66666666666667,80.14285714285714,-2.0,-5.0,6.289115646258509,88.66666666666667,83.28571428571429,0.0,1.0,24.17006802721089,91.33333333333333,93.0,-13.0,-15.0,-1.0136054421768677,91.33333333333333,87.71428571428571,-6.0,19.0,12.676870748299322,76.0,80.71428571428571,15.0,0.0,9.370748299319729,68.66666666666667,76.0,-1.0,-18.0,-7.765306122448976,90.66666666666667,90.0,0.0,0.0,38.085034013605444,66.33333333333333,71.85714285714286,-4.0,-10.0,-3.7210884353741562,75.0,65.85714285714286,0.0,13.0,-11.53496503496504,10800.0,10285.714285714286,-1800.0,-6300.0,3156.1224489795923,1200.0,2828.5714285714284,2700.0,0.0,-838.7755102040815,,,,,,,,,,,,,,,,,,,,,,,,,,,,,,,,,,,,,,,,,,,,,,,,,,,,,,,,27.866666666666674,29.585714285714285,0.0,-6.100000000000001,9.778231292517006,18.83333333333333,20.400000000000002,-1.1000000000000014,-5.899999999999999,9.96326530612245,23.366666666666664,24.557142857142857,-0.29999999999999716,-3.299999999999997,10.442517006802722,64.66666666666667,70.85714285714286,6.0,-22.0,-2.676870748299322,1017.0000000000001,1013.9428571428572,2.099999999999909,12.699999999999932,4.258843537415032,13.73333333333334,15.185714285714287,-0.5999999999999996,-4.699999999999999,-6.230272108843536,2.066666666666667,5.214285714285715,0.0,-12.4,-2.8619047619047615,-2.099999999999909,-12.299999999999955,False,0.29999999999999716,3.5,4,7,3,False,False,False,False,False,False,False,True,False,0,-0.4153690889413125,0
2026-07-25,87,-0.07,0.03,80,76,88,22,100,97,77,82,79.0,4500,5400,,,,,,,,,,,,26.2,19.2,22.2,68,1018.4,9.3,0.0,82.33333333333333,85.14285714285714,8.0,14.0,8.0,-0.13999999999999999,-0.03857142857142848,0.09,-0.21000000000000002,-0.09503401360544218,0.01000000000000009,-0.005714285714285692,-0.010000000000000002,-0.04000000000000001,-0.0420890410958904,82.0,83.71428571428571,-2.0,13.0,4.289115646258509,89.33333333333333,86.85714285714286,-20.0,2.0,4.170068027210888,89.0,91.71428571428571,5.0,-7.0,3.9863945578231323,70.0,77.85714285714286,-69.0,-64.0,-56.32312925170068,91.66666666666667,89.0,5.0,47.0,14.370748299319729,78.0,78.57142857142857,29.0,28.0,21.234693877551024,92.33333333333333,92.71428571428571,-23.0,5.0,15.085034013605444,76.0,79.71428571428571,11.0,29.0,7.278911564625844,76.33333333333333,68.85714285714286,4.0,4.0,-7.53496503496504,7500.0,9385.714285714286,-3600.0,-9900.0,-443.87755102040774,2700.0,3471.4285714285716,2700.0,4500.0,1861.2244897959185,,,,,,,,,,,,,,,,,,,,,,,,,,,,,,,,,,,,,,,,,,,,,,,,,,,,,,,,26.400000000000006,28.642857142857142,-0.3000000000000007,-4.400000000000002,9.478231292517005,18.099999999999998,19.942857142857143,2.1999999999999993,-2.1999999999999993,12.16326530612245,22.23333333333333,23.942857142857147,0.09999999999999787,-3.400000000000002,10.54251700680272,62.666666666666664,69.0,5.0,-6.0,2.323129251700678,1019.9666666666668,1014.842857142857,-3.3999999999999773,8.899999999999977,0.8588435374150549,10.633333333333338,13.328571428571427,-1.6999999999999993,-9.3,-7.9302721088435355,0.0,2.9142857142857146,0.0,-6.2,-2.8619047619047615,3.3999999999999773,1.3000000000000682,False,0.09999999999999787,0.1999999999999993,5,7,3,False,False,False,False,False,False,False,True,False,0,-0.4101311671278259,0
2026-07-26,84,0.28,0.04,84,84,93,81,99,76,78,84,80.0,3600,1800,,,,,,,,,,,,28.6,18.8,22.9,75,1012.9,11.1,6.9,83.33333333333333,83.85714285714286,-3.0,3.0,5.0,0.0166666666666667,0.0028571428571429547,0.35000000000000003,0.47000000000000003,0.25496598639455786,0.03666666666666676,0.0042857142857143085,0.010000000000000002,0.08,-0.0320890410958904,82.0,82.28571428571429,4.0,0.0,8.289115646258509,85.33333333333333,85.14285714285714,8.0,-12.0,12.170068027210888,88.0,92.71428571428571,5.0,-3.0,8.986394557823132,64.66666666666667,76.0,59.0,-16.0,2.676870748299322,98.0,88.85714285714286,-1.0,19.0,13.370748299319729,80.33333333333333,78.0,-21.0,7.0,0.2346938775510239,85.0,89.57142857142857,1.0,-22.0,16.085034013605444,79.0,77.71428571428571,2.0,9.0,9.278911564625844,78.0,71.28571428571429,1.0,5.0,-6.53496503496504,5400.0,8100.0,-900.0,-6300.0,-1343.8775510204077,3300.0,3471.4285714285716,-3600.0,1800.0,-1738.7755102040815,,,,,,,,,,,,,,,,,,,,,,,,,,,,,,,,,,,,,,,,,,,,,,,,,,,,,,,,27.100000000000005,28.485714285714288,2.400000000000002,2.1000000000000014,11.878231292517007,18.33333333333333,19.5,-0.3999999999999986,0.6999999999999993,11.76326530612245,22.399999999999995,23.514285714285716,0.6999999999999993,0.5,11.24251700680272,68.66666666666667,69.42857142857143,7.0,18.0,9.323129251700678,1017.7000000000002,1015.1428571428571,-5.5,-6.800000000000068,-4.641156462584945,10.46666666666667,12.857142857142858,1.799999999999999,-0.5,-6.130272108843537,2.3000000000000003,3.642857142857143,6.9,6.9,4.038095238095239,5.5,8.899999999999977,True,0.6999999999999993,0.7999999999999972,6,7,3,False,False,False,False,False,False,False,True,True,0,-0.39752712133764023,0
2026-07-27,81,-0.04,-0.05,73,96,83,37,68,72,100,67,77.0,8100,0,,,,,,,,,,,,30.8,19.2,24.5,75,1010.0,8.6,1.1,84.0,82.57142857142857,-3.0,2.0,2.0,0.0566666666666667,0.008571428571428667,-0.32,0.12,-0.06503401360544217,0.006666666666666754,0.0028571428571428797,-0.09,-0.09,-0.1220890410958904,79.0,79.57142857142857,-11.0,-9.0,-2.7108843537414913,85.33333333333333,88.14285714285714,12.0,0.0,24.17006802721089,88.0,90.85714285714286,-10.0,0.0,-1.0136054421768677,46.666666666666664,69.42857142857143,-44.0,-54.0,-41.32312925170068,89.0,84.28571428571429,-31.0,-27.0,-17.62925170068027,81.66666666666667,76.71428571428571,-4.0,4.0,-3.765306122448976,85.0,89.57142857142857,22.0,0.0,38.085034013605444,77.66666666666667,73.28571428571429,-17.0,-4.0,-7.721088435374156,78.66666666666667,74.71428571428571,-3.0,2.0,-9.53496503496504,5400.0,9000.0,4500.0,0.0,3156.1224489795923,2400.0,1928.5714285714287,-1800.0,-2700.0,-3538.7755102040815,,,,,,,,,,,,,,,,,,,,,,,,,,,,,,,,,,,,,,,,,,,,,,,,,,,,,,,,28.533333333333342,28.82857142857143,2.1999999999999993,4.300000000000001,14.078231292517007,19.066666666666663,19.514285714285712,0.3999999999999986,2.1999999999999993,12.16326530612245,23.199999999999992,23.58571428571429,1.6000000000000014,2.3999999999999986,12.842517006802721,72.66666666666667,71.0,0.0,12.0,9.323129251700678,1013.7666666666668,1014.4857142857143,-2.8999999999999773,-11.799999999999955,-7.541156462584922,9.666666666666671,12.271428571428572,-2.5,-2.4000000000000004,-8.630272108843537,2.6666666666666665,3.8000000000000003,-5.800000000000001,1.1,-1.7619047619047614,2.8999999999999773,8.399999999999977,False,1.6000000000000014,2.3000000000000007,0,7,3,False,False,False,False,False,False,False,True,False,0,-0.4089622429816878,0
2026-07-28,79,0.0,0.06,74,66,90,78,78,69,100,63,73.0,3600,900,,,,,,,93.0464135021097,123.0,61.0,15.096590026163677,193.0,29.9,20.7,23.7,86,1004.6,14.1,13.1,81.33333333333333,80.57142857142857,-2.0,-8.0,0.0,0.08000000000000003,-0.005714285714285619,0.04,0.07,-0.025034013605442176,0.016666666666666757,0.021428571428571453,0.11,0.03,-0.012089041095890402,77.0,77.71428571428571,1.0,-6.0,-1.7108843537414913,82.0,84.0,-30.0,-10.0,-5.829931972789112,88.66666666666667,89.71428571428571,7.0,2.0,5.986394557823132,65.33333333333333,70.28571428571429,41.0,56.0,-0.32312925170067786,81.66666666666667,81.85714285714286,10.0,-22.0,-7.629251700680271,72.33333333333333,74.28571428571429,-3.0,-28.0,-6.765306122448976,92.66666666666667,89.57142857142857,0.0,23.0,38.085034013605444,71.33333333333333,70.71428571428571,-4.0,-19.0,-11.721088435374156,76.66666666666667,76.28571428571429,-4.0,-6.0,-13.53496503496504,5100.0,7457.142857142857,-4500.0,-900.0,-1343.8775510204077,900.0,1671.4285714285713,900.0,-4500.0,-2638.7755102040815,,,,,,,,,,,,,,,,,,,,,,,,,,,,,,,93.0464135021097,93.0464135021097,,,0.0,123.0,123.0,,,0.0,61.0,61.0,,,0.0,15.096590026163677,15.096590026163677,,,0.0,193.0,193.0,,,0.0,29.76666666666667,28.442857142857143,-0.9000000000000021,3.6999999999999993,13.178231292517005,19.566666666666663,19.2,1.5,1.5,13.66326530612245,23.699999999999992,23.342857142857145,-0.8000000000000007,1.5,12.04251700680272,78.66666666666667,71.14285714285714,11.0,18.0,20.323129251700678,1009.1666666666669,1013.842857142857,-5.399999999999977,-13.799999999999955,-12.9411564625849,11.266666666666671,12.042857142857143,5.5,4.799999999999999,-3.1302721088435366,7.033333333333334,3.9,12.0,13.1,10.238095238095237,5.399999999999977,8.299999999999955,True,0.8000000000000007,0.8000000000000007,1,7,3,False,True,False,False,False,False,False,True,True,0,-0.4031646189815854,0
